patient_id,triage_acuity
TG-FZUFCRZS3,2
TG-SSCOXTYI1,3
TG-JY74ZR35D,2
TG-JDKD5G62X,5
TG-J1BSAAXR0,5
TG-5YERUAA5X,4
TG-IVU18ZJCF,2
TG-K5XYMWTCG,2
TG-RCAR2TLEI,4
TG-YNDUR0KGO,4
TG-RGXOOHEOV,4
TG-XEEI4W56U,5
TG-LUOIRZPBU,2
TG-Q80PPRBY3,2
TG-ENHAI6G21,3
TG-TL83Y8ORG,3
TG-9P2YFG48W,2
TG-KLDMTJ2B7,3
TG-6EZKURUJC,3
TG-X3VBOFK5R,3
TG-2OX71YT54,4
TG-SP8X9987B,2
TG-CMA8AQWL3,3
TG-MH9Y19M0T,5
TG-18QO6KCNU,3
TG-QM2NRM3FU,3
TG-4J5VUUKTL,3
TG-AM5QL9OP6,4
TG-LM5J1YDH3,3
TG-9C5J1LI8W,5
TG-VN05LV735,2
TG-F9Q3NL8CS,3
TG-NQXCOY4P0,2
TG-YX1A5IQFH,3
TG-OTMVYWH3H,4
TG-J9DXLIJQH,5
TG-BDH27N336,3
TG-M5JBFOWEV,2
TG-V8K6WHXJZ,2
TG-3O9DP06W4,4
TG-15N05W3S8,3
TG-IJYEO60X5,4
TG-2XAC1JK8C,5
TG-M0WFMUTYE,5
TG-TYOIYOPWZ,2
TG-5AGZ6KSO3,5
TG-M1FPD6JKY,3
TG-3NUOFLNTZ,3
TG-J8AZ8227E,3
TG-5SWMD5D8M,4
TG-FW9H7GGCA,2
TG-S4M5AUAGX,4
TG-N53Q5VK0E,2
TG-K50R946LT,3
TG-75EW28X78,3
TG-8QU3J0F70,4
TG-W6M60ID3O,4
TG-WFBG0C17R,3
TG-1OYOQ54FG,5
TG-YNBIIDUCW,5
TG-YD4IRBKX6,4
TG-9SDMK1PO6,5
TG-M01LOLRXB,1
TG-MYM12WKAL,5
TG-YFOS1L2EF,3
TG-4BLCLE2DH,5
TG-YAE68OGY0,4
TG-L66EI5ADS,3
TG-HD2P5EB9A,5
TG-8OWTZ3Q8O,5
TG-JNF397COA,3
TG-8VIH0G1B0,2
TG-7WOALQR8B,4
TG-H1YWEJL9S,5
TG-KTLY9SHTH,1
TG-IF7TZR2P2,2
TG-5YAIMANFF,5
TG-U53UN891G,1
TG-2OM67R2BB,3
TG-BWMF7APBA,3
TG-KQPDW0UYX,4
TG-600G950T4,5
TG-ST6D93H4B,3
TG-CNL1F32BB,4
TG-G89LUIHDX,2
TG-77JFDBR5O,3
TG-TKTPPEHI1,3
TG-3AE95P9HV,3
TG-X7W0TGUR3,1
TG-DQKWDX008,2
TG-LOOKKWW8A,4
TG-0PCYE1RNB,2
TG-1OHNPH1DN,3
TG-1KFCAWIGN,4
TG-ZYSHUCCYY,2
TG-980TCQJ7Y,4
TG-SYRI0RY3W,3
TG-9QJJQMM02,2
TG-OORAUYD8V,3
TG-CA0MWKRNF,2
TG-438W4AY6J,3
TG-J0OGSQWGT,4
TG-M1Y6ABJ3A,5
TG-6NN1O70W9,2
TG-UO5DEHI4S,2
TG-64SZ3K0BP,3
TG-S14C5EHKB,3
TG-L7YHPSNCB,5
TG-NL4DHK9H0,4
TG-8PVSMNO5G,4
TG-MQE6ABZNG,4
TG-431J28C43,4
TG-J2XBFZ27L,4
TG-1I119DF04,2
TG-34IY970N0,4
TG-UGCJ989WX,5
TG-2DHJPBYG7,2
TG-CYIAW6W6O,4
TG-ULLUESHOA,3
TG-NMUNJUWTH,5
TG-NJ2ELWAZP,5
TG-MEOH1JYWW,4
TG-2T5SGHGZC,2
TG-NBE0YG35O,3
TG-05884AOZX,3
TG-NK1V4Z7OJ,3
TG-9N93C0TWU,5
TG-I79HQQ8JJ,4
TG-ROS8EI5NI,5
TG-UQ4BHW8BQ,5
TG-W2921YYK7,4
TG-PO7KGROO5,5
TG-EA6Y4GEI0,4
TG-Z5VA3GZ2Q,4
TG-159LNOIB1,2
TG-85XTG8E1Z,5
TG-O8D44ZKPD,5
TG-SI6S38OWX,4
TG-QX1TB7DM1,4
TG-59ZJQDNIB,3
TG-B9TUT6PSW,2
TG-BK3SVUDM7,4
TG-9JR3ZBLGK,4
TG-C1KYLHEX0,3
TG-92RPEPGLH,1
TG-MH2VHIV9M,4
TG-HHRF28XG1,2
TG-RXSEHK0QJ,2
TG-Q2WM5K4XF,3
TG-XU0LH31WT,2
TG-X4WAXDKAS,4
TG-4IA8ITF6X,5
TG-FMUH1GZO5,3
TG-A3XKM09H0,4
TG-LRGKWBES6,4
TG-D3IR4OK6P,5
TG-7ZF2845X4,1
TG-KYL5ETE2I,3
TG-GGRRP5J7K,3
TG-7UOYMD4M0,2
TG-Y8TETU2WG,2
TG-5X5AIWEON,4
TG-Y1E01JLQN,2
TG-W11B41FPU,3
TG-6LWHYU0II,2
TG-EOVZ3IZ34,5
TG-RXVV9IOKS,3
TG-5Y3PTLGNQ,5
TG-T1W9DANDP,3
TG-8DUVNV7UI,3
TG-IKG6GJZ2N,4
TG-YSBH5NQMT,3
TG-I4CLOY8XP,3
TG-V91HP20RY,1
TG-YFWKB3H48,3
TG-CFJZDDF33,2
TG-FRWRPEBJ7,4
TG-MG3NIHXDE,4
TG-L77CKWZAR,2
TG-655GSL8PS,1
TG-5EPL0A7OM,4
TG-K9PLFO5SJ,2
TG-BV8UI5S51,5
TG-ESS35V8TV,4
TG-QR9YIQ8UO,2
TG-VDXQLRBHC,3
TG-27ET4BLUO,3
TG-OYQU9BOYI,5
TG-5AKRD6DID,5
TG-MX9QR6GH8,3
TG-AV4PTE535,3
TG-E0ELA9WI0,3
TG-KJ2WAXRRP,3
TG-BEEJDWBSJ,4
TG-NGAAV9PUQ,4
TG-9C147XG9B,3
TG-DF9842X7Q,3
TG-I9ZHQG0M9,4
TG-JWP306VXY,5
TG-QZHA2W65P,2
TG-GTTRNQK3A,2
TG-GGXVZ0ZI7,2
TG-NQZKWZJ90,4
TG-6L8IZRYKH,3
TG-EFLYQ4XUI,2
TG-RYOLRVYR5,3
TG-V8VBMISWX,3
TG-NRZZ3B8L2,5
TG-XFJ55VDY5,4
TG-LJBA2ZS9Z,3
TG-DABRZIYPK,3
TG-ZOHG75KDG,5
TG-CRA4Q950J,1
TG-WM6M5RYIF,3
TG-2TBHEBYAA,4
TG-9E55HY9AK,4
TG-X6U0EHJAG,4
TG-IA5GSIZDJ,5
TG-MPVE3P05H,4
TG-HZH6PSZUW,4
TG-K5S2NLR4A,2
TG-NPTKZT5G0,4
TG-3G6I00ABD,4
TG-DPNFAM31B,3
TG-DUXX0WDON,4
TG-900APWJ0V,4
TG-KYIQC09FL,2
TG-Q5QPRZYDH,3
TG-Y18OA1L4L,4
TG-3K34WP4H4,5
TG-IX3TBKZT9,1
TG-3XTAC9YQK,5
TG-F9BJTSZCH,4
TG-4ANZWTT7L,3
TG-PVXXONWDK,2
TG-FHXK4MCSE,2
TG-ODS1UJIY5,4
TG-AZMZ3BXUL,5
TG-5JL9XK5BH,2
TG-DG6LFH413,4
TG-VG0HU5FH6,3
TG-448AQDJLJ,4
TG-YQBMX2BHD,3
TG-6V97JSA3A,3
TG-CXCKF69CL,3
TG-3X3GCPC3Y,3
TG-7E9AYPA90,4
TG-OQIM0GFXW,4
TG-L81VU1YPO,3
TG-WVXKOUYKF,3
TG-IPBKH0Q2Y,1
TG-JP7195Z41,3
TG-E4WJPR0ZB,4
TG-6896YREEG,5
TG-MR14JQG5J,5
TG-ZW2K7VYUQ,4
TG-P9VDG5TF1,3
TG-G90ALOX8D,4
TG-WDTOVW1KQ,4
TG-1MO73NMD5,3
TG-ZHFG3BWDN,2
TG-2ZY873XGO,3
TG-YS1UOXGY1,3
TG-VANYCM8BY,2
TG-VT8F8FQCA,4
TG-FSV3UCTS2,1
TG-K57F89Z4W,2
TG-PO1LPFVVV,4
TG-R4VL45SXC,4
TG-ATLO2YZ7U,3
TG-L7NRRYSU9,3
TG-AUKP3GCWO,4
TG-Z7HZTD23O,2
TG-Z52WECV51,4
TG-COACRPC0E,2
TG-W2P7M5V4J,3
TG-MW8272CF7,2
TG-I6CTME2CP,4
TG-GPR0E9D4I,2
TG-94QH56EIA,3
TG-71DGK0U2U,2
TG-U63PH0841,4
TG-CKCA3HKW7,3
TG-TWC4MS7ZU,2
TG-UDIGD4BI4,2
TG-YNOMCWFBO,4
TG-4JNHT316V,3
TG-BY1GN4WQS,2
TG-FDIV7DC6W,4
TG-SNP28O7CB,2
TG-556TPXIKC,5
TG-2RS8B7005,2
TG-LUL1WBPLP,3
TG-DHJ0EG582,4
TG-WD6YREUY7,3
TG-H4FBWW7SY,1
TG-PROX1UNE2,3
TG-O0HCETB9W,4
TG-V3NQFQA31,4
TG-JEA41O65N,3
TG-CRJV5F30M,5
TG-9924BEVA0,3
TG-SUH0229MQ,2
TG-YTMPQYNGM,4
TG-41WDTR8S5,5
TG-QRXHWIZL7,3
TG-XZIUK551P,2
TG-61XINWT7Z,4
TG-B0JBTMD1N,5
TG-EHLM23Q9Z,5
TG-B9HVGNBDO,3
TG-59W4RGXVC,2
TG-TI3BERXGA,4
TG-06TXCOJ7T,3
TG-3HX4LJ5E9,2
TG-2888IQY7X,5
TG-PFIDELWUO,2
TG-QOW4ZYC83,3
TG-3C90UWYZX,3
TG-W0FROG4LV,3
TG-R73WZQHN3,5
TG-LVIYXFEPZ,4
TG-0YRO3MTE3,3
TG-JZ2OIEVK7,2
TG-6SLCCXIVU,3
TG-6MZ2RLWAF,4
TG-R6LZDKRXW,3
TG-PALFLZO6I,4
TG-FMSZW9PPE,5
TG-KXPTWTOJ1,4
TG-5B3971RF7,1
TG-79T0T5AW1,2
TG-ZCS9RX90Y,2
TG-TJPQGUWA3,5
TG-3Y1C1KHDI,4
TG-MJCNKTKU4,4
TG-8Q68L65ZO,2
TG-37KPY9P9D,4
TG-HW4FUM44P,3
TG-3ML3S8LAM,5
TG-XPUJ0GQAB,4
TG-DVAX2FG77,5
TG-XH36N85DC,5
TG-VIHAJUBF6,4
TG-6OYJRWKN1,3
TG-LB8JLBPFC,3
TG-ZD8KPIXDZ,3
TG-A9EY27BSC,4
TG-K9S83WSN9,3
TG-3LLVYHJ3G,4
TG-EKASI6BVP,2
TG-I0JBOR9GN,5
TG-2KUX7U4BC,3
TG-ZWMPSGV2I,3
TG-2Q1ER77W0,3
TG-NVCPCWNYT,4
TG-XVY9QRRPP,2
TG-WEVJHCP1K,4
TG-8WWBDI8QA,4
TG-1M8L2JCX5,5
TG-HIFTHW4MZ,4
TG-I0L2YK2KP,3
TG-4OT415BSM,5
TG-J0ZBVGSZY,3
TG-NGSWXWSJS,3
TG-SAULBVEHX,2
TG-L4S775LJM,4
TG-2NND5MZPO,4
TG-YPU6LTYAU,4
TG-ROWI6S1QI,3
TG-SVAO9D04B,2
TG-VK91QH7E0,3
TG-7S08YH14P,4
TG-CYS2OJ19S,2
TG-4E2AQ50SI,3
TG-IUSGA1FMU,3
TG-ZRD06K41K,3
TG-QA8VI4MU5,4
TG-F3R3S7YLU,4
TG-KN3LNREA5,2
TG-IV52XFYC0,4
TG-SFP6EDF3H,5
TG-QBI3SQIEC,2
TG-2N7B6OISC,3
TG-UEGJ0F9LX,5
TG-06VWIVTRK,2
TG-OP764FTXM,3
TG-6YG4L3KKA,4
TG-WL83ALL88,4
TG-TLUL8DTZP,1
TG-HTUEFD2XS,5
TG-ALS55FNJI,5
TG-OK9HAIWGN,3
TG-3R5EICVPS,4
TG-XFVII2HYV,5
TG-MQ348RMF7,4
TG-5AWQRT872,1
TG-RR9W81TC5,3
TG-WZUX43KH4,4
TG-PLSCYQRT4,3
TG-G5TPIOY9H,4
TG-5BMS4BQFO,1
TG-R29EYESWH,3
TG-BKET2H8C5,4
TG-IUITXR9NR,3
TG-YX4BBKF4D,4
TG-T3ZVAVUB4,3
TG-VQS67LKOE,2
TG-IYC5TNJ3K,5
TG-BV2T65T4S,3
TG-6S4JUWQZ6,2
TG-A9NXRJXED,2
TG-WMEKI0PZK,3
TG-QIXUJG49N,2
TG-HF4J79SZZ,5
TG-ERL0JUKVX,2
TG-GIDMUIWZ9,2
TG-ZF2EAR6I4,3
TG-SZ36PYIN9,2
TG-STP2CTAQX,5
TG-XZSMOJRJI,3
TG-DB0C7OM61,5
TG-YGOX8OZQC,3
TG-8W0SM7IFF,5
TG-B1T39Y85M,5
TG-8O9AU6AH4,5
TG-P78VMB1B5,3
TG-N2IG1DABN,2
TG-Z89UAYSK9,5
TG-RG39ZIFKV,4
TG-CH7A3EWKN,3
TG-FTCWKQWJ0,2
TG-EA66TEM8C,2
TG-IN8FMVKY9,3
TG-KRX1LB6F6,4
TG-8HFC3Z47Q,5
TG-NFEUSKSPR,3
TG-X0RTTTZIL,4
TG-YNPH7T29I,5
TG-E7ZTPVG14,5
TG-0UPGU5ZWE,3
TG-UJKW2Q1EL,3
TG-0CDJMXZEO,4
TG-NUGONX495,3
TG-EZNT1XKBT,2
TG-8JUMKR6U3,5
TG-TB4YP50H5,4
TG-7BJDCEMP2,4
TG-9FB4EWJUS,1
TG-L8XMI8LDB,3
TG-ZHTD6IHPN,4
TG-KD3QZOKKX,3
TG-Q0W1O2LTJ,3
TG-OSMEESZ42,2
TG-3TEAXW3OO,4
TG-XVIUZKOXD,5
TG-736ORMD7F,1
TG-02ZXODZQK,4
TG-DX7KRNF8L,2
TG-GJ21WTE0P,4
TG-3I5Q4IVNZ,4
TG-RDMXIXYZE,3
TG-WBJTR2RC8,4
TG-DQUJLMB43,4
TG-NN64H6C1C,3
TG-R89UYDKE0,2
TG-6RUYL24S5,2
TG-WKKOQ3UA7,4
TG-G1ZMJIAP7,3
TG-HUK3N7O7N,4
TG-JL4QXYEBE,5
TG-MKEDQIIMO,1
TG-ADE0JFMS4,2
TG-ELJLMQT81,5
TG-WSVTWHLHD,2
TG-74LGZ30KP,3
TG-0XXV9CJBP,4
TG-RR3363ZQH,3
TG-702CPL6U6,5
TG-AUDWZRSIR,4
TG-6FAXJUSEG,4
TG-ZSRU1HMU6,4
TG-CLM2LFNTE,3
TG-OUDYSCDV9,2
TG-9I0YUS5I8,3
TG-F6ENT6VHX,2
TG-TP9I0OZNB,2
TG-IR60K7FQA,3
TG-XW78U0TLQ,3
TG-MJB372IL2,4
TG-ET3KSDATF,4
TG-IOFUBJOCN,3
TG-XCSXROWVA,3
TG-WYQMHQAT0,5
TG-7QI9W6Z0O,3
TG-29M02MY99,4
TG-252OE702I,3
TG-CAN6PKI8J,3
TG-S5FIVZIAK,5
TG-5BY6TEB7V,4
TG-8DR2QYAIS,3
TG-NAVU6CXJX,4
TG-V2LQ2MMCB,4
TG-314F4YAIJ,4
TG-57GZG2OXL,3
TG-2MVDCH0YI,5
TG-M8EM7AHZE,5
TG-GJ4ZWHJV7,3
TG-KJNWVEU81,5
TG-H88SUAO12,5
TG-28GU3LFED,5
TG-OFD1IJBV6,2
TG-9ZJBW3Y3I,4
TG-BXH2UI4AC,3
TG-LU9FPR254,4
TG-82L35JAVC,4
TG-0G9SMKLJT,5
TG-1SIXUQG5O,3
TG-JK1CNEH9A,2
TG-WZNFPIKDO,5
TG-WNNRHG9R0,5
TG-8P4I5QD87,2
TG-7WEDFFUWO,5
TG-25WZPGEO3,2
TG-4PUIRSWE5,2
TG-J1203OMSH,3
TG-NLY42CGNM,5
TG-RS2QFY5GL,5
TG-CHZ078AWX,3
TG-7OJC5Y882,1
TG-BAYU34IOV,5
TG-PQC3CEZ5X,2
TG-BEXEAIWE9,1
TG-JDCOXT77P,5
TG-V8JMWFTEN,3
TG-L5DOKOV8G,4
TG-EFTVUB636,2
TG-KQHLS4CDQ,3
TG-HIFQMD2R7,1
TG-DUYARLGNS,3
TG-VDINEAAG7,2
TG-DV6WINYEM,4
TG-ZCC6XMGQE,4
TG-UFHNYXQDQ,3
TG-OMZP64X6T,3
TG-EF4H24FFT,3
TG-XR89WB4F1,4
TG-QR67S7WFF,4
TG-VVV7GMFFN,5
TG-CFA6IQDAW,2
TG-4E7ELBWFK,3
TG-GXW777N8D,2
TG-PGXFAK8S2,3
TG-6D67ZF485,4
TG-3BVFXFJ7O,3
TG-ESXBDU3YW,3
TG-SVQCFD8NY,3
TG-U8LP5K14Z,2
TG-LQ28LPL7O,2
TG-T5LKVJIKJ,5
TG-TUWKNL3OE,4
TG-7Y7YFZVV9,3
TG-DBZ1FY1CH,1
TG-7DMVZEL4R,1
TG-CJSO7T58F,3
TG-L2OSH3IRP,3
TG-PSNUAQEPX,5
TG-BCSMJQYGM,3
TG-AMP2H0Y21,4
TG-JQB1WBJUO,3
TG-689SY2IJA,1
TG-22TSU70KA,3
TG-DJ32P5ZE2,3
TG-IZO1N78WK,4
TG-XNO75GZVQ,5
TG-B8MFOQNB2,2
TG-K63X2981O,3
TG-D5J02RRQQ,4
TG-Q3UGZK7BV,2
TG-P704OO8PI,3
TG-R84GAMS6V,4
TG-XYOBJ1RLN,4
TG-Q3KJZTANX,1
TG-J7KUZ9Z9B,5
TG-XQPZPRORG,4
TG-AXPE02EO1,5
TG-OAEGRE981,5
TG-D1PL5WP7L,3
TG-MS7K7H3M9,4
TG-68ELUGX2Y,3
TG-16WPMDCSS,4
TG-IIM4X6U4T,5
TG-O5ICDBGYI,4
TG-WIAZ2U0GT,3
TG-5VUWKX8JK,4
TG-4EJSKOL9U,4
TG-J23CDAQHG,3
TG-RDZ0GKOU2,3
TG-2HUYCW8CT,5
TG-YEWC9YW0B,3
TG-PIC2LALEL,3
TG-VDJCBURLG,4
TG-V2QYYEPXG,3
TG-UN71SC4W1,5
TG-ZWYEV8RKL,3
TG-13S85PSFW,4
TG-LNCTGHYKX,2
TG-89IJDE2OF,3
TG-DG0B9UQAR,4
TG-ICPIKHLO1,4
TG-CAH49IYB8,3
TG-ZB040CWWL,2
TG-VBKHMBEE9,4
TG-CQ8FS7EY8,2
TG-SXO5AU0MY,3
TG-M8GNOIS73,4
TG-MOKTVZ10G,3
TG-GJ7DA9GS0,3
TG-0L5S064XK,4
TG-A0MIGM4IU,4
TG-N8JRN13H9,3
TG-YOBNSCT5J,2
TG-6OS1XEM6V,1
TG-N1PZBHTZW,5
TG-22KM5X9F8,4
TG-06348ROFB,4
TG-DB29I0S6X,3
TG-UPA8BZAIZ,5
TG-81X7P5SEH,2
TG-97IEUWSEF,5
TG-CCB6DT6G0,4
TG-5TSPM1JA7,4
TG-1ETMNEL14,3
TG-URNZNZAN8,3
TG-3MQQJT312,4
TG-VIKCN7UO7,5
TG-CPHQAZVCZ,4
TG-KALZHRHOC,4
TG-NC3PQY7Y7,5
TG-2RGGFSF7R,5
TG-MLPV70LWX,3
TG-Q3TNNHCFH,3
TG-SYKABFRSI,3
TG-DIVAUMKEO,3
TG-O0L267953,4
TG-AL4FSKKMJ,3
TG-2KP3TL8BX,5
TG-XW5Q6PYDL,2
TG-4RLSRJBQL,4
TG-U50T5R5AE,3
TG-QI6UYP87M,3
TG-MZ52XZ1I1,4
TG-AQ7E5D8V1,3
TG-QHPA1KWTQ,4
TG-AV784P2FN,4
TG-MFJ2V6GGX,1
TG-F3BLUKXTZ,4
TG-L8ZO859UM,3
TG-C324NFV7C,4
TG-JPQXL8FEQ,4
TG-GTT46JXOY,5
TG-HES3K5ICL,4
TG-SULAILM73,4
TG-U3KQ1RTYG,4
TG-QSNXXZUNP,5
TG-NRSHRFTQV,2
TG-6DWPFZC1S,2
TG-3R4T3G2ZK,4
TG-PL5GCCZ6U,5
TG-NS81J3V2H,4
TG-H0I3NOXCV,3
TG-N5JN9E9VK,4
TG-49ZJ0OO7X,3
TG-LBBU77MAQ,2
TG-GZ7ARYKKP,3
TG-82FHDH84V,2
TG-01E4ZU35R,4
TG-0UF0B27QB,2
TG-CNNWBK94A,2
TG-6JYW3M4Q1,5
TG-5VZXFKPDY,3
TG-K5039DWML,4
TG-DAVOIFND3,3
TG-CHEUFJ2LY,3
TG-0KXUHFB00,3
TG-WSJYXN72G,2
TG-1JWHT0EB7,4
TG-NRSMUQTK4,2
TG-UTXNJCDPK,3
TG-9VLKUFIZQ,4
TG-4SUNLHPOS,3
TG-SODSQIJU2,3
TG-TUTZ4IUO8,4
TG-AKG13GH11,3
TG-N9QQGRBDN,2
TG-J0HWDLSRT,4
TG-YY0L08RCQ,4
TG-NO7VZ407S,5
TG-ST2ZWH7S7,4
TG-QN24FLBYZ,4
TG-O9MLSLS5U,3
TG-HKRMJDXL7,5
TG-2X1VG7QOK,4
TG-T4DHCCYIP,3
TG-0N67G4RSS,4
TG-A69YF1NKY,2
TG-54SHLEWTG,3
TG-5DDODA4UD,4
TG-F8K4GZVUQ,5
TG-7Y3NLZNPE,3
TG-JI3NS0WE2,3
TG-LGN5J0QG3,5
TG-3NV7ZS4VU,4
TG-KZBYVEKH0,2
TG-HIKRZJ0DF,3
TG-77GQD48H3,5
TG-B3SEBL4GS,4
TG-YUV2KIAP3,4
TG-F6M7FGF9S,2
TG-LPIT1G7I0,3
TG-JFX1Y6OCQ,3
TG-F7AGV95GT,3
TG-ZXWD5QP4L,4
TG-GKOWEOIQD,3
TG-SICG129MR,3
TG-O3A4QNKG4,2
TG-P0BEE703U,4
TG-75OVFO5NX,4
TG-JFLW2ITKR,5
TG-KCEFXZHBH,3
TG-H1BQI1EKK,2
TG-1GDCS2V5Q,3
TG-N8UTB0EGV,3
TG-CEC8JIGQ4,5
TG-RM1WJAK1V,3
TG-FH7MC61XI,4
TG-OCMQLHPQQ,4
TG-O83TTBUWK,2
TG-10MVGPJJF,5
TG-XBA5RJPRY,2
TG-W10TOJVFN,3
TG-71GG1DHID,2
TG-AZ42GNJU8,4
TG-5VKUZFWX7,2
TG-XVZYUZGTI,3
TG-UU0X7JIJX,2
TG-F2L9AUGZC,4
TG-GQUXH2WPO,1
TG-FKC79EMBJ,3
TG-422ZQ5Y2P,2
TG-6PF7WU9PY,5
TG-OXBGEAOSK,3
TG-RI45VIZQ9,4
TG-4LQW0F6QV,5
TG-OBSW7BTOD,3
TG-T82TT5MD0,4
TG-NMMU7Q974,4
TG-40VINYPOC,3
TG-BFFZJSE3N,3
TG-26AMECYZR,2
TG-3NIOOKMAG,4
TG-N63R6FR2K,5
TG-AKOYNZX7M,4
TG-8OQLG4VGM,4
TG-POEQ4IJPM,5
TG-M6QD96M6O,4
TG-0PMN4Q83S,4
TG-7J4AX7RDN,3
TG-J91HOFCTP,5
TG-WN3NFDAGG,5
TG-HVLSA0UH0,3
TG-772MBBEDL,1
TG-T6SZDD9KW,2
TG-68EO7R9YZ,2
TG-FIVDY2ZNU,4
TG-T9HOF3K18,4
TG-25QOTNYY5,3
TG-SUYKJLHN9,3
TG-B30JJRYMW,4
TG-4FE784QXX,3
TG-MR2MZBHL3,5
TG-WHLIG4OW3,2
TG-ZRQ80G6KG,2
TG-4ZEDOZ8AZ,5
TG-XY2YHX1C6,4
TG-HLQEC3JDD,4
TG-XX6L410MN,4
TG-PNUYYGT9I,3
TG-I3IQH91GB,3
TG-9DB1QISJC,3
TG-PX073WESW,4
TG-FJBYLZR5V,4
TG-KHNSQSHXC,4
TG-V6GH4JJUE,2
TG-EW2XX7N2I,3
TG-J7J535EYQ,2
TG-GKYK1Z4D3,2
TG-YZCLD600F,4
TG-J5VNW4CWL,3
TG-MV7JW82S7,2
TG-M7X9UJ49U,3
TG-2VXQ0IGCF,2
TG-O8Q13ULMC,3
TG-Q3RGZOWVM,3
TG-Y7Y91ANRC,4
TG-918V10304,4
TG-7Z32757RA,3
TG-BILFUU9VY,3
TG-QTN2HQF9Q,4
TG-FB2H9YBWU,4
TG-WIADCTIXJ,3
TG-BQJHDLOU0,3
TG-MKTOCAX5S,1
TG-TD5ZOIO0H,4
TG-WHYC1IYFL,4
TG-1IO66CW2B,5
TG-IW1YC2US2,5
TG-7QJ5IUI11,5
TG-A2LF773LM,3
TG-IILO56C4K,3
TG-2OWEKA3GV,2
TG-50FAP8YDI,5
TG-P26DY0GDP,4
TG-5WLUMUUDD,5
TG-9ZODMD2QB,4
TG-58ZB3GDDL,5
TG-C8HF3H708,3
TG-KK23D8K8J,3
TG-F18ZXFZB4,3
TG-RN1KKMEBY,4
TG-HQAOEIVQA,3
TG-G2AV24T3G,3
TG-SNQX4CVIF,4
TG-5GVMXLC80,1
TG-H572M5EV7,5
TG-OZL8OX73K,4
TG-JK9M9KINJ,3
TG-RTL0FUR0B,3
TG-DJLJLZYDW,3
TG-89URKD664,4
TG-YP5NX93D9,3
TG-JCH6U36QS,4
TG-ZI6WQXMPP,3
TG-55B1E7279,4
TG-8794W3ZUH,3
TG-PGYJI3Y05,2
TG-NA73SAE9U,5
TG-9HJENCX7W,4
TG-DTSGKNP1C,2
TG-I33ZBTA4P,4
TG-GSDR5PEQC,4
TG-7P0FO3MA9,5
TG-CKK7R9UTO,4
TG-JJ57JIJ98,4
TG-1G4G7FCMO,3
TG-X242010UQ,5
TG-2J3AB3MXY,3
TG-8BN8M4QQZ,2
TG-Y7LGKJFKV,4
TG-1SVOVP82U,2
TG-R0FGV7JDB,5
TG-CQCY3S5G0,4
TG-RCXCYKTCY,3
TG-B9ADEP279,5
TG-RDX5QWSOR,3
TG-5ED4B0R7M,2
TG-W6PBJOGV7,5
TG-V6JR8NJXO,3
TG-STA59A9HQ,4
TG-0R7FU6T7A,1
TG-ACHT80Z5H,3
TG-K4CMW7W2Q,2
TG-QFDZUXZGC,5
TG-EQM0VBULR,3
TG-WIS3JKS76,4
TG-SJGPUNATU,2
TG-2E0UN1Z6D,2
TG-DGV741729,5
TG-Z91U7HE5E,4
TG-UMDC9XOC2,2
TG-YNBKCQH8K,5
TG-I3W50W0GE,4
TG-WRHVOJKGQ,3
TG-JUAL9AN0U,1
TG-A19I0GKOH,3
TG-YONYDYFX3,4
TG-R8IXX72GA,3
TG-82VBSZUXL,4
TG-E5FWPV474,2
TG-F69DX5NN0,4
TG-37FIHJZ5Y,2
TG-G38WRA1LO,1
TG-TJN65HIKQ,2
TG-QL7FZ4HDZ,5
TG-7CWAVXC26,3
TG-FH2TZA96W,4
TG-QYEQS5X9J,3
TG-KR2YMDJFH,2
TG-6GC1UZB6P,3
TG-IIAQ270SJ,4
TG-ME1YFK3UP,4
TG-D0YPI7EE1,5
TG-F5A3VTNYM,5
TG-AWDERHDBM,5
TG-N1M3HJXKG,1
TG-IBROWPI2F,4
TG-4NBFTF51R,4
TG-MX78JNAT5,3
TG-X7KV1ID8V,2
TG-KSY9ZPW26,5
TG-7BQSI1EIR,5
TG-J9M9QYX17,2
TG-50AR91C0T,5
TG-A4NSKEVOX,4
TG-3NDC2HOO2,3
TG-JE89TO1AR,5
TG-GUC9OT7L3,4
TG-5YIZ40TGS,1
TG-VF830RLMW,4
TG-1GTKHE1GD,3
TG-ZQK498J1N,2
TG-1R4O26KW1,5
TG-H512756ZO,4
TG-FWR7OR8RI,5
TG-QU2YKXBK3,3
TG-649OQNTMM,4
TG-VG45WH7OW,5
TG-YBQ5OQDCW,3
TG-KJ9EO8XCT,4
TG-69AL8TRVY,4
TG-LY7QUX6JA,4
TG-Y0JOTL3MC,4
TG-KN2DR26K8,4
TG-3RYAXEBCQ,3
TG-9SLTP5M23,3
TG-N1DIRJQPU,3
TG-CFLARBTDE,4
TG-0FBDJCS0C,2
TG-XNN6F34N7,3
TG-AOG6GEEST,4
TG-NK3JEK1ZT,3
TG-ECQMDB2WW,2
TG-00HAING4P,4
TG-4882ZYZ2X,4
TG-378DZLTBL,3
TG-B2LECPBFS,4
TG-39NDLLCM9,3
TG-8ZS5JDA7N,1
TG-NUXRLUAZI,5
TG-O8A7OVLPQ,3
TG-IQ4Z1QCN2,5
TG-5FYIRW5HF,4
TG-1H9VC9NRF,3
TG-0KXLUHLJZ,3
TG-KREG2ONXS,4
TG-N0YL1V65I,3
TG-KIBPNIRA8,4
TG-YFZD6SZIG,2
TG-OP8XYAN4P,2
TG-JX3W4AFIE,3
TG-C24UWZXHB,5
TG-YNQ0F8Y3C,1
TG-IN2RZ64R5,3
TG-E6MUHRAJI,2
TG-GMEBOIHQE,2
TG-FEMZFY5AF,5
TG-JGYMHZYLS,5
TG-A655316ZX,4
TG-MTXGGIGJZ,4
TG-FCMUWXQ6M,3
TG-RPP7RPMSF,3
TG-NB2NLZ9FY,5
TG-CO7S5FCWV,5
TG-XNCXV4NUI,4
TG-B9W7K50Y5,3
TG-0FND40K3J,4
TG-7UFBGVO2G,5
TG-D204N2OI9,2
TG-K977G9ZX6,5
TG-GWK57NNG0,2
TG-QVV6279EX,4
TG-HQQTOBQLA,2
TG-PSXLW3UO8,3
TG-QU9YPE5PD,3
TG-2L3SA84HY,4
TG-QOOJ9JHB7,3
TG-S374VOV69,3
TG-0BJX9DEFY,2
TG-BDRLN0FZQ,2
TG-3S2FJNN8H,2
TG-65COPNN6F,4
TG-914O24TQF,5
TG-IVYEQVUEM,4
TG-2LK083FGB,3
TG-MEK55CFKR,3
TG-OQXB3EZ7B,3
TG-OAOY9A1ML,4
TG-YIK9RNSU4,3
TG-BPHO4XLWH,4
TG-UBDAPY1Q5,5
TG-HXFM62QQP,3
TG-7P1D09WTI,5
TG-K27FS0XQR,4
TG-SX8G5CFAF,5
TG-U9INSHLML,2
TG-UVKI0Y0W4,5
TG-8EUCKOW2S,4
TG-N3AAJID09,3
TG-VWQ1WB6Y6,5
TG-22W530WSJ,3
TG-WNCC21E19,3
TG-NHGYVXF6Y,3
TG-WL26E8GUS,4
TG-GL8LZI1NV,3
TG-HVPEDTN7B,3
TG-7RLX9ONN6,4
TG-Y7IQGOOC9,3
TG-LVXAGUCG9,4
TG-TXEYCNR0Q,3
TG-CMBSHREOZ,4
TG-DMP13OEDG,3
TG-26CWRXVWP,2
TG-X79UGV8OU,5
TG-LA3JVE1SQ,2
TG-YF0IC5C7H,2
TG-Q9JRRS926,5
TG-Q4DTVNFAJ,3
TG-ETWSD2DJM,3
TG-4ZGNF4NR9,2
TG-5UM7Z8EJ8,2
TG-MV11UX6SL,1
TG-0WM79843X,4
TG-2UYKEW87X,4
TG-WRZRJD9HB,4
TG-B5G16WT13,3
TG-Z19Z1TLEF,3
TG-CPIIRUJRV,3
TG-T2Q5AN42Z,5
TG-8XIG09A62,2
TG-TZIAJ3VM3,3
TG-NO6RAGPXA,3
TG-1SBY7W4NJ,3
TG-4JS0365OU,3
TG-A4ADC4SFM,1
TG-KY7BNRBME,3
TG-U5TMPG3EL,2
TG-WLUOL307W,4
TG-AUZLJ98HA,3
TG-NKAWT0A0J,3
TG-AVFIP9TVX,5
TG-9RA3H0EFL,4
TG-5XQY5IBVN,5
TG-3NAQ056VE,3
TG-WLWV2MQ7M,3
TG-G8X4FPTYF,3
TG-LXNXGDJ0L,3
TG-5F183P4C8,2
TG-6FQ6D8JFS,4
TG-PVXLJ7E4J,3
TG-EGN2REDL2,5
TG-IFG5CV3I3,3
TG-GZF1TS1EA,2
TG-35SPRFIB3,3
TG-L5QAGZENK,2
TG-H2ZIVKYX6,5
TG-UGLMDTMWL,3
TG-7CXVJ5ROE,3
TG-R6CDLD4XF,2
TG-N0U7YN949,4
TG-MU7HVDU2Z,3
TG-72DPLCRHX,3
TG-EV0ID65QU,2
TG-OOTOPHZB6,3
TG-NQPHUYMWZ,3
TG-R1AEOXPB3,4
TG-J8CUVPJP3,1
TG-PYQWBXX9E,3
TG-RGBBH003K,3
TG-IR929AJ4W,3
TG-CTU972NUZ,3
TG-JTTFV14EM,4
TG-2M8IYR63Z,5
TG-Z7SIP175R,4
TG-FLT4I3MM7,4
TG-YSEXZ1I57,3
TG-DS7XBBWEN,3
TG-PL7YAYYJY,4
TG-FOLK5NL1J,1
TG-SFXYBTJVW,3
TG-32WVS0ORB,2
TG-OYNJ59869,3
TG-35NFG17XX,3
TG-GQ6WFBWXX,5
TG-QIUJFDLIF,3
TG-J9US1O6M4,4
TG-Q34Y98SBT,4
TG-M6E74EBFE,3
TG-JV4JO4WXS,5
TG-QHWICVPG9,5
TG-H8QTSKC3T,3
TG-2LDLL4HY8,5
TG-W9YON56UQ,2
TG-OHDL7PHUO,4
TG-90Q4SYNSP,3
TG-6WLSM59RI,2
TG-WTRJLP5OA,2
TG-56M30V6CB,4
TG-6ND8RU81T,2
TG-WCPN121IQ,3
TG-IOPQJG9VC,3
TG-1TT22H06Y,4
TG-9JIV54TSK,5
TG-5FCOHUAMK,2
TG-7LI8UUZA1,5
TG-JP9QS9Y00,4
TG-F8QMMJZ42,3
TG-6NCCOIQ8N,3
TG-08X2V8WVX,4
TG-O8HXM93IV,4
TG-0RZ88T94F,4
TG-5XN0DFZF9,2
TG-YL8TWOUK3,4
TG-TM8VBXZGK,3
TG-17YMIWWMC,3
TG-TNP3CLJEU,2
TG-BFA24QSND,3
TG-6D2LEB18O,2
TG-APOI2B2E1,3
TG-A4LF3QFX1,4
TG-YHVLSNTLT,5
TG-PCFM7TVTT,2
TG-B9ECJV5M9,4
TG-QXLUO4VXC,4
TG-EZSJ383K7,5
TG-GU2HYR12U,4
TG-0UWW8GJP8,4
TG-HY0AQMLQ1,2
TG-F8YEHQLZP,5
TG-DRMIF0X33,3
TG-A3Z060X8R,5
TG-0YNPRG6GD,3
TG-I8RSJLN3F,5
TG-S4R9RVSXJ,3
TG-IPVR9LFGD,5
TG-8SEHT32LG,3
TG-R5B674757,1
TG-EVEBBKZ16,4
TG-FYAHCTKLW,1
TG-AHBKT5QZO,2
TG-WY2JTRZ39,5
TG-G8HYU8GZL,2
TG-P7UK483MI,3
TG-X2IXJGLP0,4
TG-ZCXMOLJJ1,3
TG-5VW9G14KX,3
TG-569EBOWG3,2
TG-RGZLPCOKK,2
TG-W57M6R021,4
TG-YR0XRYF42,5
TG-836KK21L9,3
TG-XL0LSS1QI,2
TG-NN3KLU98O,4
TG-KANAQBUHS,5
TG-1LW81QX1T,2
TG-XG9FEBMOJ,2
TG-KZMLCJWFJ,2
TG-YCP3CEP49,3
TG-PAXV905F7,5
TG-GB7137TP1,4
TG-29P25194Y,4
TG-OAZM6MYKA,4
TG-H2XLL2L03,3
TG-UZTZT00QR,3
TG-4LDO3G7R9,1
TG-U8MC6Q2P5,3
TG-8NSOSQ1I1,4
TG-YJXENY9X0,3
TG-PAZAC550U,4
TG-4EBZR04YJ,2
TG-NJP96EQPS,3
TG-XMRW303B7,5
TG-0NR8Z21YU,5
TG-O212LSEDS,2
TG-C5RI27MDW,3
TG-OWZOZ6NGX,4
TG-JE7XQVRRK,3
TG-PJPHW9LOD,3
TG-EBXY7TWRH,2
TG-JLICMAQJZ,4
TG-EKZWTV8C3,3
TG-4X1BT8Z9K,5
TG-7FANJB21I,3
TG-93FQW6LHA,5
TG-S6XTX2QO2,5
TG-VBVWSZDQI,5
TG-FZB78WHDR,3
TG-NUVZH5G7Q,2
TG-V18O58H8P,3
TG-K9W23ZH2Z,2
TG-GSY288PB4,4
TG-1S5YF9UMN,2
TG-QOSO1PD4C,4
TG-I2O9B9WZF,3
TG-S0J7ZN1VH,2
TG-PUNAX4N3K,5
TG-0BMEZO6II,3
TG-F7SSOAZZH,3
TG-RMCTUHNLA,4
TG-DF5HIH9ZY,3
TG-2JTAWQ89B,3
TG-QT80JP5XU,3
TG-J2DVR9U2N,5
TG-WEW8ADPX2,3
TG-UHBKE4P6S,3
TG-CU5JT4FE8,4
TG-IOOQP03W5,4
TG-1SZ5ZKEX9,3
TG-AW3O4PVAJ,5
TG-XRN20LIQ4,3
TG-4ZWIZTDSN,3
TG-IS2X6UEDA,3
TG-QGXMQTU5R,2
TG-B1IME4D6B,4
TG-S7X1861BY,4
TG-1J3SW5SSC,4
TG-XLSMNYHYM,2
TG-TN0Y2OMS6,3
TG-VE4EC6MD3,3
TG-3E3ULXLUQ,2
TG-VJ9YMFRWP,3
TG-Y89HFOJ72,2
TG-XYAPT33ZJ,4
TG-07U7PFOH1,5
TG-WITFY9J7K,4
TG-QMD5CV8LS,5
TG-SKGXZK77Z,2
TG-O7SAQTSTK,5
TG-E71ZNDFQG,2
TG-41VGT3Y31,5
TG-GWSW5BAVI,4
TG-6XP01OLD8,3
TG-6DME64L54,3
TG-HXNDRKM2X,2
TG-NIHR3S9WW,4
TG-CVXE361YY,5
TG-0KIPDMM1S,2
TG-NLW1A8SQZ,5
TG-NPLLTDBF1,4
TG-LP6WWOHHZ,2
TG-RF5DK6BPL,2
TG-ISQ7S00CP,1
TG-GBLIE4JN1,4
TG-ZESTQJYV2,2
TG-QQ6IHWUTU,3
TG-0C7SGYF8L,3
TG-ZJTJBT96U,5
TG-JDCY2G9EC,2
TG-Y73EJT85G,3
TG-6Q7S2JJKC,3
TG-8KOGHRNOB,3
TG-H8WWZ15MX,5
TG-G4HIZGO6R,2
TG-F3XBMCBCA,2
TG-1I2TKS818,4
TG-KRHLJ65KZ,2
TG-262KQ52W5,3
TG-4L6UO6IFF,2
TG-ONKT3PTVQ,2
TG-VK7E5SDT2,5
TG-4FZC13DZ0,3
TG-8DIZNNRP7,4
TG-0YGDIPL5W,2
TG-SH1CE2FR2,1
TG-SRQCLB4GI,4
TG-QF2O2M3Y8,3
TG-FBV2PDCA6,4
TG-SKV8LEVZO,5
TG-0L4BUAVBY,3
TG-D5Q1BNHNU,2
TG-4HPG9F4S1,3
TG-ZTU08ID3W,5
TG-A9EDAJUES,3
TG-AH9QIRTTZ,4
TG-RR10HHD23,4
TG-4LYFSH8PI,4
TG-A2Y5M9JRJ,3
TG-FTR9W52IY,3
TG-2AXA5ST5B,3
TG-XWAJVT1J7,4
TG-M0RJYBCO3,3
TG-EBCF2XTFV,4
TG-EDO39ZAYC,3
TG-QYAJC8XU6,4
TG-VXCHA6WK3,4
TG-KCCN2LF1L,3
TG-R3LEUPMK8,3
TG-OI51FYETZ,3
TG-Z7P84RHTP,3
TG-VFQR4NPXM,4
TG-EZRUOCRP5,3
TG-73YTJUXBD,3
TG-DCTMAG0YZ,4
TG-97IF5EK50,4
TG-UA8ZXAYBO,3
TG-5LVS2O3JJ,4
TG-966Y35BXX,4
TG-VFV5KZB50,3
TG-2CGZBWMTZ,3
TG-TXM1AN386,4
TG-HBB0IYA7B,5
TG-C3THICRSR,3
TG-V5BXZM7GU,3
TG-2SMAW6T0J,4
TG-O98KC3U71,3
TG-H07ILZWEO,2
TG-S9ZP4JRJU,3
TG-I0LUFPZVU,3
TG-R3P3ARGQM,4
TG-Z0Y5WFGTE,2
TG-34YD0HIGH,5
TG-8OCW39TAM,2
TG-322MUSFL5,2
TG-EX64TDQXX,4
TG-WCSD1LCD2,4
TG-GAQIS9MOR,1
TG-A3RM9C4HD,5
TG-0PR40U34D,4
TG-DN88SIGLJ,3
TG-W5DKQAF94,5
TG-JU5VBJNAQ,3
TG-WTKI2BXUJ,3
TG-3GK8PK7M4,5
TG-I93YIU331,5
TG-SYKHFOWHO,4
TG-IMEOGFZ7G,2
TG-9M9IWZSU1,3
TG-U8FVZC0PE,2
TG-A287UTZEE,2
TG-B158LQQW5,4
TG-LLCZYQICZ,3
TG-SZS5FOQ8E,4
TG-Q6NUMCR7B,3
TG-BR1XB9N6T,3
TG-VX568DU1N,4
TG-XU7MA0V9S,5
TG-PM1460RVB,2
TG-O2KFYKD9H,5
TG-8IQERH3XK,5
TG-MH909CYYD,5
TG-M8G9FCTWK,4
TG-7NUTGZJST,3
TG-S13ZMZTIA,5
TG-26PR4FGY0,1
TG-5EFWYQHV9,4
TG-EKQASXJX4,5
TG-GENXKRDYY,4
TG-AE1C7QX07,3
TG-465FUL6VU,4
TG-QKZBDYQPV,3
TG-59LRULGZ8,4
TG-DH0J7W3G5,2
TG-WW51ZYJ9S,4
TG-TRBXANN82,3
TG-C1HQVPRI7,5
TG-DLQXEZQ9W,4
TG-AYNJ3REG9,5
TG-3A342GZKM,3
TG-ZSHMZIYVU,3
TG-KK52ENXQE,3
TG-1P8329E8Z,4
TG-FB4WVJ716,2
TG-32I3M8TT6,4
TG-7M0SM0Z5H,2
TG-OO4N323FX,1
TG-DRAUGBKGY,4
TG-YTHNYP4QG,5
TG-0BU4ZSZOG,4
TG-BXLVQV7XI,2
TG-5VAP86MNU,5
TG-I6VW0HCFE,2
TG-091DYDP33,4
TG-WQ2QHWBDZ,3
TG-ZYA077F4J,3
TG-G14QTPNAD,3
TG-XV3XW6KWF,2
TG-F9E7S4Q06,3
TG-ELP6QEQWN,4
TG-34HEQCXLW,2
TG-R6X10QLCG,3
TG-RHVHIOY8H,2
TG-0ZSLUYLD2,2
TG-8VLUORXA9,3
TG-UQC3J677X,4
TG-UVLVXDTI8,4
TG-0E488SUS2,4
TG-VD4U0G88Q,2
TG-ICFV5Y9Z5,5
TG-DFEEFZ2XD,4
TG-55MLOE53Z,3
TG-TPJFDVOLJ,3
TG-U77Q3AOCV,4
TG-W1OVB1PXN,3
TG-KZ2PHWX1S,5
TG-2JDYJOKX3,3
TG-UT6CYII63,3
TG-OGGMURG3R,4
TG-UTIMIF9BD,3
TG-CWRWCTEB7,4
TG-HUYKO9HT3,5
TG-749VOPZR4,5
TG-ZBBPK75TF,3
TG-2GX7Z3Y35,3
TG-J1G39B15E,3
TG-WFLX2E36H,2
TG-ZZB4FXG3A,5
TG-45UQ96N37,5
TG-FHZH6MC2Z,3
TG-NDFHRTVMQ,2
TG-RDXZOAY89,1
TG-J55QYDBVH,4
TG-WNHMKR46F,3
TG-YFPLEW0T0,4
TG-67PHGDT1L,3
TG-GAAK7WB3C,3
TG-ZO77X9NHS,2
TG-R8J1XYI4K,4
TG-1SITFCYG6,5
TG-LWLVHWE3O,5
TG-N9Y2UMQ4R,4
TG-EH4ZXXXTV,4
TG-L2IKAM3BM,2
TG-QRNQQ06HJ,4
TG-RXRD7ECIE,3
TG-D3LEXN9MK,3
TG-024DMMPSM,3
TG-OHBCNNMCT,3
TG-9SZA135OC,4
TG-0DH4HSWCH,3
TG-B4945UKHO,2
TG-6LH60SLQP,4
TG-07NLEEVSE,1
TG-28G5W94E5,5
TG-7SO1T6MRM,3
TG-66ZJ04AID,3
TG-P2A7U7894,2
TG-UO8Z4CQGT,3
TG-X70MJ87I7,5
TG-NDD4697YX,3
TG-VET9MT84E,4
TG-LX4JDI6Y5,5
TG-C0NHU4XH4,4
TG-MAVUCFCTU,3
TG-L3CBI6RPC,3
TG-Z7PD4ZOWF,4
TG-NRQU07OQN,4
TG-2J96IZTSD,2
TG-I1G21RWXJ,4
TG-2T7ZT1X7M,2
TG-5TBGACE44,2
TG-GI8HACFWN,1
TG-W5F03X6N7,3
TG-KV3S9WY6Z,5
TG-5I31MND4Q,4
TG-SATGVMHND,2
TG-53PRZCKCU,4
TG-KXHKKN38K,2
TG-DC6S2YRDW,4
TG-LW6S9VLC4,2
TG-RG7NWPSMG,4
TG-ZF82R8RTL,3
TG-ILSL6D5GE,4
TG-R1S8K6FY2,2
TG-YQQHC8NZJ,4
TG-EM5TLE4V5,3
TG-EHJM4JVP0,2
TG-7U01ET94Z,3
TG-50CWJISJ2,3
TG-MEZVQ2RJ4,3
TG-E8SLKY8AX,3
TG-SDKCPD1XP,4
TG-21CY1WPL9,5
TG-VCFUALVJC,5
TG-JWYL09SJF,2
TG-X41B8LUNR,3
TG-WH8LL684F,3
TG-48Z5BE88Y,3
TG-V95O04N66,3
TG-9WPG19P29,4
TG-4V7JP9YEX,5
TG-ECRAILH9P,4
TG-WEY954CV2,3
TG-CUHCJM2Z9,3
TG-PQYEW0SIQ,1
TG-QQCUTZX26,2
TG-7SOUQZM3T,4
TG-YNSMV8S9Z,3
TG-T0IB9SO94,5
TG-YN9YZ3KMX,4
TG-7IT20BTSK,3
TG-VUHF5VJTP,5
TG-F5SH0J7HQ,3
TG-J91LZDH4I,5
TG-Z7TSV4HQG,2
TG-AD8FKGSCW,3
TG-7PK3G7FSM,4
TG-1BSFLYYJU,4
TG-QJWWOQ0H1,5
TG-HYW1GX1XN,4
TG-AABGDYU5W,1
TG-G81HI246J,5
TG-GZL7FPXMT,5
TG-ERLKCHTM2,2
TG-LZF78KTO2,2
TG-MNK78IDAF,5
TG-V8SEUIY6G,2
TG-55X6D79UE,4
TG-34SRO5U8Y,5
TG-ZHQ4VZ217,1
TG-AL5F1FT8Z,5
TG-RLDS2C4TL,5
TG-LJMBD1Q2L,4
TG-O3GYMEWC4,3
TG-8C6LJ90ZS,2
TG-M0H7YM92K,4
TG-FNK1RXI9V,3
TG-CYGP7VNPQ,3
TG-SEI1O027C,4
TG-HOT6RV790,1
TG-GWF1HE50D,4
TG-DYL470B9O,4
TG-EO1OP50VV,3
TG-ROF2GUMXK,3
TG-UWBFA9V5G,3
TG-RLOT1312G,4
TG-B1P6TGQ2U,4
TG-OODOAE0RE,2
TG-0COUU72PQ,2
TG-8TR93D7U5,4
TG-BUC155LCI,4
TG-H6PFKRHE2,2
TG-VR54YUPDI,2
TG-WCDFSV8AP,2
TG-I453T01OW,4
TG-8ILLB5H5W,3
TG-J97WI5LVZ,3
TG-4V942BJ9V,3
TG-EK24W2IUQ,4
TG-SCUYNMWHC,3
TG-N787XU8CD,2
TG-GMC3R2YUC,2
TG-8NARJ7HE3,5
TG-YY32GP75C,5
TG-PQLTM65Y5,1
TG-7LYJ4PSIU,3
TG-LSGRVY1OL,4
TG-KRRRQ7IQB,4
TG-V4GEVNVW3,3
TG-NLL3ZJYDD,4
TG-M435AN5QL,5
TG-9CK8K8E2O,5
TG-V5AMAVK3Q,2
TG-GOXNJX37U,3
TG-RJK1MBF0Q,3
TG-FBYH8GMHE,3
TG-HFUN87ERK,5
TG-9CLMCGP74,4
TG-30D2S1YCU,5
TG-AUOHPIYGY,4
TG-4DZG1EFQ5,2
TG-MQ4YBTJ9G,3
TG-2X3UP4P3Q,3
TG-NTAQ4YKLV,3
TG-Y5TTW6DZC,3
TG-NMJVXFGK1,2
TG-699TMAKJC,4
TG-C3EQX7QYJ,2
TG-8WUV4NA7F,2
TG-G8U11F3UP,4
TG-1X4RIYFPC,2
TG-N97KPRWOY,4
TG-FB9PUN18C,5
TG-XWXDSC7LD,3
TG-FL2KFPMUX,3
TG-FMDGQ951J,3
TG-AQJRQ0YJ4,4
TG-SN3DI6E1P,5
TG-LDOHRCLJ8,2
TG-ITR0R0479,2
TG-1B18Q2LCX,5
TG-UGY4HFN95,2
TG-O1ZGU6IDQ,2
TG-Y30X3A8J3,1
TG-IZ2HMJJII,4
TG-EI4DCR2B1,4
TG-F4B03841Y,5
TG-SMGHWB18L,1
TG-38QPTPMYJ,4
TG-YWSPDTJB0,5
TG-NUOP9EYAZ,4
TG-MZ5TS8O0C,4
TG-ZEM659499,3
TG-WDR0XZKPV,1
TG-YOV7F4UW0,3
TG-3UID4AO8E,3
TG-FWKW82NZ5,3
TG-UJVK1RS0G,2
TG-LQ5UYAZQ3,3
TG-Y2YSJTAID,2
TG-6SS9P1G51,2
TG-DL4IPVNQL,3
TG-781V23TUL,3
TG-31WJDHPSN,4
TG-XNMPWRIJP,2
TG-W75MWHV5B,4
TG-GWXAC5OXG,2
TG-ABRJPBZCK,2
TG-7GRL61K8Q,5
TG-D6HDNK1FZ,2
TG-NG504XQOJ,3
TG-0NSQT6FZ8,3
TG-A2D4UQPG9,4
TG-ISXASECM8,5
TG-P0LJ2S7Y6,4
TG-2SJZITHM3,3
TG-UUILMN4UN,3
TG-7I28CFWUZ,3
TG-NU7U3P6BU,3
TG-1ISKWNUZ1,5
TG-C91Y163Z7,4
TG-MUU0UBHOQ,2
TG-CNDHC4DN0,2
TG-HSKMDJ078,4
TG-KRS064QFQ,1
TG-NBO0VJLX3,3
TG-G9GF8TFZ8,3
TG-KPR91DXPZ,3
TG-C9VTJUXRD,3
TG-HZ08JVSH7,3
TG-14N5I6C18,3
TG-QKYC3A54E,4
TG-UMSPG8CVK,2
TG-2WKGB6852,4
TG-UM8UPNQP6,4
TG-N8UDGRY19,5
TG-T41XRDZOB,4
TG-19802V19W,3
TG-MJN79NLAM,4
TG-VBDVA81CZ,2
TG-YW4ZZ6P1H,4
TG-N72ASAEB8,5
TG-P2RN70YLF,4
TG-MNNPG22IW,4
TG-QTZWQ55K4,4
TG-UPAUZKNXV,3
TG-Q0S62U1Q3,2
TG-IDG4AXUSY,3
TG-K273S6P6V,3
TG-YDPBK2TCS,4
TG-JYAJH7O7E,5
TG-1RL7OEHY9,5
TG-ZWSXVMAL3,3
TG-6CQC5ZFTO,5
TG-TC08ZFA7E,3
TG-O1K9HM821,4
TG-DP2JOLM9W,3
TG-8AHKPLS3S,3
TG-RR6ZT5G8P,4
TG-2RZPHZ5NO,5
TG-S06E8KM6D,5
TG-MIS3FNVHN,4
TG-CCXRYPH4M,4
TG-UDGZ3KQNR,3
TG-GUR2CS04U,3
TG-0YTW42Y72,5
TG-HELM4NPWA,3
TG-15IRPC8DJ,4
TG-CSZF1C59I,3
TG-CMPFHG0C5,3
TG-IXUVYDMUQ,2
TG-20LT6ML48,3
TG-96RJW5ME9,3
TG-S5FAJDJYK,3
TG-TCIQCQYRJ,5
TG-F46IPOHLH,4
TG-DRD6TE6CV,3
TG-H4E5IF5Q8,3
TG-PRRWYLAWP,5
TG-8ZVAF6YIB,1
TG-B52NUEG31,4
TG-JYMHAUBBB,4
TG-DSI4Z8WIZ,2
TG-E8L378AOR,3
TG-S34VLFGKK,4
TG-TGSRB846K,2
TG-JFYCWZFU0,5
TG-6ZJOA7ZH3,1
TG-QHQVIZM20,5
TG-75TOLPGIU,3
TG-2ZWV9TDXS,2
TG-TCJ0VUBU7,4
TG-KH0FKY3Q9,1
TG-0TEX9NLOE,2
TG-G62I2ERI9,4
TG-LCE93S261,4
TG-G4TR5S285,3
TG-TAEIOO17L,2
TG-GB9KTNPG3,4
TG-DR9G6EHEP,4
TG-CWLV9KJ0W,3
TG-PJXXZZ727,3
TG-4B3DBQZMS,5
TG-TEOCYMQBQ,4
TG-H01MVHWZU,4
TG-Y5ALYSIHL,3
TG-D2IZAGKBY,5
TG-6GHSZ1AMM,3
TG-7B9YF8OYZ,3
TG-CVPMGE9LK,3
TG-Z0A83TIRV,4
TG-4OF8G14HO,3
TG-GX3R7FXIR,3
TG-CR81RB06B,4
TG-E0THH947B,2
TG-X0ZWCIUUP,3
TG-GN842PRBU,2
TG-3EETJAYAU,2
TG-4OB0NVXNA,4
TG-HW7DC2C7K,3
TG-CTVRYOBZR,4
TG-Z23W6K7MF,3
TG-UJDOJIPKB,3
TG-8TLRK8OC6,4
TG-G971UR515,2
TG-YLVG9A1IC,2
TG-6H8KT9JEL,5
TG-Q4375WB95,2
TG-NRJAPXJJ8,3
TG-WQV054WZ6,4
TG-IIR1A3ISL,4
TG-Q8IKML54M,2
TG-ZJYT859UW,4
TG-JWS56GPF1,2
TG-Q46QIPHDX,4
TG-YA4U0G3U6,4
TG-KC8GHFF9W,4
TG-R91REY3TF,5
TG-8KTYVQ1A4,4
TG-9J0DC9PJE,4
TG-EMA7YDJ8T,4
TG-ZN4LNBA4W,2
TG-T3H6TZIVU,2
TG-X93TDXOGQ,4
TG-WADXNLQCW,4
TG-HBQ1R72KB,2
TG-K5BP6OHM5,3
TG-M0O5KCKMM,2
TG-X3KMYAW8H,5
TG-7DILFTPXB,3
TG-MCTTK6MVZ,3
TG-GRB36RESD,4
TG-SVD7WGROH,3
TG-UCEBU4IWZ,3
TG-V2JBJH890,5
TG-9F9M89CED,3
TG-38MV6QTOQ,4
TG-AWKV075UR,3
TG-E3XCMKY25,3
TG-EWNGVTW69,4
TG-J668E4M8G,2
TG-NQI7ZX2AI,3
TG-2B2AH4XHF,2
TG-85T19MX65,2
TG-NWNG7GQIA,5
TG-S7MV5HF5N,5
TG-GI43HVNHC,3
TG-QOYMR95N2,2
TG-GZON0FG97,4
TG-7AX025YIO,4
TG-9D2NRD3QQ,5
TG-EAR0L2TU6,3
TG-9H6JG4EJS,3
TG-UAO3EDDBL,3
TG-I69S9ZBUA,5
TG-NJN46VNNO,4
TG-YVU7HFA48,3
TG-VTXE483I0,2
TG-6BBOBQ6UC,2
TG-E5RV4NR2E,1
TG-RPGVQRYGG,4
TG-293FG33K9,2
TG-FRARF4UGX,5
TG-SMKYA3QJP,5
TG-U9HLX9NLQ,4
TG-JGGMRU84T,1
TG-7V0S74Y7R,3
TG-OHT8YJBU2,3
TG-UKCX4ZHC7,5
TG-OAVDBNGA4,3
TG-140N7TF3O,4
TG-6T654HYPU,2
TG-63IHHO5UO,2
TG-ZJDHDPTZU,4
TG-NOLYLBX1Y,3
TG-S8IG7APF0,4
TG-F3TT1FOFA,4
TG-DA18WP0JM,4
TG-CUVHU7M50,4
TG-NFWSQ6MTV,4
TG-G98QBYC6O,2
TG-TNQILGM9G,3
TG-YRZ3C2YGT,3
TG-31MHWNSPG,2
TG-ILY2TE5LH,4
TG-HU82L54XT,2
TG-SFDHINJNA,5
TG-25JZ206O2,4
TG-IFVUPPVZ3,4
TG-A3NPHDR9L,5
TG-VUL3OQE97,4
TG-VJ7XYR2T8,4
TG-WXGXTC3OK,4
TG-ZUIMKUMGP,5
TG-3JBU27H59,2
TG-VVVOQNR3I,4
TG-061OYVWE8,2
TG-UPI5HIMOD,4
TG-OEUXW4C3D,5
TG-CO941UHA5,4
TG-UHDAYUB8Q,4
TG-KABXDIBDT,4
TG-C66CJY5W5,3
TG-8CCMS2AKZ,4
TG-I8IF9N95E,4
TG-3FPGYFCZO,3
TG-KPSMVRIP2,2
TG-Y2ASBKFHX,1
TG-78O0D2GY3,1
TG-12HD2V603,5
TG-XUWLUF0PA,3
TG-9IYV4VMBL,4
TG-IC2YO03NU,3
TG-CM9IV5X27,5
TG-Y1ATVJEG8,1
TG-CSBHD0WIB,5
TG-00QEJZU5J,3
TG-6ZGXDA5BV,3
TG-OXLYFQNMK,4
TG-WV34VR4KJ,4
TG-3RCE9DW6T,4
TG-FV8I3YU13,4
TG-MO2W35854,4
TG-XDL7EGC6Q,3
TG-QXGMHC99M,3
TG-3QYYV23YD,3
TG-2PE5EJZHF,2
TG-KBUQEUXHJ,4
TG-VWBBH7OR7,4
TG-5EMQX2N0B,5
TG-Y0MJD615T,3
TG-1IHHDORMU,4
TG-BXV7OUB7R,5
TG-Y0O3YZN7P,4
TG-G6N5YCUJQ,3
TG-LS3S7B0LO,4
TG-A9EOENZ5L,2
TG-HQXTXMAIM,3
TG-MSF6QQJ14,2
TG-E3GRDKQ68,3
TG-4H4JJKI8A,3
TG-GMKAZ4N4T,3
TG-0CO2ANCRA,3
TG-IRT0Y2NYE,5
TG-JUDT27UTO,1
TG-P5TM2TNI6,5
TG-KCZ46UEXB,3
TG-Y3GUY7WZR,3
TG-MYXZ9YYWG,4
TG-BKTJHAP3R,4
TG-6QBBF5KXO,1
TG-IYIIGLR7C,2
TG-PEVFTDM2A,3
TG-3VEL6J2GS,4
TG-MRHPTIGRC,3
TG-1W98FPTRY,3
TG-2HRQHA4VR,4
TG-EMBQY43CX,4
TG-M67YKO9D0,4
TG-WD3M49JJG,4
TG-SQBMR51KB,4
TG-LGX09WGI3,3
TG-KOXEZ85AC,3
TG-IN3HDLQL0,4
TG-X5I6AX3BY,4
TG-3XTNCYGVW,3
TG-5UHDHLJDL,5
TG-7P5MGBI8E,4
TG-1OQFZTIV5,4
TG-HCW1AP0GV,4
TG-0K27U6K2L,3
TG-WNBI6YHAG,3
TG-B6MAIEBEP,4
TG-0JALXBBUT,3
TG-J3GQ5T263,3
TG-0D37VRT8E,2
TG-EKKDZMUF4,4
TG-MGQY1ZHXU,4
TG-I5P9ZP64Z,3
TG-OVJ86DZFI,2
TG-AKEBKMARI,5
TG-AALVDQA7G,4
TG-HHW92BOPE,5
TG-0GR6T4PK0,3
TG-KC5CMJ3FE,4
TG-HS908GQEK,5
TG-KG67DGSTD,4
TG-T8U9UE6FQ,3
TG-X0ROIGBH2,4
TG-FH01UVO2J,1
TG-U6M1MPJSB,5
TG-LSRGKP8BN,2
TG-OJ19LGBAH,5
TG-8B85MLEXN,3
TG-RWQTB6C9W,5
TG-LF2U2EZYT,4
TG-DCDS5420L,3
TG-Y2UPFZ514,3
TG-RVGYAN6DV,5
TG-6F8DWVA8B,3
TG-PFTZ7AUAF,1
TG-EEUWB6ZD1,3
TG-6SJ0J7KSN,4
TG-BVABJQF1Z,5
TG-C3RPAAA6H,4
TG-FOPXGHQ3L,3
TG-O1633XEF2,3
TG-O1L4EKK6P,3
TG-DL52RP7MB,5
TG-BB8N6E1UI,4
TG-A8KX1K5YS,3
TG-TXA82SG6Y,4
TG-7I8GIR1S3,2
TG-MYDPUEH8M,4
TG-NJOM3385R,3
TG-JRF5E5PJ7,5
TG-MS23W61D3,5
TG-JBC3BZ463,1
TG-VYCXD5MIE,2
TG-XUNU1YR9E,3
TG-580OBGXAY,2
TG-BF85BLPIW,5
TG-WD33XE0VO,3
TG-30MSK43ST,5
TG-9DC1U9WP6,3
TG-AUPTO0C9L,3
TG-X66UBEF7O,3
TG-HGU5BD4EX,2
TG-4G77I6FEE,3
TG-UFM4CDZNC,2
TG-OYLTQAQ2W,5
TG-WV98DWHE4,2
TG-JWPOTHK40,2
TG-I9VGWFA5P,5
TG-KS96Q3U6L,5
TG-D5TKTTJM0,5
TG-UKTWXMZK5,4
TG-BCNOABSK7,3
TG-9PJCCPN22,4
TG-4NLVVC8GC,3
TG-NIWNU78VE,3
TG-5XOJ9X9MD,4
TG-IU8C2UB7K,5
TG-G055YXU7U,4
TG-XPR8UQJ6J,4
TG-4WIKBFTLO,2
TG-8IW05Y6MP,3
TG-CV6K5TIJJ,4
TG-BYBT6QEEU,5
TG-LYRB5FHI2,4
TG-DMDTCR96C,4
TG-D1MKAVT8W,4
TG-J9K8XXZB7,5
TG-A453PSVWU,2
TG-H9YV9KTRO,2
TG-IK2BJ9RGU,4
TG-62P7E9DM8,4
TG-33QDNURBQ,4
TG-N4PXT07RG,4
TG-NOVQTPU6C,4
TG-KQUHU0X7P,1
TG-173W4T07W,4
TG-JVJ0Q6DI3,3
TG-Y42EHEPGE,2
TG-1W0LCO61S,5
TG-6ARY1ROU2,3
TG-BLUL4US3Q,1
TG-FY6PY09KK,3
TG-1ZH9KM3DU,5
TG-S0QWBC8GV,5
TG-66HBOJIMU,5
TG-J0VLEIVVW,4
TG-QXD221XDR,2
TG-VDE2F2M1U,1
TG-XKRF68E9H,3
TG-EBABHK7T5,4
TG-HLKCNUOAX,4
TG-9AX0727KB,3
TG-CQECJKHTF,4
TG-MNM69SHFZ,4
TG-SNAAQI2PH,5
TG-7J8YHKOA3,3
TG-6EQ9CPOS3,1
TG-TNYRX08QY,2
TG-BWVKVLAVK,4
TG-2SVTSZ9T4,3
TG-O3FZZ5X73,3
TG-W75T5444U,2
TG-UFB7Q934U,3
TG-U084ZR2E3,4
TG-PA10LOK1G,4
TG-213377VQR,4
TG-YTIZJ08LA,4
TG-V3PBUVV9X,5
TG-PW8BHEBNS,2
TG-6JXPFZB4O,3
TG-89XO056LO,5
TG-IA2LQEVV8,4
TG-BAMM3HPXP,1
TG-XT9SOK37P,2
TG-ERCVZSTJJ,3
TG-WQ055KE8J,3
TG-J1K64R23J,3
TG-A8XN2Z7I3,4
TG-TD8WH6BNS,3
TG-HHV21VNUK,2
TG-DBKF6KR7G,2
TG-WIA8ZNH75,4
TG-FAOTRBZOP,4
TG-0DRNEX6Q4,3
TG-5Y3AD9EOG,3
TG-7LV40YWUK,3
TG-Y5QNTEJG6,2
TG-IJXJRCU3Q,5
TG-DG87YY13U,3
TG-1PTYSF815,1
TG-58Q5R7C2W,3
TG-FRDOGWXPT,4
TG-BRP9H2A9B,2
TG-L9CID8GVX,3
TG-ILC3U6HG2,2
TG-OX744DB1B,4
TG-EL2D811C5,2
TG-WBM2XP4V6,3
TG-WZ8GGW2UH,5
TG-PAG7SF5HM,1
TG-ETBIKV52Y,4
TG-VCM014AY8,2
TG-GQH9VYAXD,3
TG-7QIY91IO4,3
TG-L5BDDZC7G,2
TG-ZPBVA72QP,5
TG-3DV7OL7FF,3
TG-6WNWZWOWF,4
TG-L6HQUL20G,3
TG-FMWO4JBA5,4
TG-ZUMTEH8S9,3
TG-6NF09N423,2
TG-JQECWQE6B,2
TG-4R8PA47CO,3
TG-E3VY1VT36,4
TG-UVDK0406U,4
TG-I6B1UJ7DW,4
TG-8GAXD8IO5,3
TG-6V58BJDPC,3
TG-F7R7CGY9P,3
TG-FDSG1VD8J,4
TG-HQJZE56EL,3
TG-FLN8DDKJS,2
TG-3HAP9LIH4,2
TG-OZMRDBJMR,5
TG-FES1A5XXA,5
TG-SDM6SFHDM,5
TG-L9E0QTQVR,2
TG-41YPWM40S,2
TG-SKCK9XUGO,4
TG-X7DK3KLXV,2
TG-PPMPHN3SF,4
TG-NNMU968LK,5
TG-RVSJMQI60,2
TG-0EMOC5PM8,1
TG-2ZSGKY54B,1
TG-PL1DCYYBA,4
TG-IKJ01W1JM,3
TG-5NNK957TP,5
TG-NHWBNAAKS,5
TG-6PZWE3JMD,3
TG-HNYSMGELY,3
TG-OBLU7L3XK,3
TG-6TWK21RYE,4
TG-JDWXNC7GL,4
TG-WPMP7E3VF,3
TG-G0EN11R4Y,2
TG-1QIHC4Q1R,5
TG-C7OI1A6H6,4
TG-K5IBVPO3V,4
TG-1N4B3S3V3,3
TG-68PMNUV1V,2
TG-W8446WR8W,4
TG-4VLHE2NUU,3
TG-34B88WMEX,3
TG-JX8W9MA34,4
TG-770AC5GRP,3
TG-BMOCV9ED9,4
TG-Q4C4BR1J7,3
TG-4C6S242H3,4
TG-UOGNX6JJB,3
TG-ZM3QCLAKX,2
TG-SXIPO1O2Z,3
TG-NUO0SXP3D,3
TG-3BGJI3FGG,5
TG-A4FFO5UXW,5
TG-TGBAG0VL9,3
TG-LT8LF938H,3
TG-MXV356TZW,3
TG-HAOQI6C49,4
TG-X8LCJY1YD,3
TG-K5W5DC234,4
TG-5QPU1SD5V,3
TG-13M8K3OOX,4
TG-Z8XPLSLC0,2
TG-7W2HU9YQL,3
TG-8OOQILCUK,2
TG-RWD7UAJQM,2
TG-TDNLXYSYB,3
TG-A98MALD2A,3
TG-6JUKPMIOD,4
TG-WTP25VLFC,3
TG-9RSA1Y3KP,3
TG-UTM6XNDH8,3
TG-23QFF9YP5,3
TG-A7D5ZXH92,5
TG-ACUCGDLJ4,4
TG-PI1V2FV3G,3
TG-FKEEBLJDZ,5
TG-P7N5KFHSL,5
TG-44YFT4K5S,5
TG-RIGPC59ZC,5
TG-TUG5GLTJB,4
TG-SE8OJO5ZU,2
TG-9BOPMCUR3,5
TG-KPVC1UCNJ,3
TG-XQWBS3JHK,5
TG-EBZQB7MB2,3
TG-AVVKV8Z3E,2
TG-ULIESC39T,3
TG-6JMAYMR11,4
TG-3AWTDXP7K,5
TG-DYMPE2AYY,5
TG-0PE1W8EHB,3
TG-5Z4TCPOSA,5
TG-PRSD3CZ1F,4
TG-FWEG0UEQ0,3
TG-RIOUN12EJ,4
TG-EGABFBMPR,1
TG-QNSCY0JJB,4
TG-N4HBAIRE7,2
TG-OSLKOU340,5
TG-VJL6BRTO3,4
TG-JLG3GFSUE,5
TG-STJZMCLG3,5
TG-4DVVP449Z,3
TG-FRLVG2HKJ,3
TG-QR6WSRN63,5
TG-FJY0T65RW,3
TG-5QQMOQN9V,4
TG-BNZG11NIY,4
TG-DCD4YUYKJ,5
TG-5Q72905UX,3
TG-6HDV2W1SM,3
TG-LA9JHLVP9,5
TG-IXH7919AJ,4
TG-05YG5SW62,2
TG-S60MY5H73,2
TG-QNTADL3Q1,2
TG-CXSEP6WUR,5
TG-6BCEWR7Y3,3
TG-NDR2DO61F,2
TG-68KJ476FQ,3
TG-LOJ5Z3LNA,3
TG-9R6YT8VPY,5
TG-PAKYSLF5V,3
TG-91EZIXFA2,5
TG-ZUASJHR5C,3
TG-JJUCM2T2Y,5
TG-P6AO3Z99Q,5
TG-ILDQYXN4A,3
TG-BR6C5D0Q3,3
TG-PPT5TV2WI,1
TG-WXRRQM2C9,3
TG-P4J53CT79,4
TG-D7PE39COV,3
TG-FIMXRTZOS,4
TG-IE6MYBPO2,2
TG-WOF8RDPJW,5
TG-DTEV0F2UO,5
TG-DKILH5XXE,4
TG-89MUPVNDR,3
TG-W2S0D1X5T,3
TG-X5KJXHONT,3
TG-TZ1MP9SG4,2
TG-B9G9008BW,4
TG-QJN01KA0T,4
TG-0MPPTOEM2,4
TG-06VJFNQNQ,2
TG-XVUZTH9MF,4
TG-6HS795YFS,2
TG-QA2ALPT91,4
TG-W02ZB56RU,3
TG-7S4O0UKFM,4
TG-KZLD7JBMO,2
TG-3N7V3F2B2,4
TG-4YCLDY1EW,4
TG-KHH8KZ0JK,3
TG-A1QLL3R0T,4
TG-OI830LF84,3
TG-DMQ4U94HN,3
TG-61LAR30EW,3
TG-9P6D843YL,4
TG-MAF6PY7J6,4
TG-3R3B4RGNV,5
TG-7YTY3B7SG,3
TG-K72CTLV5F,5
TG-UO6SZGEWS,3
TG-XNPV5R7JR,3
TG-AGC42EO2N,4
TG-BRJA31LOK,5
TG-12SKPYCPZ,5
TG-K6CZRURJJ,3
TG-LKK1FO3YW,3
TG-0SW1YE5MX,4
TG-KVBVWE421,5
TG-XPZPUDLPR,4
TG-ESR9IRV3I,3
TG-JK4MZD3DH,3
TG-1XI0GVG0W,4
TG-W0Z09V4KT,5
TG-C1EUWB1LH,3
TG-59HUOZH8L,4
TG-VMRF8B4OT,2
TG-Y2B4DBP02,4
TG-F1EW7WHWY,4
TG-RZQ427QPC,4
TG-3J6FXJYYD,3
TG-M3VAT5T6Q,3
TG-O4UNUMVIZ,3
TG-SV3VCJN95,3
TG-8DA1HPQAT,5
TG-KYXWJIT20,5
TG-IGJ5TLL56,3
TG-3HXE284L5,3
TG-PPSG7Y1KA,1
TG-ZCC7WQJ02,3
TG-O7XK4MYOP,3
TG-0XTFKQAN4,3
TG-6GL49QVP3,5
TG-3KS7FLWO5,3
TG-K3EL823VH,3
TG-N8LMYYFNY,4
TG-HVHP55QWU,3
TG-AZLT5QX7S,5
TG-LQLFDZ2G7,4
TG-8FRPBS0O1,2
TG-UL3JF19VN,1
TG-P2IB2A2V0,5
TG-CN7EDK2NT,4
TG-K8JEKX9QQ,5
TG-NMDGKWAS9,1
TG-6XSRAE33W,3
TG-STOUMORTH,4
TG-9PK62JGI4,3
TG-HUJI0I0BI,3
TG-W3MHDGTF1,3
TG-V7PFP7KBV,4
TG-ZZ2UDRJS3,4
TG-DBWESJ16T,3
TG-RI739GQFO,4
TG-A7QK1RER9,2
TG-394D9GZWI,4
TG-I4CBHFJQN,4
TG-M23145EDP,4
TG-4KORPBU5H,3
TG-XT289ZIMY,4
TG-YCALCQ5RP,2
TG-0WA0SP9D2,1
TG-3JNRKCHD9,3
TG-CL90WX9D3,4
TG-YQBDR04S4,5
TG-272GBGC9C,2
TG-H0RNILXHO,1
TG-MR07MF6AB,4
TG-P2U2DLV2S,3
TG-PRWTF1O6F,4
TG-K4JB18Y0P,4
TG-EPA88NGXI,4
TG-D42ERXBJK,3
TG-B7ZAWYFP5,3
TG-6W85C8PNT,1
TG-P47TV5CLI,4
TG-M4MJ6SWWZ,4
TG-7IO9CH9PS,5
TG-MHPRJCMBR,3
TG-I8MRIVDRO,3
TG-N0FH0KKBM,4
TG-41OGSIHQ2,2
TG-FCFEHHWYT,5
TG-GK7G3ZH65,2
TG-LPKJH2RPJ,3
TG-MU8XOIU43,3
TG-FCLR0IJ1U,5
TG-SW7UJ1051,1
TG-NZQ6FHTO3,2
TG-KNRO8PTSK,3
TG-Y8GNOZ109,5
TG-NXUSJD7SZ,5
TG-8ODS5EWVC,3
TG-MEGTIAYAD,5
TG-5HIEOTTRB,3
TG-RJ5STRX5T,3
TG-LNWEWMRB3,3
TG-7WCOOLDS1,3
TG-FJU0ZA2K5,4
TG-7QG84WM3F,3
TG-JVUKU3W1H,2
TG-GC3IVVQJ9,4
TG-GW8K0Q6FL,2
TG-3RMFZ4N86,5
TG-M8KT46U3K,3
TG-W9SW86KE2,3
TG-DPHIPR5Q7,4
TG-ZINDC5T2B,3
TG-QIKNCW5DT,2
TG-I99YIAQ6G,3
TG-U4AYEDJA4,3
TG-GOIVOL2YU,3
TG-RH11UBKVX,3
TG-6G4HJN70S,4
TG-SPEQG1JLT,3
TG-GIS69KDAS,5
TG-POUIG0RM1,2
TG-1Y2CCYFWJ,5
TG-6EYMFXYKK,4
TG-J777HIGR2,1
TG-LP41CFBI8,3
TG-42V9OGP08,2
TG-EK54O3FMZ,5
TG-3EQ403HTJ,3
TG-74R25RJ66,2
TG-8CHPZVDCG,4
TG-7MEMKP1ZT,4
TG-3TU6IXVYJ,4
TG-A7847QT8L,4
TG-MTJ5TJPN7,2
TG-PWOWPMK2V,2
TG-NOFPHB9TZ,4
TG-934ET2F52,3
TG-ET9DVKRWM,3
TG-CP6BU1OVS,4
TG-SK75J7STD,4
TG-579DA9OIM,2
TG-5XFZZ6TFX,2
TG-OGXQ1VFIX,3
TG-T5L9EL6G9,3
TG-AZ85SYVU7,4
TG-JQDQ5XY9U,4
TG-67PM17WCM,3
TG-YMZ5M02C3,4
TG-Y6PH6K9I3,2
TG-T71WJ3B26,4
TG-JZRCJX9D7,2
TG-WUCC4DO6Z,4
TG-JPE9E649M,3
TG-NMKWEH1ZH,3
TG-9O7SFDQMP,5
TG-5Z6DMEGWK,3
TG-2U0XDYD3X,3
TG-5J8GSHJPU,4
TG-8O06V2WPX,2
TG-DJQ2E5H7K,5
TG-HRLB36Q8A,5
TG-V0K8GJQUC,3
TG-06VCUV59U,3
TG-U0LUU2ASO,4
TG-ZUPPTFL5X,2
TG-G4GH0PRSH,3
TG-X45OZQ5ZH,3
TG-504RRXBE3,4
TG-AR3LLYNT0,3
TG-X7VCHXFZ3,4
TG-JKLUOEPIP,2
TG-EXNFSVLFF,5
TG-WFZSLN6UY,3
TG-G118GAZ97,4
TG-02JRQB1O1,2
TG-WBNY8UCHF,3
TG-P2YLI5M47,4
TG-RJ14JGAF2,2
TG-AGA0N69R1,2
TG-4EKUKBQ9K,4
TG-790R6D3Z6,3
TG-8GO8C8V4V,2
TG-2CA1NNKR7,3
TG-YUDKSO490,1
TG-VJQGZYXM1,3
TG-PLALBMOSL,1
TG-AXIUBVP69,4
TG-NFM7E4CPQ,4
TG-57HO3CG8I,4
TG-EDDGW94FE,2
TG-10L0JFP2B,5
TG-UBS9EN8JO,4
TG-LWDPTJKWI,3
TG-VRZHC7YPS,4
TG-DORV3L62M,5
TG-WDT7P6ZQB,2
TG-SXQCRPYEK,3
TG-4UD3SC7FD,3
TG-95WQ86TZN,4
TG-7J05EJAJ4,3
TG-P26ST19QZ,2
TG-TEDSJFBXJ,4
TG-B1Z3IPLWQ,2
TG-E3IR0ZM0O,2
TG-MZ8L8UAGO,3
TG-8HFJHBS7Z,3
TG-17IRLYYOQ,3
TG-55L8K105I,4
TG-BOD0SEGH7,3
TG-3TKBDV345,3
TG-CTUJ8GHLA,1
TG-PC6AA0NJF,3
TG-41XSGM9GQ,3
TG-CQOGYRT5P,5
TG-3VVX8H5F9,3
TG-TRXAG5MUV,1
TG-FLHAW0018,4
TG-TGECLJKYJ,2
TG-7QG1NKSB9,3
TG-Z1TYDUO2S,3
TG-ZKB6HCXJC,3
TG-LM5QI8IID,3
TG-M7M2U5U1U,5
TG-UQEVMHM5A,5
TG-3G2GCJMXM,3
TG-PQLHFD6MI,2
TG-5JGD3CH4B,3
TG-G5HNH7F85,3
TG-GLRUB2HDN,4
TG-BOQ3WXN1Z,3
TG-5RUK3AQZ9,4
TG-GW7W6I44L,2
TG-RKCKPLOT4,4
TG-Z2OSG8B2H,5
TG-0PMAKNGSL,2
TG-0PQ8UNO56,4
TG-06A741M96,3
TG-I4PPWX9H8,4
TG-KHPUJLBTT,5
TG-IG4AMSYWI,3
TG-LHDJEL541,2
TG-7SVAFM6WS,4
TG-F4VHOEVSI,3
TG-M6ORDP4P4,2
TG-77LJ1IUND,3
TG-R5V2NUL5R,2
TG-SPF96H4KP,3
TG-D5P9YIMZD,5
TG-4IF5UCJTI,2
TG-E94H7QSPA,2
TG-JQ8X1H03M,4
TG-YP8O2G6C2,4
TG-2BUJWMMMP,3
TG-CZFDDIRJL,2
TG-R0V5KV8QP,3
TG-6RA6A14FJ,4
TG-F5H1RCGG2,3
TG-WSJ1UIIME,4
TG-MC9DZX1DF,4
TG-RSEUIJJMQ,3
TG-6WNXWVSQN,3
TG-MDRXJJV0Q,2
TG-CZVVE3LIJ,3
TG-Y0B1IYUF8,4
TG-RIYSO7MNA,4
TG-Z1UTC84WH,4
TG-MXZWZR5X1,4
TG-EG9EFBJE7,5
TG-HVG4EF0PW,2
TG-M018FVBMR,3
TG-W9MFGUQ9U,1
TG-5KCHNJOF4,4
TG-BC0F3B3H5,4
TG-JO771S325,5
TG-S1R1XCI5Q,5
TG-GSO5HXP6A,3
TG-VMN8PD7HP,3
TG-PNQTVBAQF,4
TG-GVLCPKIH0,5
TG-S63R5WMYI,2
TG-FXR6ECO5V,3
TG-PW9GPIF2C,3
TG-APWTPPQAJ,4
TG-GXVJE2XCG,3
TG-NWGGOXFNU,4
TG-VJ9C5OINF,3
TG-XN5FV33CY,4
TG-ZJSEQFOFD,2
TG-POFHS0R33,1
TG-68NM44Y6N,1
TG-0PT4IHY6F,4
TG-9CAF36SLF,4
TG-KA5QJWD1L,4
TG-WCZTN0BVN,3
TG-LTCBCU6GP,4
TG-O4ACCYAP8,4
TG-PICO0CL1S,5
TG-XTILUYUJK,3
TG-87GWMCGD1,4
TG-R4GB3MOAJ,3
TG-5080BB4K5,4
TG-2E35W8G18,3
TG-V70WJRGXH,5
TG-VMWGVQ1VV,5
TG-7DYAIAZIH,3
TG-7TLMBITSR,2
TG-4UO94XRQ9,4
TG-ST8G8F3S5,3
TG-OKNQF1SKM,5
TG-EGEJWVTND,2
TG-5UABIHPNY,4
TG-J2JXPV9BK,2
TG-B4QUI6CKS,4
TG-FBW0K4BTM,5
TG-YPC3T92RJ,3
TG-1DNU0AQHE,4
TG-FFZED0RMX,5
TG-Q4VBG2SNA,5
TG-1QK3EPYCE,3
TG-RA155L47I,4
TG-SWUBM8LVX,4
TG-ZW4CVL9W0,3
TG-8GS8DQTWU,3
TG-YHNLCX1N7,5
TG-X3BDNIPVC,2
TG-53OIRVL40,2
TG-ZB5FIBO4Z,4
TG-3R7P8O2GH,3
TG-GMY7LOPZP,3
TG-YL1I6386U,4
TG-PWNOL6VPA,5
TG-0HE94SJUB,4
TG-BTSTL4K43,2
TG-ILTWMD0Z1,2
TG-R1JVQ2S94,3
TG-LZFG2NBM0,3
TG-SOLDY6SEQ,4
TG-6XZC46SHH,5
TG-PL4RRUA6S,5
TG-YC0DEFCEE,4
TG-T6N4KRO4W,3
TG-FFEM1QI8P,4
TG-0H5QHLQU3,3
TG-TD6U8NFMX,4
TG-QIT5X19UD,3
TG-3KUA5GQYE,3
TG-6PCCOJP89,2
TG-VO2A4J8LC,1
TG-CTHODMWY3,3
TG-L0Z560OEY,3
TG-CV3GHQVBI,3
TG-P6Y32TANI,2
TG-PRPQYFEDU,2
TG-Y9P167WLL,2
TG-NVD052K3S,5
TG-IEIGZ52X5,3
TG-Z7YP1NYET,3
TG-0C2WC2EV3,3
TG-AM8PS3J22,4
TG-VDI8TO4HG,3
TG-TU1WM3TKI,4
TG-ORU1I06L6,2
TG-3ENQETGBG,3
TG-AZYMT7QI6,4
TG-FSSL76JVE,3
TG-4XA7O9O2M,2
TG-HGKWKQN50,4
TG-LOO2OWAJO,3
TG-TQ4NZWDE2,5
TG-2RZSIZPAR,4
TG-B6QZSEXYX,2
TG-YQ4HT7KZK,5
TG-2KZYET9BJ,5
TG-C4GB5YJMI,2
TG-2VA55V3MS,4
TG-24ZHY30OX,3
TG-MB0S3LZKW,4
TG-2146S1MTM,3
TG-1193NXBJF,5
TG-L4YDSY048,3
TG-YMGF682FM,3
TG-O4ZWCAHJ7,3
TG-KG00A3ULP,5
TG-LBLUMZ8YD,5
TG-HB8JZM76K,3
TG-C8C67Z7QM,3
TG-2HBK8AP95,4
TG-LJC0P6DX6,3
TG-HUXK4BA9H,4
TG-PAZKROOEI,3
TG-C3HI9ENGM,2
TG-DZLHLBYT2,4
TG-6QMXBXFNN,3
TG-LHIO5H5A7,4
TG-ZDWLAJ1LG,3
TG-49FACFGMZ,2
TG-Y9CRGH9NJ,4
TG-2I23838CC,4
TG-UPOB2WGIU,4
TG-BZ8AQOBB1,3
TG-HXZV9DBQ3,4
TG-VL4HX9S69,2
TG-GTCVE581G,3
TG-TLF3L7CHV,3
TG-9M7ZMXVWD,4
TG-NX8CXJP3H,3
TG-SIZU988RO,4
TG-RFL7OXAEH,4
TG-UAAH2US46,3
TG-RWS35E7IB,4
TG-H6KJ9F49T,3
TG-7XKRQAD1E,3
TG-MJW5X6BJK,4
TG-6HRJHLOYW,2
TG-EYX8CF3DL,2
TG-ZJ9Y5VYZO,3
TG-O2IRW99GA,4
TG-LARNUQCVT,5
TG-6C2TES9Z2,3
TG-Q4WB503EN,3
TG-DKLUPKZQI,3
TG-K0Z4N1RMT,4
TG-J4JBEVPFT,4
TG-WVNCDOHAM,4
TG-4U5UMTO5D,4
TG-6Q7UT8HLN,3
TG-QIRODR7M6,2
TG-UXA2GVC3Z,3
TG-A8KZNTGEZ,5
TG-EFN5HWVW9,2
TG-CGBEDZDTQ,5
TG-47JYZDOB4,4
TG-CX4U7VO5D,3
TG-1GZ4GT9WY,3
TG-DLPUQX6IM,4
TG-7G8G3BXQN,2
TG-YAX9LGHXP,3
TG-SOWHDFR4Z,5
TG-WFPQCJ7P5,4
TG-S2EOF0U09,2
TG-B4K8IVHG8,3
TG-SSVG59F28,4
TG-SEP2ZQ34K,3
TG-6B4Z2NL2W,2
TG-X5JLC7PPX,3
TG-86J2KF2WT,2
TG-BJAAWOHB0,4
TG-N5QEIDXY5,3
TG-20AZ2N2Y1,3
TG-CD6VYSBVG,4
TG-KAOMXQSKH,2
TG-NHN3G7XDS,4
TG-GAKGD2GJ6,3
TG-BVG2WOBC7,3
TG-ABNOPT30Y,1
TG-7RTKY7HPA,3
TG-2RFIEJ2RX,3
TG-6EE7990YG,2
TG-RG6614V47,5
TG-DLNVMXDM0,4
TG-FHEFH8IUW,3
TG-RC6Q0RYPN,3
TG-NO83BTDXM,4
TG-I1VEWA4DA,4
TG-NWIS037MK,4
TG-JS1PSMV38,3
TG-GOJ1ZFH5R,4
TG-LLLV2O6GG,3
TG-HCQZCRMQ5,3
TG-7BGSGJ4PI,5
TG-KZFV6I9RR,4
TG-HNP1S2IYG,3
TG-9SF4Q0AA8,4
TG-EVRIQJ6NL,4
TG-S9CCDT6K3,3
TG-TXOIS8IDP,5
TG-FJD1C4633,4
TG-819489VO9,4
TG-QZN77GDHF,3
TG-WJOAN8665,2
TG-LBB7BEIB8,1
TG-F7UZA6N3X,4
TG-620WQ8X34,4
TG-FJ7H23UJ3,4
TG-04S8FXXY1,2
TG-RGL63I8OA,5
TG-YEL7DU9AN,5
TG-1QBB2A713,4
TG-H2KPUW9DY,4
TG-RG37ANRIE,5
TG-OQCKY2GDM,3
TG-NXO30W968,4
TG-YYMP9LGBE,1
TG-DRXSHCW5S,3
TG-9GOWN1QWS,2
TG-G94KQY81K,3
TG-MFLKSO4S4,4
TG-B84FL7CO9,5
TG-Y4GA8OUZB,3
TG-XNY7OVPE7,4
TG-P59HM0IJQ,3
TG-TG46A8ETN,2
TG-URHM4R6YR,3
TG-SJY6MW5KG,2
TG-375VDA1YO,3
TG-3MANY6NLS,5
TG-LW81FE46R,4
TG-9PELI1N4O,3
TG-MPF5W2FO3,4
TG-ESMMC44CY,3
TG-FAD96BJPV,5
TG-V2HQSBWPK,3
TG-RFA1WLMYT,3
TG-OY1C83BT4,5
TG-7L441LHZ2,2
TG-FLQ08GNB1,4
TG-2RQ9QDCD7,5
TG-R5SYZYMDQ,2
TG-KM1YC5RHA,2
TG-H99YY7V20,1
TG-2NO8HWW7A,4
TG-LV3T58V0Z,2
TG-AAV3G1M3Z,3
TG-RMIEUL9AO,4
TG-ZBB0O30Q3,2
TG-JGXSFKQWG,4
TG-7ITI10MJO,3
TG-JA19L41Z5,2
TG-5JNVX3S84,4
TG-MWZD2S8RT,4
TG-MTV78PWJT,5
TG-L52TBGR3B,4
TG-HAWO9VIDZ,4
TG-LLIAZNSWL,4
TG-XH0YJTB3Q,3
TG-VJPP6Z3QO,3
TG-JYHPYNG9P,3
TG-QMZ3MJUZP,3
TG-A7ZT6O0ED,2
TG-08GBYSOOU,2
TG-BCQXVZ3OX,3
TG-PO3WH397W,3
TG-8T1A25E33,4
TG-IO55FAT2Y,3
TG-LKMV658MT,4
TG-3A1F2JUL2,5
TG-MI9UJCGI8,3
TG-6MIOJTPFQ,3
TG-5JX460BY1,2
TG-9UWAFWSKF,4
TG-P69J97WH4,3
TG-5LPZEX027,3
TG-IMQUNJSH5,5
TG-54GDY9LMC,5
TG-JOTIKTJ0C,3
TG-4I9QBBUW6,1
TG-54O9V4GDF,4
TG-R1IA0LO38,4
TG-WH21BCZT6,4
TG-FPFIKKCN2,2
TG-KYRQ2KP42,3
TG-8UUN9F4FI,3
TG-67N9PZV7X,2
TG-S1NS7GBUL,4
TG-S1AOQ6V5M,5
TG-EC5J8RG2K,3
TG-S3YBTQPAV,5
TG-LXGXH2MZO,4
TG-603FRLAPH,4
TG-K4W1DUJN1,4
TG-13VP3MOPC,4
TG-I2ZML3856,3
TG-75GEP15VA,3
TG-LXRRDXP3J,4
TG-MZHLJZSGC,4
TG-NPDFK6EW0,4
TG-V97XMF6V2,4
TG-4XO2K2EXF,4
TG-8HYSI9YLS,4
TG-3RJBOSYM2,3
TG-SPGV1W17N,2
TG-HCMBNDEJD,4
TG-MFXE9BS4L,3
TG-9LIJ5KR9O,3
TG-T7AIOKFJX,4
TG-JZ0W52585,3
TG-LNUK2MJ0A,2
TG-BYLHETT4E,3
TG-A99OCP4JK,5
TG-6PSPDGDHO,1
TG-KG5MY0QOH,1
TG-865FC562Z,3
TG-I0Z76O0OV,5
TG-N8P01JS1T,4
TG-WIQOSLKBH,1
TG-SOY1GL7GR,3
TG-GSPA49TQ1,4
TG-5MDDO7H8L,4
TG-YU9I3JSD5,4
TG-ILB7DO13P,4
TG-A6U7N7F0H,5
TG-W6XWZXNOT,3
TG-XJM09OZAM,3
TG-VUPEP1TSN,4
TG-2JRBPY0BA,4
TG-IKYQLF0BS,4
TG-THDQ3O1LU,2
TG-E32XS0QS8,4
TG-0XM7X593Y,5
TG-F0SV50R6J,3
TG-LG3ES81FA,5
TG-80GH0M2DA,4
TG-YWTY4UT1U,2
TG-Z7FIPOMVG,2
TG-NXAONXXGB,2
TG-A1YF0LKWA,3
TG-AEKP48143,5
TG-DEAP1N4XU,3
TG-XGLUKXUME,3
TG-UXWF5A49A,2
TG-Q8201B683,3
TG-D5N45AERX,2
TG-OXHKQDCFP,4
TG-AM2PG1E5D,4
TG-209G5CYU7,4
TG-RQQBG3EJ1,4
TG-LFDLIT76M,3
TG-3MTCQLPWN,4
TG-8HXEO5NTI,2
TG-2HZDAY9HO,5
TG-4UUO774NB,4
TG-0AU32674B,2
TG-JNZQY55XN,3
TG-3KB6IAWEH,4
TG-Y4TE8KSRA,2
TG-AW9D6B4MY,3
TG-YNXR4Z06K,3
TG-UZN5VBINN,2
TG-EI7KVOE6T,4
TG-XLFAP7LVL,5
TG-EDC8HFJC0,5
TG-9HD7H179Z,3
TG-LJ1PB9IOK,4
TG-1GW3VCHQH,4
TG-NAGT0B4W6,4
TG-9Z6EDD58A,3
TG-NW3YMUT1Y,4
TG-2S35E97CH,3
TG-1ZH00BCMI,4
TG-BR1WU21NR,3
TG-L95S0O5TB,4
TG-I020U45RV,2
TG-VRFKRRLVP,5
TG-FQDTB95B2,5
TG-QTDQT9JSA,5
TG-3GJTNCC6L,3
TG-NTB385OYL,5
TG-2B8FDKKD9,2
TG-LO57XS2E4,2
TG-Y7L30QGF9,3
TG-QTX1CB44F,3
TG-PA0SI5J9J,3
TG-4ZM50NMYM,3
TG-TOCL3QFN2,1
TG-LI64NHFWG,5
TG-88Z6KQPGC,2
TG-LC3NU9VRM,4
TG-3OUS73QSS,4
TG-T2ZAQTN2P,4
TG-1111RYSHX,3
TG-E3TSDBUNG,3
TG-WLNLN4CVT,3
TG-UEA0CLLYS,3
TG-APIT1DKYR,5
TG-DM539H7U9,3
TG-XQSISMNAY,3
TG-UUAJWVFRM,3
TG-M6WQD8W77,3
TG-Z3P484PZH,5
TG-I7Q82ZYFS,3
TG-RMTHU7WTU,1
TG-M18YDB2CJ,3
TG-PVWW8V0PM,3
TG-3W5Q2YMG7,3
TG-ZXPA0CGUC,3
TG-8DVT236TU,3
TG-1RIJH2BJQ,4
TG-JAWSJ1CUU,3
TG-48UZM1STC,5
TG-OOCKTM332,3
TG-E07KPYZGP,2
TG-SR18DH8X2,3
TG-7PVILQL7O,2
TG-0UVQHNIAQ,5
TG-D7916KV6B,2
TG-8F6AFOLAQ,2
TG-DGVKT82EO,3
TG-FAZWP54SZ,3
TG-ZYLUC1JHB,2
TG-O8OZKD857,2
TG-JPFB5DTMF,1
TG-1X09R2LDC,4
TG-4DLII05J2,2
TG-U076CQ92F,3
TG-E7GRCOD96,4
TG-LF388ZVYR,3
TG-P153BMHWL,4
TG-58WYVO5CP,3
TG-L92UW7QQJ,2
TG-ZCHLOD46Q,1
TG-22EKAC2XF,3
TG-L25ALHZMY,4
TG-ZYOZD5LKO,3
TG-681QTG0XS,4
TG-0CMXZUECS,1
TG-XP464NKIC,4
TG-90XLSZFFZ,4
TG-X7LPYZH5X,5
TG-ZP0ID7TOU,3
TG-C64MSIWRK,2
TG-80T9Z1UAA,5
TG-SZSEZNN9I,3
TG-6HW3J4SHS,4
TG-C8CRV8RGU,3
TG-9JDONFVVU,5
TG-YVDFMF5IU,5
TG-HK4ZW15CG,4
TG-7235R1NOU,3
TG-AAZ53N4XJ,2
TG-5E11Q8CLF,3
TG-MZ9UMEFRI,4
TG-C4ERS33UB,5
TG-L99Z7IIGG,2
TG-12OK8HPDI,2
TG-VI7078EQ6,2
TG-DOX7J7AUR,3
TG-WJ1HM4E3Q,4
TG-K6SW4TNLD,3
TG-KPTQYTHK4,4
TG-3H82697GR,5
TG-8PJA8708E,2
TG-0ZRQYR1W9,4
TG-3EFSBTTA4,4
TG-RJR9S72HJ,4
TG-FASY5OCUN,4
TG-BRU8VC0UG,4
TG-VR1RRGG25,2
TG-UBGIQFOEL,1
TG-BW5D094YL,5
TG-Q2W5BBZOA,4
TG-8NNNWE20O,4
TG-EAF9UYZWE,2
TG-YORF2GQJV,5
TG-624YLNTE4,3
TG-B2MYHNTQE,4
TG-BZST9POQN,4
TG-SAIBEE08N,2
TG-BCSKTQ4MU,3
TG-XOMNTI6SV,2
TG-3EP05PZ1N,4
TG-JPYPI3BR3,3
TG-KRTRQNPLU,5
TG-QYVUEZ3FT,2
TG-GYDWB6NX8,1
TG-OF9B410OB,2
TG-TGHKJEOJA,3
TG-CQ84BGGET,5
TG-48XK2REQK,2
TG-7C9CBP3CE,3
TG-IY7J2FIG2,3
TG-B9QGAD0LT,5
TG-6WCT4CVT8,2
TG-0UJQN30LP,4
TG-KLNOTYU18,4
TG-HTTGQBZ9Y,4
TG-VC7LOICZA,1
TG-HSLE4Z8TO,2
TG-4Y5936ML1,3
TG-WLITJ92W3,5
TG-X62VO3QHC,2
TG-7LKZBIL23,4
TG-DYZJ5ZCAE,5
TG-0WFMRQXCE,3
TG-MZ93VRK3D,3
TG-VYRZF4AHI,4
TG-388L2NNCO,3
TG-59IRTZM1M,1
TG-ELDO8SGOX,3
TG-3FQ1MUPA2,4
TG-LOUDC03XV,3
TG-OJ28QWQJV,3
TG-DD05P9ET5,1
TG-9RR4REZG9,2
TG-4Z6XDJ5PD,4
TG-XU6NONGM2,4
TG-TQ73YSJ6C,5
TG-VSX5S7KYY,5
TG-K4PT6AJLC,3
TG-OLHP5XEK5,5
TG-B6PKVPS43,3
TG-CI2LGCBNE,3
TG-XXB3WYS0A,3
TG-9YTPMTWM9,5
TG-ZD4OMFICV,5
TG-RA1RVKS43,3
TG-4G3G16LH4,3
TG-WBUU6W4O1,1
TG-YDNT8WSDE,2
TG-IOYQRT2LD,2
TG-X68RZ14F3,2
TG-VE6IVDL9N,5
TG-0XJ7W44RB,4
TG-0H0DLQ9UR,3
TG-EJU6DI1UI,3
TG-1BE14AMWA,3
TG-NR2PI3TM9,5
TG-C5B6T8MFU,2
TG-ENCJVV08K,2
TG-MQLU7B2WC,3
TG-90IT3E25D,3
TG-ONL6Q0UZ4,3
TG-SYYLW58MF,2
TG-FQZDA8BXS,4
TG-DFQBNPHQC,5
TG-D96K2FLNM,3
TG-O22IS0F0H,3
TG-75I9ADRQK,4
TG-4HNXA3ZRG,5
TG-H41K3R0VB,3
TG-I7P3P9JAA,4
TG-67Y8UMPXY,2
TG-CVZNLSWFE,5
TG-EJK5SQPNL,5
TG-ZBD440FP2,3
TG-YRF7PFKPZ,1
TG-7AM09SWEZ,2
TG-4Q604T726,2
TG-KQR53UU7H,2
TG-1Q0IE1NQT,2
TG-5CNBKKWGF,4
TG-2EXY1RHQK,4
TG-0PHIZZEQ4,3
TG-YWH30UEF7,4
TG-PZS11I8QF,4
TG-D56VHR889,4
TG-ECD0SQ0AN,5
TG-VKLCZ687T,3
TG-2BDNJGD14,4
TG-BR0I4VKXL,3
TG-S6J334XH8,4
TG-Y568G10OB,2
TG-GIBQ3E05X,5
TG-05QHGQDXJ,2
TG-Q8QLQOEFT,4
TG-7CX3LCZS5,2
TG-LU6QBOAVP,2
TG-QBN0OFOE3,4
TG-NV83WLVYD,2
TG-C0PFTOBWL,1
TG-8PMEH756J,2
TG-YT3SBGRRJ,2
TG-DVMR3LEAR,3
TG-8K9H48K13,5
TG-WZ5G39CEX,4
TG-AKH25D1IE,3
TG-LRP9QDL71,4
TG-SX7QIW07M,4
TG-BN6YP2PLM,3
TG-8O65RPUKY,2
TG-AR3PVKLMO,4
TG-CPK9JTJJB,3
TG-7CGSZ4E0C,4
TG-XRENMZZEI,5
TG-22P9P3I1B,3
TG-E768FS8QZ,4
TG-B6NX2BRTK,3
TG-9E3OQREVK,5
TG-DYMQ99SY0,3
TG-A37W8NA1T,3
TG-X1RZR6SBC,3
TG-SEH0QNI6J,1
TG-2Q1OKEOCP,3
TG-2JFFVSCOO,2
TG-8RXKAPTMB,2
TG-MHIJCBTQJ,2
TG-PMYLLVPNM,2
TG-PX4GC8MUX,4
TG-SSRQKQFEP,3
TG-UFAXU77QO,3
TG-96O5A2JWP,2
TG-NRHG14ZBN,2
TG-OSOQHDMAD,2
TG-6FKL4YGBN,3
TG-JNPKINFR6,2
TG-4Q0AMRBU1,3
TG-W78FU4WFA,3
TG-MJMTOV1WO,2
TG-BDRDE8BLD,3
TG-RXURJFLBA,4
TG-MSX1AUL25,3
TG-TT9JAIS3I,4
TG-CRRDN9E8I,4
TG-NZB06JGFW,4
TG-7H4O4XGBM,2
TG-5CYBGOT4A,5
TG-ZY5M085VR,5
TG-PJ9MFSBZ2,4
TG-LHMQEQ4LR,2
TG-M7RLYWRHH,2
TG-WVNEIG5PW,3
TG-8ARNSXNSI,3
TG-YYVEAPKX1,4
TG-1PNJX207I,4
TG-DVH0EZD9F,2
TG-IVZZIPPG4,1
TG-MHIOGE3I1,1
TG-J3IXCBBO5,5
TG-SH435D9DJ,3
TG-LPBV68JMK,4
TG-RYET9X1B5,5
TG-2JAKJEHRP,4
TG-9MLWCKNL0,4
TG-T9N23WLM8,4
TG-13F1ZQ2Q9,2
TG-17FGUFXZ1,3
TG-FBNW466QX,1
TG-JM9DYKAQ4,3
TG-41KV2B9BN,3
TG-S8HN0FGHO,3
TG-R3EJWKNER,4
TG-CPEFIBRWF,3
TG-MB0OPESS7,4
TG-XYBN3OU7H,4
TG-0EOJD7HLS,2
TG-1Q4OIYQDX,4
TG-JROQ47XJP,2
TG-C4WCFTPDN,4
TG-ZQPRC4UF4,3
TG-0ZW1VY5BP,3
TG-TCOXC5FQW,4
TG-0YR8MPJAY,3
TG-BRDZM1773,4
TG-X41HI1FP1,3
TG-4CGAP75BD,3
TG-SZCIKMDPG,2
TG-FIBHMCZYS,2
TG-JJEDG1KEH,2
TG-JUE6CNQRH,5
TG-4FP887S8J,4
TG-1GFQWZN3J,3
TG-QAQ0203YE,4
TG-3R8L4QNQQ,4
TG-NB2CBLKLE,3
TG-8BOUE66IG,3
TG-88MQMGRPU,4
TG-SRKJ1V9ZW,4
TG-PSK5IA6KM,3
TG-WEZABSC5H,3
TG-27G1JKLM7,4
TG-R5PBS6X6O,4
TG-HX85K1KKY,2
TG-90GMYFB3W,3
TG-HOWHTSQZA,3
TG-4VJ12WEGB,3
TG-NJISNMY6C,3
TG-ANH950B7C,4
TG-JSMN0RDAU,2
TG-9QPEY4GPB,3
TG-JHVE69HYK,5
TG-NIGDWHYZV,2
TG-GYYC6M3YS,1
TG-SIUXS2RID,4
TG-R9CG07EZY,4
TG-IMSWY59Y0,5
TG-5SWH9AP7J,2
TG-P8JKBO10G,3
TG-49823LJ6O,3
TG-LTKAQZJ80,4
TG-VL78HZB21,4
TG-FC9KSLZEY,3
TG-N2YLPP7JW,3
TG-BU46W6PR9,3
TG-MSFIGLHGN,2
TG-SAOBQR3CN,4
TG-59J19K6J3,3
TG-3VV91315O,3
TG-W5VT90F3V,2
TG-XYTPI2TVQ,2
TG-V9V3FXZEE,5
TG-BJKZ34P2M,3
TG-WH8XVSP5C,4
TG-C5UQD83JZ,4
TG-0UEP0UXBI,1
TG-V5ISPUFUG,4
TG-P63X3T8CU,3
TG-VJQEUJJ1Z,2
TG-5B8HD6PVT,3
TG-L63J8SOPT,3
TG-SYG374Z32,3
TG-BNA4I6ENH,4
TG-BC71KEWI4,5
TG-84WGFO5BV,4
TG-QVIB1OOV5,3
TG-U3VS2A5TY,5
TG-TWPHYMHG2,1
TG-SNJRGLXOQ,4
TG-OEZIIJZOY,3
TG-M0B3S4RVI,3
TG-AYP4GLNXZ,3
TG-1PU5LBWGG,3
TG-KAJQNCPA9,5
TG-UVWTAL5RQ,3
TG-PV283H0VH,2
TG-L8Z1JS023,3
TG-TC5DCRD7I,4
TG-R8RPZLE8I,5
TG-P7SJIA0X4,4
TG-1V41T65WN,3
TG-79JUH0QYY,2
TG-8NGRDMZWU,4
TG-6RVSXN4NY,5
TG-YT8JQW4G4,3
TG-N9LFY5FAU,3
TG-BOM3I65YC,5
TG-50P78QZM7,1
TG-53YYI9LON,3
TG-TVWYL7NFQ,3
TG-XSL1G000Y,4
TG-ADGPP4YC2,1
TG-UCXZ4F2NZ,5
TG-42Z8WCDYZ,3
TG-BQW3A9KQL,4
TG-0FN7L9QXH,4
TG-6FIRSYJQG,5
TG-LWUZDUCNH,4
TG-TA44P21TJ,5
TG-GXBLM6X9S,2
TG-VVQNF7S1X,3
TG-FDWCA6EYA,5
TG-565U9IUB8,3
TG-6UU44D5U4,4
TG-E7JW1RR71,3
TG-0FVKJIRGP,5
TG-CI4RJGP2X,4
TG-QPDSQ6DT6,3
TG-K5VZT5D8H,4
TG-30ZP4JQ7S,4
TG-P36Y50FOD,2
TG-BW4SLL0BV,3
TG-QSY49DKEE,5
TG-M1WDEM5WD,3
TG-9RBH6YR8J,2
TG-F1H1IMNNE,2
TG-KZ27IW1NN,5
TG-4F3REHWFD,3
TG-MPBHBPSU3,4
TG-TIOP7FDQL,5
TG-1KX0AWU80,4
TG-DZQUV8NTG,5
TG-U9873U1CM,5
TG-LZ95BPJHP,5
TG-NTH8U37EJ,3
TG-I43RXL9BL,5
TG-QLRQ2A5G3,4
TG-24MBFPWUL,4
TG-IW5QEYE78,5
TG-NZQ627VM7,5
TG-NJRUO0EGS,3
TG-ZO4NQ1QJI,4
TG-9SWNOXNMF,3
TG-61S8OOBTG,3
TG-J48P21ZI0,5
TG-GPYAS5EXH,4
TG-AXBNNEG1I,4
TG-I8TE8I4HV,2
TG-JB17H2WIB,3
TG-W0V1GLNLW,3
TG-6TDQ733H4,5
TG-2FNZV82ZT,4
TG-5EIQUITCW,1
TG-6OOSKWXQP,3
TG-4LB2APY7K,3
TG-1IA0GURXB,3
TG-TSAXPFU6Y,3
TG-KEGFQ1VVL,3
TG-NY3UARY8B,3
TG-H4F6K8IV5,5
TG-C3U2Z6P9T,2
TG-D70J8MFVG,3
TG-7VAM5POCW,5
TG-T59APRPYO,5
TG-C20U377U4,1
TG-9FZOFZHO0,4
TG-L1G5PE45Y,3
TG-HT6BX57ZU,3
TG-ODUFPAI0T,4
TG-I030N2SX1,3
TG-GYV4I0XMC,3
TG-SOD5LOQEY,3
TG-PPUILJ0DV,2
TG-AREYK22Q7,1
TG-3ZDXFE7S9,2
TG-U5Q0V8NZ1,4
TG-4QT4J4A8Y,2
TG-DSLYLYGUG,4
TG-5TMZDPVNR,4
TG-ENMG7THBB,3
TG-687DDOFMC,5
TG-TVBCSJXDH,4
TG-GALSZD1UP,3
TG-NZJFMPA7D,3
TG-5KQUA3MW0,3
TG-Q66W4Y5O5,3
TG-CEZOWR8S2,2
TG-9JYGX3S5T,3
TG-T9ER1MUKB,4
TG-YL3X03ZSA,4
TG-8D93DQTXX,2
TG-GZN3Q2S5C,4
TG-LFJAU6GN3,5
TG-9ZINDKLTX,3
TG-4JLDDV1J6,3
TG-4XCSK1GKO,3
TG-78M67O109,4
TG-6KGFHCQD8,4
TG-3BSX80ODB,3
TG-OAAM6DHK6,2
TG-Y90EUGTYQ,2
TG-FM4RR5KSE,1
TG-YZU69258C,2
TG-WALXYMTKL,3
TG-PYT0ZP70V,2
TG-5ZOQKHC43,3
TG-5VW7SOZ07,5
TG-Q4G3K5VWB,3
TG-HY86ZE39Y,3
TG-GV0JW9JDC,3
TG-KYVLQBONI,4
TG-H66UC37YP,3
TG-CPDY2XVO5,1
TG-IU8CGG939,2
TG-8FGK6QDUJ,5
TG-JX3DJB1GB,3
TG-L7F1TKHRJ,5
TG-1F2WTINXT,4
TG-XJ9270LCH,3
TG-0Y7W4KDJL,4
TG-45F7UYBYK,3
TG-RU74SWZ57,5
TG-SRG1WBP47,3
TG-RETYO52IP,5
TG-NMMHVPFE6,5
TG-JFPSWOD5M,4
TG-KWKTINXP3,4
TG-E0T00CGSB,2
TG-FYBIBT38R,4
TG-A79Z5MYE7,5
TG-ORX8SQVLC,4
TG-P37C9C4R3,4
TG-2W1R8MC3M,4
TG-JP4P2R3SK,4
TG-H2XA4M84I,3
TG-ACSRRZYMZ,3
TG-BH2C75FWN,2
TG-W6B5R9E21,3
TG-TOCT30DSG,2
TG-VBCV89G92,3
TG-R85CJ5L0R,5
TG-SYX7W7ZAV,2
TG-YKPNZABGX,1
TG-H07AP7B0B,2
TG-6HKAGEARF,3
TG-OEEQMX73X,3
TG-BPB8GIST0,4
TG-G00BPXYVI,3
TG-4K1TD1I6O,2
TG-MY99X29IM,3
TG-HIW137E5M,2
TG-UER8Z80XJ,3
TG-2BAK7QVX3,1
TG-JA5M8EXRT,2
TG-8W8N1YO6J,3
TG-RTG3NLX9X,4
TG-X7VAD5SI4,2
TG-NMY17RV9K,4
TG-3X4PPH06W,4
TG-9RN9KR4LN,5
TG-4X978MQ55,3
TG-G75VWZOU5,5
TG-HQNJ3O382,4
TG-MQZJL2FLT,4
TG-6KY9E91JE,1
TG-B9W4U585M,2
TG-59K3ZUWOO,3
TG-CQHJ5UVM8,4
TG-I9AFJV61O,4
TG-JFEX062NN,2
TG-6LC64OT6C,3
TG-ZOHMIPRLY,5
TG-0JUNRUDGB,5
TG-P2RKLEGDY,2
TG-09U345PT9,2
TG-Q61NVJ8KZ,4
TG-60X1V7Z1V,4
TG-KOHW7MSJ2,5
TG-0LJEG9WG3,3
TG-2IY2TKHIM,4
TG-5W2TAO2C4,3
TG-D9A8TEU41,4
TG-DIWJKO0IW,4
TG-IZ4RN8ZMA,5
TG-PW8INC3B5,2
TG-EBK2KBHWC,3
TG-0C18IL9HC,1
TG-UHG4VEXNO,2
TG-SXVRJPA8L,2
TG-DBUN4F9QA,3
TG-NRUTQ13MA,4
TG-PV8LHK8CE,5
TG-F5E8TUKIB,2
TG-YR5SUEPDA,3
TG-SMDXHMO3W,2
TG-CCV33EHZ9,4
TG-2269UV2N1,3
TG-F3RK6S98L,3
TG-HIWJDHEMT,4
TG-GUFM6ZUWH,4
TG-5VE4QWVM0,4
TG-Q8FTMF8TP,5
TG-NKE3TX9MP,5
TG-5XZPIYNJ5,4
TG-50B682F6T,5
TG-HT13JBA9G,4
TG-WSC4F5TAZ,3
TG-JNXS75IUO,5
TG-SGMIDNE8C,2
TG-FIDHUGXL7,3
TG-IGZXTIZYJ,2
TG-TDO6PWRHV,4
TG-B0OCEROLJ,3
TG-529UH8CHE,4
TG-I9WWRA172,3
TG-9OKYNSIKC,5
TG-F7R3K4N65,2
TG-NTUCHJPBJ,3
TG-ODOXO5TI4,3
TG-W8BX7HX1N,5
TG-FV5JFDF1H,2
TG-S51E9FBNN,3
TG-EX1EJ5ZFN,4
TG-GPFMPA74P,3
TG-L16IPYZPW,5
TG-KCAU0ZH8V,5
TG-RO85I8Z4J,1
TG-EAE40Q3YH,3
TG-3WZ3VGNW6,3
TG-I0KN7HJAV,2
TG-E6XDIYCO4,5
TG-TGIHS86FH,2
TG-7JAW7AVME,5
TG-B8YX2773I,3
TG-O8IXZX88N,4
TG-PK7DCANH1,3
TG-NZYHKMAC3,3
TG-HUNAKX91P,4
TG-MWUFZ1OXK,3
TG-Q7YP9T4XV,5
TG-49IMTW2Y0,4
TG-A0JP6LYH5,4
TG-2PBRWDNCF,2
TG-DEKV2EACQ,5
TG-27WUW9N5R,5
TG-IIFAZYYU2,3
TG-N8TLG5GPG,3
TG-49VTHN9VL,4
TG-YDU33L7R8,2
TG-A3RCBQWH6,4
TG-0T9CT2P5H,3
TG-408VWY3AK,2
TG-2LD469Z90,5
TG-ABID73979,2
TG-AV2BK2CBJ,3
TG-X4CMTYZ6S,4
TG-5M9Q103L4,3
TG-ON7O7PUGZ,3
TG-QJOZA1KI8,5
TG-3PTR1A1ZV,3
TG-UELU8OXSI,2
TG-UX7YBN9T6,3
TG-47TTA7G4C,2
TG-KBTXR23XL,2
TG-PJ37F5QVK,4
TG-D8Z0Q7GJB,3
TG-BUA0JXJS8,4
TG-VEPPS7LAH,4
TG-9Z1VTZI66,4
TG-69WW8M5OV,4
TG-38L9MQR2V,2
TG-F4H8CTHA2,2
TG-95BNRRSFS,3
TG-7P263G93R,2
TG-54NTPCUT0,4
TG-DYSXHY070,2
TG-8SR8YJXX0,3
TG-6IWM2TZYA,3
TG-CXD9JG5JJ,1
TG-0D70FB39R,2
TG-Q8JFRQ4YG,5
TG-0QFD08IB9,2
TG-NX5B4UVUA,5
TG-5GLY6Q84E,4
TG-QOMNH3NJ8,5
TG-BI9LHZJWL,3
TG-OGP90TKE6,3
TG-I1MH2ZNW0,3
TG-FXSQ66Y2Q,5
TG-XD0E7XVQI,2
TG-TON0421V0,3
TG-7B3LV76OS,3
TG-GV8YWGFI0,3
TG-0JKR4EXGL,2
TG-FY8GOMI3V,3
TG-UG8FCQUWP,5
TG-WIK9K8F03,3
TG-2L2V5C88E,3
TG-UW8GE3TLN,3
TG-HDCEY5YRE,4
TG-IUFPRWG00,4
TG-JK0RQ8XNE,3
TG-J1LSFO8DW,3
TG-12W37AKGB,3
TG-3YGSLYILN,5
TG-WPK9RVNLO,4
TG-WNPWKIRBS,4
TG-VZFEV01K4,5
TG-OCX5B9OL4,2
TG-51Z05PGQW,3
TG-R1ZNML861,5
TG-XHIIC14ZM,4
TG-KD6U1EOI7,5
TG-9NPEXA8BZ,2
TG-YJNCJ4EPL,3
TG-YL9M2EVDI,4
TG-7D74XMUPE,2
TG-8QTBYCC9C,5
TG-ZLYQ3HYED,4
TG-U5LXECXB7,2
TG-V613W9T7N,4
TG-X97ICWV7U,4
TG-TSI4LY7EG,4
TG-PYEXBQ0W1,3
TG-7LBFGXPUZ,4
TG-IXFY40LCL,3
TG-6FA76H4K8,3
TG-UW2LCDQBI,1
TG-3677KMXY1,3
TG-YO7P88DD0,4
TG-GWCAJSI18,4
TG-0VS0B9YUN,2
TG-5L8J7ADBQ,2
TG-CEV7XFL8U,2
TG-BJI8KYG50,5
TG-RUVJXX5O6,1
TG-4GU4R3SSZ,5
TG-W3UQCRPQZ,4
TG-S8B7TU6S6,4
TG-87DJVYC3Z,3
TG-S73GEE8TE,3
TG-9USFZDNP7,4
TG-273GWUYY3,2
TG-R82S6RJSB,5
TG-67FORPWZ0,3
TG-ZIGHXGBIT,2
TG-NUDOQR8O3,2
TG-8TKXX99K1,5
TG-2KA7OB9VI,2
TG-Y53V9N2X0,4
TG-VCYTY0E5K,3
TG-57WK0ZK9O,2
TG-91FV0JTK1,4
TG-IP9IRDJ1R,3
TG-ES5PPKNLR,3
TG-RGOBQVKT6,3
TG-4QZVTQUBL,3
TG-JO5BQNEPX,5
TG-CY6THZIL2,2
TG-59FRX35C0,4
TG-ACYAQTEOR,5
TG-Z21DYM4XH,2
TG-734SG0QUS,4
TG-7X8DQ9H38,4
TG-GBHJSV90J,3
TG-59RT2A8RW,3
TG-ZVZZA2QEQ,2
TG-V7RN3DRTK,4
TG-5CGZJWT1Y,1
TG-NPLPDI5SO,5
TG-M62JE9IQU,4
TG-CIUZK9G5R,2
TG-XX69V8373,5
TG-KZ9LA1FOD,3
TG-6QVKCBQAV,2
TG-7QCC53AJW,2
TG-VUFOQEHXK,4
TG-KECLY03VS,3
TG-8N1VF3MMJ,3
TG-P7HVEP3QY,3
TG-5PNBOWSEV,2
TG-1W9UDSUBM,5
TG-W1PJAONC4,3
TG-QK9YSTX13,4
TG-KQPNSQUHP,4
TG-IMRNE7MKC,3
TG-FPSMWTHXR,4
TG-CPKYHNSG2,3
TG-59MH4W14H,2
TG-2XQUJMVA0,2
TG-SDBJNAGVL,4
TG-DNR8XNEMA,3
TG-3CEGGO1IN,1
TG-ED7YG14XN,5
TG-WQFX0IBVL,2
TG-MLRJITBQT,2
TG-WCRRUJZWZ,1
TG-D14DCMTYB,3
TG-GC37096DN,4
TG-OTI0YG461,4
TG-JIROBO1J4,4
TG-APFM1VTML,5
TG-VS23ZH85Q,3
TG-MHNMLHCCP,4
TG-62JW2AHBT,1
TG-OZYGX2T4I,2
TG-OV47O0ZAQ,3
TG-CF5GBCQMC,4
TG-4WHWQ4ACN,5
TG-HU60RODLJ,1
TG-AW9T97O57,5
TG-PHIMGQOVG,4
TG-QKRG5QR1Q,4
TG-O8ICDI780,5
TG-33BWBOMIW,5
TG-XET9MLYJN,3
TG-1JXLNDE7M,3
TG-7RUHO8N7A,4
TG-Q587Z7OOE,3
TG-SBUQ63HFK,3
TG-9UQGRXBEP,3
TG-0WTQQPC7A,3
TG-J6Z03XBY9,5
TG-56EE2S3XY,3
TG-600ZLIJIH,4
TG-T8MPRLR1J,1
TG-YPOA5LD5Q,3
TG-GGW3A5K0J,4
TG-PZLJ6MCJW,4
TG-0I8KIW0OW,4
TG-952IDLSHH,5
TG-2DGQGDQ2M,2
TG-XK7AGH3LA,3
TG-CC0JHNVD9,5
TG-8VW4QQQNL,3
TG-JW3L7AR3T,4
TG-ODNIZTIYL,3
TG-MVV1JXH21,4
TG-IWAEDI0UC,5
TG-R2ZNI2199,4
TG-QDC25850R,5
TG-2GXX1FZ30,2
TG-VV9IDM05T,3
TG-3C4JSA7A1,4
TG-Q4H7HL9XT,4
TG-SCCA3DIKB,2
TG-W2FPGXUXC,3
TG-RM04K0OGL,2
TG-UJVCF4X9M,2
TG-XVRSV06HW,2
TG-0LIR22MPO,4
TG-0C1S1F0ZA,3
TG-ILDNY7CMI,2
TG-RZ85YTOXY,3
TG-C4CUE6MYG,3
TG-H9QPUNBKO,3
TG-YN00XU1F0,4
TG-N6E2S3Z6G,3
TG-0SLYQ371C,4
TG-WDPTZ0YV6,2
TG-6R4LO3GET,3
TG-QZOM8C9NZ,3
TG-BQWX6AMD6,4
TG-0CG6ZIXWA,3
TG-1SG0DPJ3W,3
TG-AXSGJOK9G,3
TG-XT0DNQK35,4
TG-1EE8PJ26C,4
TG-1MLKME12V,2
TG-88MCFCZ2U,2
TG-HOEL0LAKF,4
TG-P3IWFN5JJ,4
TG-0JSX7G9PQ,3
TG-BIOUPIKEG,3
TG-AJQRVBRXR,3
TG-39615VPK4,4
TG-NZ774LU85,3
TG-SEQUUTDEJ,4
TG-7ZUHPPX9H,3
TG-WOUKBQ406,2
TG-DVSUPCEAJ,4
TG-N2A9QOLBC,4
TG-MG1ZQSXOC,3
TG-PTGGX7OM6,3
TG-L6JDDAMDF,5
TG-IA0JO8LK7,4
TG-EOKJNA4W1,3
TG-AG0VU24VD,4
TG-TCJWBHOWB,2
TG-CEJ54G5RZ,1
TG-SNC19ZMOP,3
TG-A4QJD2VGG,4
TG-B4VL3EQ2R,4
TG-CAQE1PRFC,2
TG-0R77Y1CKL,4
TG-3N4NX066M,3
TG-O3PWXWYFT,3
TG-P4TKAOH0D,3
TG-CIBXVHKMY,3
TG-2ABI0C6B0,4
TG-DC4USST9P,4
TG-QO4C44XA0,2
TG-12S35Q94M,3
TG-73DTSWR2D,5
TG-ZVFUS346G,4
TG-J8UE4T37N,3
TG-WYY06YC7S,3
TG-HN6WTBISK,3
TG-KL5EHWCEN,4
TG-Z6GYS9C5T,3
TG-GAKX7HVAX,2
TG-HDBBMWRW1,4
TG-289S8ICYM,2
TG-MGGGE6HWI,4
TG-YWYH9U6BV,3
TG-I5WG7AXYP,5
TG-Z5BJPKPGU,3
TG-1WYOEKKUW,3
TG-D8CJG90HA,2
TG-GZI5N3F4F,2
TG-KYLDTGYAO,4
TG-SXI3K5GRH,4
TG-MQV5V8U2P,3
TG-YHM36P6LJ,3
TG-L972K39WR,5
TG-1ZEOUILQA,3
TG-KHNI825KE,2
TG-MTI2CW3SX,4
TG-RQ3MC8754,1
TG-LMDY0QQ7T,2
TG-3Q7SE3IMC,2
TG-L48WW4BQN,3
TG-OSEL2RCJJ,4
TG-9Z6OTECTV,5
TG-2SFR494MH,2
TG-13DEP02ZF,3
TG-NHWD1D11X,3
TG-GQU8OP2LJ,5
TG-7S4CGSK4L,5
TG-U7D4XXPRX,3
TG-6VS4TN7S7,3
TG-ST2XKD0K2,2
TG-N7C8EDRCX,4
TG-G7H4B3KMP,4
TG-EZUMBIK6F,3
TG-ABRU0Z65V,3
TG-5SG5WXTE5,2
TG-PILY0XUQC,5
TG-1P5TW4QPK,2
TG-VI7XA5VTI,5
TG-ZF1XS6BCV,5
TG-Q5PHQ6XRZ,2
TG-EOIIGHN0K,3
TG-A7WAN58WC,2
TG-3ELZEP6D2,2
TG-D4ZRDH6XS,5
TG-KNDBG9HR2,5
TG-3OQUHZ3O0,3
TG-FGKCTGWB4,4
TG-FKGRHFHWV,1
TG-S2RG8BNOU,3
TG-OGTD2JQRE,5
TG-FBEAHEDAW,4
TG-AU5OY1F4S,4
TG-DEMXNBN56,4
TG-QF8IE0I7M,4
TG-79K5ERH27,4
TG-CNYL0XYLN,4
TG-K12CHTYIF,4
TG-WYAG9ENBW,3
TG-2WZ45NGT7,4
TG-C52HSGV38,1
TG-H6SZWGNWV,2
TG-5Q1VYIKAV,1
TG-WLLFK4IMI,2
TG-EWN2SNUZH,5
TG-6M5QOB5K1,5
TG-Q2KOHJC7M,2
TG-F6NL70YXN,5
TG-6WO9CSG8B,2
TG-KDSV3W0AX,5
TG-SJWQ5F1T2,3
TG-G5LWFPG5V,2
TG-5T4X548K7,5
TG-DESH3VQOP,2
TG-YYRGN4RYR,5
TG-ZU36161KZ,4
TG-JSEGP7ZPP,4
TG-MBEQMQVTK,4
TG-L1OFKW4DC,3
TG-0IQRX0Q8Q,2
TG-WGK3YV8PU,3
TG-EJADBSJK4,4
TG-Y7A8M88L8,3
TG-5GBF78BIY,1
TG-HM4YJ7D26,5
TG-FQ4WSCEDJ,5
TG-LXWF2OILD,5
TG-NDY4AZLOL,3
TG-VVXGVLOJI,3
TG-XMJIA9QVE,3
TG-VY27RD8I1,1
TG-IR6ANEK7C,5
TG-ZLE8Q6KR0,2
TG-B6ZIU2ICW,5
TG-Q1SIWWYEK,3
TG-0F01UY46A,3
TG-7V0D157X5,5
TG-C04556CQW,2
TG-7TZEIXV4N,4
TG-SV07F4V2D,4
TG-WD853VI9O,4
TG-6ML1SRGAY,3
TG-6V06VBG8A,3
TG-XPH5IWQAQ,3
TG-AQLHPXYH4,5
TG-ES71FAGDF,2
TG-4SJFP3XPS,2
TG-6XHDRZV1R,2
TG-HEAAJC9X6,3
TG-CAE88BR2A,2
TG-7JLVVPPJV,4
TG-6QFFWKXMF,2
TG-MHWAQDETS,3
TG-FCOFIAFM6,3
TG-JQKWRICMR,4
TG-6O9TZMTOM,5
TG-A5DVBQUHK,5
TG-OXZ9RGD8J,4
TG-MIMBKASEP,3
TG-LV07M7YZ4,3
TG-H9E9U2HQ8,1
TG-26XG1XUA4,4
TG-LQJ9W1APH,2
TG-58Z88JAU0,3
TG-07HPFMW2A,4
TG-0HOEDM593,2
TG-JI0BAQ5IC,2
TG-SLXXDQ502,2
TG-LHDFMTTN0,5
TG-R2J96TBNE,3
TG-JA3RQY8KN,1
TG-H2EIJNZTC,4
TG-5KPHP4QYI,3
TG-CEXSXRXQR,4
TG-354QYL92J,5
TG-OXTTO8931,4
TG-OU74ZEG4V,3
TG-D1F6P927G,3
TG-RN8BMZRZX,5
TG-U8988GE36,4
TG-POS3SO1M9,4
TG-G8H9DLU33,2
TG-FOFEGONH1,5
TG-WY5GT92HX,2
TG-DQ6WAYDBJ,2
TG-QETHAM032,1
TG-LF97W14WU,3
TG-U73Y4OYSU,5
TG-SFV71PI1L,4
TG-HOCFN56SH,5
TG-FDYPLZNVM,3
TG-EKTXWO5LG,2
TG-B2SPSOL51,4
TG-YQXKEIFQP,2
TG-P9FHKTYJW,4
TG-AZYHQOZHN,5
TG-UJH0WLE0T,4
TG-F2FM4RZYK,5
TG-14VXS2978,5
TG-R4NNPM5W6,5
TG-TMWN72PHD,3
TG-HD4IGZ232,1
TG-8SEQXYJ6V,4
TG-EDGAOVZIB,4
TG-P8RDDQARK,4
TG-7BZ4D9TNJ,4
TG-VC9BSR669,5
TG-SHLTP47LC,3
TG-2KNLW0GW8,4
TG-Q41S23PXJ,5
TG-I8UK6IHWB,4
TG-BAT09K3GG,2
TG-9NQQCF375,5
TG-4HPOXXM2X,4
TG-UQYOPTVKZ,2
TG-3K5RHB7HK,2
TG-LW5SMTCXX,2
TG-Z56WNDGD2,2
TG-BUSIYSUBW,1
TG-9WKRCE7MA,2
TG-FD59G1D1G,2
TG-AVOLQ4MNI,4
TG-IGAYEJJHX,3
TG-GQMG25MAI,4
TG-0EWQU69WO,4
TG-DMV9YFFY6,5
TG-QDC5LTZVR,3
TG-82YB7YKXZ,2
TG-Y1X9V21CT,4
TG-I4UURJAMA,3
TG-5GC7D1BGT,3
TG-6JC0AHPAN,3
TG-VCSRE92Q2,4
TG-71XENNIQU,3
TG-X8TD7IU4V,5
TG-OO0K492FY,5
TG-5PFREWW90,3
TG-249CMLFWD,5
TG-HXRDUCN7D,2
TG-86L7YJ7L6,2
TG-LDV4JENFX,3
TG-7U52CSVXM,4
TG-DTYOGY6RK,4
TG-T8RMU9DSB,1
TG-IT9THUM3A,3
TG-W3WDN65CD,5
TG-88FUQ1J5L,3
TG-S7C3LQ6QG,4
TG-3L3TMCLQ8,3
TG-195VAA324,4
TG-HJZXLR1FC,5
TG-9UJ1S0LU7,5
TG-O4CUEHF1O,5
TG-MB6BT1A9C,3
TG-K9EOSV2KP,4
TG-EXVCWQZ47,2
TG-2F0LGBENC,4
TG-QIKWGVQMA,5
TG-P32HD55GT,3
TG-V6W8TIIKP,4
TG-WW4X9IDEO,3
TG-3PU0GBY7T,3
TG-59V1MI88E,4
TG-TNQZDT6Q6,2
TG-2HKYQRNTV,3
TG-42385BJ8I,3
TG-8MFVWKDEO,3
TG-P1ZOLHQU2,5
TG-3T2SSMZNN,4
TG-UPFZ1MZF5,4
TG-TU868MAHB,4
TG-XZVGTUQB7,4
TG-MT42X4M9B,4
TG-GMW8TDMXQ,5
TG-I4NTGOETX,2
TG-WJJ9UN3CX,4
TG-P4YKCEKBL,4
TG-4IDWOA14T,3
TG-TE6CR5WE1,3
TG-JHMR2YYOY,4
TG-F9EXUDCFO,3
TG-I3IDYZU5U,4
TG-1TO5T3A6O,3
TG-6LR6NZTD2,5
TG-7ZUSR8IB4,4
TG-TO9PCXTT8,4
TG-O82F3QK48,3
TG-TBSWPVH8H,4
TG-BU6A7WSIU,3
TG-BOM1GOUA2,3
TG-G2ICG5EGB,3
TG-8T1UPP9EY,3
TG-9JT3EF5PO,4
TG-K3SB1A7PO,3
TG-5ZYWSGXIL,5
TG-29W2CKVW0,4
TG-TDLY4WJL8,3
TG-RXAFV8NBJ,3
TG-P4S0MS95V,3
TG-JLARB23OL,3
TG-B26DUV6D0,3
TG-46AE4NVY2,2
TG-9NCKYB74F,3
TG-ULWTHF8PJ,5
TG-K981U56H8,3
TG-UY70LUDZZ,2
TG-OK6CTTUF6,3
TG-3YG5FBRAT,5
TG-6MZVLIHZO,5
TG-6ZB7BEPV5,3
TG-9EFX3V884,5
TG-ONUMTGWQZ,4
TG-ACN14FZ0W,3
TG-HYTBTLEB4,1
TG-8P7EJIAU9,5
TG-1CROG72W1,3
TG-IX2PZYWD1,3
TG-EN9CKFKXI,4
TG-X8M70OZHV,3
TG-SHI96P9C8,4
TG-D1FBW9EFD,3
TG-HQT9POR75,4
TG-T9UA2QNRA,4
TG-4WGDTWQYJ,3
TG-2LE1761FN,2
TG-ONDLT046F,3
TG-7H75V4H9H,1
TG-TVURPSK8K,3
TG-IEBEXK5K4,4
TG-0MWQ0UFBE,3
TG-ZRQ3FQMPY,4
TG-8OFHRVF0I,2
TG-2MM5LQAXM,2
TG-L96ENDN64,5
TG-OLQAD07C6,5
TG-ZGJCF8D5Q,4
TG-BV25LT68Z,1
TG-OKO70GJNT,3
TG-688TKQ5H9,4
TG-LZZYDYEIH,4
TG-OV9M3JW7W,1
TG-2L3K5HPDX,3
TG-2MAPZUKI6,3
TG-AAQYUE8L5,3
TG-9V9KCJE5S,2
TG-9TFAGLOKF,4
TG-P8WNO1SKH,4
TG-ESB5879H4,4
TG-P7UV5V56K,3
TG-TSGV3BK33,3
TG-5SXPOCW3R,3
TG-LOHK4HZT6,2
TG-TQWUDXKAH,3
TG-3APPIYKO7,3
TG-PRWR6IQ66,3
TG-WR4Z9AQID,5
TG-QB87163Y4,3
TG-WJXPAH69T,2
TG-C6UDZKVQZ,3
TG-0AWLJIGAY,4
TG-7JYBBZ1G3,3
TG-VZB0RINI6,4
TG-QZ9ZX6GIA,5
TG-2GF744IHG,5
TG-2WUTQAQ2E,3
TG-N5ATM90FE,4
TG-I535K4BXP,3
TG-K7D60241U,3
TG-B8SDHK0YI,2
TG-WM9VSQU1D,5
TG-Q3AZ2E5HV,5
TG-OXT1M99M0,2
TG-G9Y6ROUBY,5
TG-TNDEUKKYH,4
TG-CGNRQ7XVR,3
TG-L7826OSWO,4
TG-PSHAZ7BSO,4
TG-2FYA34EWP,4
TG-GOZE0I4B0,2
TG-N1LJCY1K0,2
TG-G9H1LIH79,2
TG-YA3C2KF1E,3
TG-6MT8F3RCZ,3
TG-3L2HRZP22,3
TG-9EQH23XJ8,2
TG-K1URLRKLX,2
TG-LR00X691S,2
TG-HOO2FKT87,3
TG-M6BM7EA9C,5
TG-W3KF7MUBJ,5
TG-ZRNTUPYFQ,2
TG-K7MHK5HZW,2
TG-ZLMRK1IEL,3
TG-RPV8G99XF,4
TG-CW7Z5BMW6,2
TG-UZ8BIQ85F,4
TG-C4Q0J01QH,2
TG-EQQHQKELB,4
TG-JR61SC234,3
TG-VWDTSJVFX,3
TG-1KDD7Q4BQ,3
TG-JFRI76QY2,1
TG-I1K8GNQLZ,2
TG-WTC31PYST,5
TG-VE9PR6T3J,4
TG-Z92JMX9UJ,4
TG-E52H9GILD,4
TG-6IPQBHP7I,4
TG-KZT6DUHJD,4
TG-JA52G87WN,3
TG-Q3Q8VMZE1,3
TG-18URCD4YD,4
TG-6ZRD11CFN,5
TG-J8LFLNBS8,3
TG-5GS6XJYD8,3
TG-GMEVKR9EI,5
TG-ZAD9Z4C8P,4
TG-AJJ3SA2MH,4
TG-HC9HK0UQC,3
TG-94CK1FKEE,4
TG-WZQQKWHSQ,4
TG-CSZ8SZ9QK,3
TG-3B4PCBTWO,5
TG-UHJSQZPAC,4
TG-TL0R239O1,3
TG-T4VVIMZ5R,5
TG-NH0FJMB1B,2
TG-742CA57PN,3
TG-FSLCEXL0O,3
TG-501Z43573,3
TG-4HY2NSABC,3
TG-KS0JSLO9Q,4
TG-9VS6BQ6I7,1
TG-L899PZ79O,3
TG-1J7K915VQ,5
TG-X5E3YL822,2
TG-6Q1F520IR,3
TG-FT56KD3B8,4
TG-XE91HYFKT,3
TG-AOY8YOKVG,2
TG-7IJHXJ7FE,3
TG-2G0LW898H,5
TG-ZHOARXR0Y,3
TG-OG8ICV3NN,4
TG-B84T6WHA4,2
TG-9U2X9WYIA,5
TG-5SOQORS7X,3
TG-TAG0YJNYM,4
TG-2C4WY16ZG,2
TG-XT6CAYTRT,5
TG-5X6AL158S,4
TG-A46ZUX7XG,2
TG-KCRAYLFXU,3
TG-C3E4SZ843,4
TG-RSYJJMTLN,2
TG-FSA883HNF,5
TG-C8GFNWMRK,3
TG-XNR70VTSR,4
TG-W1T56T72G,3
TG-MB94MAFIT,4
TG-FFP2LSLCZ,3
TG-XU9H2CZU0,4
TG-ZPS02XJPS,4
TG-E9Q5ILS75,1
TG-C1YNFRR2O,4
TG-X4ZAD0D43,4
TG-0CJLZTMBN,2
TG-HUG2KACQJ,3
TG-IVI08HDE5,1
TG-PFEGA7FNV,2
TG-O9ASF2G3G,2
TG-F4B6AKJ4L,3
TG-GR05WMH5F,3
TG-USDDYER73,3
TG-6QMR975QY,3
TG-XBCHBGFNE,3
TG-0ZJ0J4TFL,2
TG-H0UB2XNFB,3
TG-AW1J5J2V6,3
TG-IF7BF3RWS,4
TG-D86FHTNZH,3
TG-6FJ8NS45A,5
TG-LZMNSXVPY,2
TG-JVZQL2Q92,4
TG-UNAIDBYA2,3
TG-9BMP3VJFZ,3
TG-93OBUOW0J,4
TG-LAACBZP08,4
TG-CQWABXPBL,3
TG-Q74MRUP73,3
TG-2SDCZ08EK,2
TG-O9F59T1JH,3
TG-G2D20O551,3
TG-2VZSB9GJU,5
TG-8QIWLKRHW,3
TG-8NK4D4Y3D,5
TG-HTUHTZFN6,5
TG-5OQKRP6D0,4
TG-PGMFZ3K3Z,2
TG-G1BASHRBC,2
TG-48UGXGMRI,4
TG-AW2F3P4ER,4
TG-FQQH0ZPPO,4
TG-70XI9YS9Z,2
TG-O8DOH9NC4,4
TG-502ADLL2B,3
TG-QS1C2I9SG,3
TG-EILLXT9BM,3
TG-UW0SQ9VCU,3
TG-SCOOMXD7T,4
TG-LBYZ6UC3I,4
TG-KPRMKONIZ,4
TG-PHEPPRVP3,2
TG-0FQLOLZKG,5
TG-O4RR6LQHX,2
TG-1X5IQ5ZXB,3
TG-A9G42CN5I,5
TG-5AIFBO2IU,2
TG-VSQAZ7RBI,3
TG-ZGPT6JHZP,5
TG-NIF5UQQ55,3
TG-DX0ZBB2T2,4
TG-DJI7F6H4S,1
TG-I2DDQID33,4
TG-NNRQE612V,5
TG-DHUNVD0KQ,3
TG-70YVW7A8H,2
TG-1II8LEKX5,3
TG-TZ8RL6C1M,2
TG-P5N3SS3V3,3
TG-V92KFGYCK,4
TG-2ZYJUIRG6,3
TG-WYQN9HA49,4
TG-1G1NDX2O8,4
TG-MIZKTHB2S,2
TG-DSF2EHTCA,3
TG-5KA616YXK,2
TG-3JJFMHKTO,3
TG-98395OMQW,2
TG-LU9ET3B1D,5
TG-IQHS1SCCG,4
TG-L03LX9WFC,3
TG-ZHTQIDHRA,2
TG-D2RZ3XN1Y,5
TG-DRI2XEZGG,3
TG-LZYO508EI,4
TG-GQ8NCZGZ4,4
TG-94628O1N9,5
TG-IXQZ5L3NO,3
TG-V2FB3ZBH7,5
TG-E73PXTH3P,3
TG-8DGEDHMDR,3
TG-EZ5XOQIF3,1
TG-WNB10GT2T,4
TG-LG5HAHB6S,5
TG-D8O8NU7TP,5
TG-VF7VH70DS,2
TG-ZZTR3NREH,2
TG-RT7Q9O0YH,3
TG-X8636YK5V,3
TG-UYIZ3846F,5
TG-2V5TQ6F8J,4
TG-PTVGQZWXY,5
TG-08H2MGNLG,4
TG-057IP7T1E,3
TG-693XDQUO2,4
TG-PZSMHWXIK,4
TG-OULE3TG76,2
TG-ETM5BV28O,4
TG-GV4QXAXC0,4
TG-9FOSHY3L0,4
TG-V5CB2Z7QK,3
TG-OORSSN6WT,3
TG-3U4VHU3DA,2
TG-38TBWU7IU,5
TG-6LGG6YBCB,3
TG-H9V4787NS,3
TG-Q3910QG4E,3
TG-458Q064TS,5
TG-K5C8EJRU3,4
TG-BTJHEC47A,5
TG-YJVNAQ98I,5
TG-FTFP2VDCJ,3
TG-QA9RW0XEK,5
TG-VLZG31ZI0,4
TG-0UZTACR2S,3
TG-PWCW3PRMR,5
TG-6AYMNX2K0,2
TG-F89OS1BMA,3
TG-A4DQY91D0,4
TG-TVJ18UX3M,1
TG-S0670LR51,3
TG-QLDESAG96,3
TG-7UOVBPDZ5,2
TG-W1MBBJILB,3
TG-UKL94M0CK,3
TG-DDCIACRXV,4
TG-GIGC71PBE,4
TG-O6UYYY61U,3
TG-FBZ5M3Q9P,4
TG-X7VIZ8CJP,2
TG-9ZFWD25SZ,2
TG-9WFROLFBO,5
TG-YOC3246V6,4
TG-MTEJESQFB,3
TG-XR8F44O97,4
TG-GTKA3SET4,3
TG-OBQRSR7A3,2
TG-PVV8RHBW8,4
TG-CRYNEFXJC,3
TG-WQBUMMYVX,2
TG-L018UPU6O,3
TG-CKOWHTJSN,4
TG-B9WLSE4ZR,3
TG-6HY19DGNG,3
TG-EDL53NJZC,4
TG-BY6Q92D9Q,2
TG-622NHR96Q,4
TG-HRJ3KVRS5,1
TG-31KRX5IO1,1
TG-ER8771UD6,1
TG-RIO6ILYKX,2
TG-JEWU4IIFN,3
TG-6D9MBNF9F,5
TG-E80MLAZW4,3
TG-NA1HOG9DW,4
TG-QSPW1F9PY,1
TG-BXBOMKYG6,4
TG-0ADDTCIM3,4
TG-1UWNGK9TO,2
TG-13QD74W8M,2
TG-I4AARVUCU,5
TG-2EH2CEJDR,3
TG-WFTLZFDPE,2
TG-4K2C0CTU3,4
TG-3R7Q6YR0S,4
TG-B6ZQ4MDZK,3
TG-EASTLOT15,3
TG-XRRB4QXMN,2
TG-JBQHIS5UV,3
TG-XOCLDPNB0,2
TG-9SX3IF8CZ,3
TG-1OE7V9H1H,5
TG-M0291IGOH,5
TG-2VKKFRPXI,3
TG-I5ZNSN8HO,2
TG-XNG5Z798Z,5
TG-YLTF4KE7J,4
TG-OBPP810SD,3
TG-S385KWOW3,2
TG-3F7JW5FL0,5
TG-U8U45Q0WC,3
TG-9WI08LI9U,3
TG-QYAG1025W,4
TG-8OM8WZZQL,4
TG-RIMJXGHV7,1
TG-0OFY32CBB,3
TG-5XTUBXPEF,4
TG-C75YBI20Y,3
TG-UK8TCD892,4
TG-JZM2S1IAV,4
TG-WF4UWVJDU,5
TG-MT0U383BQ,4
TG-YTVCCQY9F,4
TG-SW33YH22T,5
TG-UE0AK0M43,5
TG-QUVGXBD84,2
TG-4BIPBDFHK,3
TG-FX29H05GL,3
TG-AS6B7PVR9,3
TG-X2MHFZAHO,5
TG-IOJDHWMY2,3
TG-ET12NTRYD,3
TG-73LXHOVZK,3
TG-SISI047QR,3
TG-TJESQLSR6,2
TG-6ZKKU34WA,5
TG-C6ZLY0XFI,2
TG-ZSIIGWYJ4,3
TG-OYQV7A81Y,3
TG-VOF19NLZB,4
TG-AECIELELS,3
TG-7DEFGUIOY,2
TG-PGSK8KEMK,4
TG-SEOM5YET3,3
TG-29SWNCR0T,2
TG-C6NJZWM2O,2
TG-RMYH23J67,3
TG-ZNM00YD1D,5
TG-D03PQHO0V,3
TG-83W8JZXP2,3
TG-RR3E85CGJ,2
TG-DPUD3UT8P,4
TG-HJYX4RRXY,2
TG-M5XICCSZ7,2
TG-0RHKZEBNO,1
TG-1KFCZMPSP,3
TG-CJY1D9S7M,5
TG-W74BBYYL9,3
TG-H6CVDKVAF,5
TG-1FIGOD8YY,3
TG-KN4IT2B5B,2
TG-C6CLIGI99,3
TG-GR7YXXQF1,4
TG-LM3XJFXQL,3
TG-S5GM9DJZ1,2
TG-N4SP6YMFP,4
TG-1QO0D8OG0,3
TG-QG4I4VJ5R,3
TG-87FD5AFMY,4
TG-6ECLS0D7X,4
TG-L0GVTTC91,4
TG-YOHO4PNAA,3
TG-AW19KUYSD,3
TG-YWDB7QHI8,1
TG-US2D6B5Q3,3
TG-6Y3IROM8D,4
TG-5YB227DJ4,3
TG-O19LVOCOI,5
TG-KSVMA1HSN,4
TG-EG2U3CSVM,3
TG-WJT02IABG,3
TG-ZMQFIN4XL,5
TG-QGNYDLHLX,2
TG-EF3102886,3
TG-61FADU03E,3
TG-EFELXIDK2,4
TG-KIW7JGAGQ,3
TG-PIJQW1ZVK,3
TG-Y6D5AIVCI,3
TG-DHRKCMFQK,4
TG-HUX0703KC,3
TG-N6WBW6WTI,5
TG-GMOBEC1NA,3
TG-VYG2L90CA,5
TG-IINZXLGCC,4
TG-4LIFBPG9B,5
TG-KCFMLB98Z,4
TG-EJBKU4OD3,3
TG-M6IQ85T9R,4
TG-ASVXN561E,3
TG-BSMJEEBX3,3
TG-HK7HSIOWP,4
TG-GEZUAAUNX,1
TG-07Z66M9QA,4
TG-6CFPNNOTU,4
TG-UOMJ5G385,4
TG-PRXBRHPVR,3
TG-FPAL86XJU,2
TG-QI3Q36L4B,4
TG-I7MN1CVRU,3
TG-SG5J9SMHH,2
TG-15O66SNLX,4
TG-1WTA44PCI,4
TG-1NENAFLEV,3
TG-Y6N2S2RC9,5
TG-00SKMHKCO,5
TG-SJ5SA9WIB,5
TG-J4MP7F38X,4
TG-C3NNZKCV5,3
TG-I49KZDGMT,3
TG-DKTQEF6Z0,3
TG-IBDZ4NRSH,4
TG-NQIAIZT1K,5
TG-YH9QSRHTT,5
TG-4IJSTZHAJ,4
TG-DN7FP6I4I,3
TG-GWFI3JYBV,3
TG-61IAIYNZX,4
TG-0CTTT97ZX,1
TG-VKKMERIDA,3
TG-37IAV42HD,5
TG-4XP0UO85G,3
TG-JFM6G97RY,4
TG-9ESLB0QW3,4
TG-TT9HD8CZV,5
TG-7M9N8HP6O,4
TG-O54VCSQL6,4
TG-8DQ28I95X,2
TG-172DOPT5O,1
TG-HUWG8X0JZ,5
TG-V3XCLIJT5,1
TG-TA6A9V84K,2
TG-AUM2XN23V,3
TG-35AJX2QN8,4
TG-JWPF91OEU,5
TG-Q362SXIQS,5
TG-ORDZUFA1G,4
TG-51QIITZPX,2
TG-I4ILSF72C,1
TG-QVEXRZHSX,5
TG-WMBECZUQE,1
TG-A61OYNOZV,5
TG-RIM6LKKTL,4
TG-XTYEKNMY6,3
TG-6SN3NA8YT,3
TG-T6OTRBGDN,2
TG-SE893D6JQ,3
TG-JTO6M9IGA,2
TG-2TVSQN9H4,4
TG-46QWO8U1F,3
TG-VNJTH9SBV,2
TG-JXCQZ3ZQ1,1
TG-Q5HXQT39K,4
TG-6UQVQH6Q4,4
TG-O34B5TQY5,3
TG-AB62SZYY0,4
TG-NL06LVHYE,4
TG-8JV7KB7XD,3
TG-FSFAOOHXG,3
TG-LQEQ8GTF7,3
TG-UGYUI6AFA,4
TG-IJWTONK81,2
TG-RTQFPM94Z,2
TG-5PSWOSAM1,3
TG-WOG0MSU1Q,4
TG-XNDBRJTAN,3
TG-XFMSGRK7M,4
TG-W6OS3M38Y,5
TG-DE9FA1L59,3
TG-30WDIA5HD,2
TG-2M7C942RS,4
TG-R1WWDRFKP,5
TG-0HOQH82PC,2
TG-4K5FRGPAA,3
TG-PUJX7W8U9,5
TG-7EE9QKJHZ,4
TG-1QN4BDBHL,4
TG-8VL3LRUMI,5
TG-VIH81B0BT,2
TG-E0RP00MGS,2
TG-2Z86223H7,3
TG-09SLNR2UN,4
TG-P0H80FBA0,4
TG-DBQGMWQ1L,5
TG-TIHK5JDI6,3
TG-SFG5YDHTK,4
TG-9W60AO7MN,3
TG-UZ52UAOIC,5
TG-CRUYO035W,4
TG-5Q0XIWLIV,3
TG-EBSJ1VBPA,4
TG-R2FDKZRE2,3
TG-KXVVC9LUD,3
TG-WGHM5SJNX,2
TG-H9P8NKT78,3
TG-R9CX9DVUJ,4
TG-DEQSKNH4I,3
TG-NAXF6B08I,4
TG-ET9X8AFY3,4
TG-H7QXDBN04,3
TG-9S2645DE9,5
TG-MDGKCO6KT,5
TG-ATK0GHGLB,4
TG-1JJJFMUSA,3
TG-C5L1BA1XF,4
TG-150ONHRFG,3
TG-Z3J64JQXN,3
TG-AS9M4036Q,3
TG-KXY7CL9MJ,2
TG-VWV0DK9KV,3
TG-SL2XAAT94,4
TG-KUDOUXI18,5
TG-JIVQBQDDZ,3
TG-AYS6XJ4RV,4
TG-57G8KKWAD,2
TG-PL4JM6FKQ,3
TG-JFZY53J38,3
TG-BXSSKR5ET,3
TG-AZUV1YW8J,3
TG-JRY2Y6Z6L,3
TG-NMWWX5GTP,3
TG-MD2AFF5K7,4
TG-M82YLEJB9,3
TG-DGMQ30K3G,3
TG-H9SG33MR2,3
TG-IQFJL1LFT,3
TG-RTS3V92Y0,2
TG-5OULFI54A,4
TG-C5C95OM38,3
TG-8XJ2VK8GU,1
TG-ZLBUQJQU8,3
TG-2NW6N9FEQ,4
TG-98LH12WZW,4
TG-MLFF3MJM7,4
TG-3P3QD8MUT,2
TG-7W94AKCKL,4
TG-X29GEFW6W,3
TG-Q9BOHTUJC,4
TG-CQJKMJWUB,2
TG-4CUSJMLBZ,4
TG-BZBERHSO2,4
TG-YZNBJS4W6,3
TG-R2HXQ5MVJ,4
TG-M3JUOVOR5,3
TG-A82ALDUI7,4
TG-Y6A3RTDW8,3
TG-QCXF4XSV3,3
TG-2B7I9J2PR,4
TG-4Q9KHI0GW,3
TG-L9JH1HWFM,4
TG-O9Y61OKDC,2
TG-TUQ4URK52,5
TG-C6R658SLI,4
TG-KS53E05JM,2
TG-HZXZ6H4OJ,4
TG-R6WAR8JCM,5
TG-G4HP3F5UE,4
TG-576HQH8HD,4
TG-TS41B83Y5,5
TG-NOM9C4CDL,2
TG-YCWN707D4,2
TG-6KZ5CCT0S,1
TG-34WF4U2SK,2
TG-3ZNRLJB40,3
TG-96T6Y5TQB,4
TG-2IDCSPPSP,3
TG-1SW5ZFRII,4
TG-0L6LHUFZY,3
TG-RKJ79HQ4A,3
TG-5N9XLCJM9,4
TG-NPLNNQ2J2,2
TG-3TLSE1BMS,4
TG-537ILNLUC,2
TG-DCQUWYAZX,2
TG-KUGMYWV96,3
TG-TOS531YP7,4
TG-Q6BEQLVG5,2
TG-D02WHGVZ1,5
TG-QM1NVSMP8,4
TG-Z6WJ19HR1,3
TG-U2YZ6SZVO,3
TG-S4JFVX6OE,3
TG-SX29CUWXR,2
TG-N6W97OTE7,3
TG-FG5F8YI5M,2
TG-Q5QDXYZBK,5
TG-BQYF7VLQ7,5
TG-64G2RCK49,2
TG-ZZSBTOHZR,2
TG-2CZS1NEE3,5
TG-29VP0SPCH,4
TG-ZXVJRQSYV,5
TG-USRSS678V,3
TG-M9ZHXS4D7,2
TG-7QZAK9AYO,4
TG-FQSQT904N,2
TG-XX5TP65T7,4
TG-E2H3XH4Q8,4
TG-C9IOZ0NK3,2
TG-QA9UXECHP,3
TG-SGIH6WRTE,5
TG-OOG054KOA,3
TG-QMCXRN98S,1
TG-JEZCD53MH,3
TG-R1EV22CJ0,4
TG-22BYSZKIY,4
TG-RTSQRN8KU,3
TG-0LYR2TVKW,4
TG-KNORJ26N0,2
TG-I2ZU4K1ZZ,4
TG-0ACND492V,3
TG-85D0K8ZQL,5
TG-6M8TRZGYA,2
TG-KKKRV5091,2
TG-UR2MZIAPA,3
TG-SVXS8ICIX,2
TG-QQCNBXCGC,3
TG-FB65B11VQ,2
TG-QSSG104AV,3
TG-6SNAOIFB4,3
TG-KQZ3Y1FGR,5
TG-L89XMY0SF,4
TG-4JTK58SC4,4
TG-TOBZEO6ES,4
TG-M5WZD0SQ4,3
TG-XQ8I0ULXT,3
TG-AR5FL05AT,4
TG-KQ8RSLR9J,4
TG-RH4QOA0EV,4
TG-C4KREEH5N,5
TG-FB5YHEBIW,3
TG-BA3D8ZYU8,2
TG-8FUJSD9US,4
TG-57BUANH54,4
TG-QHFFNWUYZ,3
TG-C8IR2HSMF,5
TG-NUVPF5IAC,3
TG-O3BZSI9Y0,4
TG-A9GDOSDRP,4
TG-WWO27MVXL,4
TG-JGGXO1NOU,5
TG-9AQ01X9PE,5
TG-H9JYGEWG0,3
TG-HSS9UAM5H,5
TG-DCJ8KUIAJ,2
TG-VPZFBJ5RL,3
TG-9M9E9J5E3,3
TG-UI8QIQSO2,4
TG-2MW1RC24N,2
TG-NZQJ2WAP7,4
TG-WJFTKOMS9,4
TG-O1OKA9TWE,2
TG-WNGKQHN0W,2
TG-DIZVPF52A,3
TG-I1BTZ01OF,4
TG-PO3TJ8FHQ,3
TG-B8ZC27F2N,3
TG-2GYVKCI56,4
TG-6FHR8KRS9,4
TG-YRHAOOQAU,3
TG-EJMC7YFOQ,5
TG-4R22E5OQ4,4
TG-P4AYAY5TV,2
TG-85XJTG7FS,4
TG-0KAMR01VL,4
TG-57H3LUK6A,2
TG-F28OX1T5Z,3
TG-NX5XTU5V1,5
TG-VWLWJITTQ,3
TG-J4CXJEV2K,3
TG-KA8T7AY85,3
TG-0ZHJ8Q9VN,4
TG-39ED27Q8D,3
TG-UN94YATKX,5
TG-99N8TW346,4
TG-QYDQ0RZSK,3
TG-NO8NLQJJ8,5
TG-5N499Z2XF,5
TG-WENY3SE08,4
TG-7N4Z5GB7Q,4
TG-FYOF6X7FA,2
TG-MCTHFJBMD,3
TG-T0JO2VWV5,3
TG-MCLVFUT2F,3
TG-7YD7Y9RV2,3
TG-M7B2O6FDT,3
TG-XADMJ4WJX,4
TG-9AJB62TJD,2
TG-BSONYOEIO,4
TG-WOU2HQVWZ,5
TG-NOHYDA8WN,2
TG-3YE8KVUHC,2
TG-0888Z3XWI,2
TG-D8C4TVOAR,4
TG-1QL207C6P,5
TG-Y4S6I8E4E,2
TG-RYBA5A0WU,2
TG-3ZXGORLEK,4
TG-VZQFCFLZU,5
TG-AU4A547E6,3
TG-PUEO6U65N,2
TG-8FYTTFURH,3
TG-VBP913Z90,2
TG-V15NEMU1V,5
TG-AO07WHLA0,5
TG-4ZYQ96UDN,3
TG-SAYMUZZ1T,4
TG-TLE2FFL88,3
TG-EBZTVW576,3
TG-R9D60IYKP,3
TG-S2LH5L0J5,3
TG-1R9ZKLVDZ,4
TG-AML1E78LK,4
TG-PPUR6GRY4,1
TG-9CGTFP0CH,4
TG-8CDS49TQS,4
TG-1ZGA6FKAI,1
TG-IUSFLU6TK,4
TG-4H7GANZ30,4
TG-GL5BHFP4X,3
TG-GZ6WL902L,3
TG-OH1KUKI1R,4
TG-SM7MY2CBD,2
TG-VNRF5KJHF,5
TG-CJ8BGHLKK,5
TG-72ZVHQTV8,3
TG-IYGDKDBLE,4
TG-IBI6I0G9N,2
TG-X2GLM72VV,3
TG-V81ZXG14L,2
TG-Z7E2LRRP8,3
TG-L3OLOLOD5,4
TG-FNG9ZZ67Y,2
TG-Y6FEC3Q1P,4
TG-PLA7MRB6K,5
TG-SMIKLMIII,2
TG-0W47FC1DH,3
TG-5R9A13311,3
TG-20WOEMRD9,4
TG-5QBEGHHX6,3
TG-53JZWXMWP,3
TG-AUHD1DF8J,4
TG-YEX54WVSC,2
TG-9CDMEVB0J,3
TG-OQH5UNRFT,3
TG-XTR6E3Y74,2
TG-VMNBQB4CN,3
TG-WECNQHK99,2
TG-GQI5C9FIG,3
TG-YLIR45KAQ,3
TG-N4EDSCEU5,5
TG-ILDW0FS5U,4
TG-LLUA4KNVD,5
TG-2O5H7PPBF,5
TG-T0LR5VHTS,2
TG-0MWGBBKMX,2
TG-RLTU87VZL,5
TG-NX9I7ZTIL,5
TG-Q16P2C7MY,4
TG-IETGNEP3B,4
TG-5VH9S80FO,3
TG-X1K8S5U60,3
TG-QU3Y70NP8,3
TG-RDG4HYC5F,4
TG-ITHGQY4OW,2
TG-R5LJ82DIC,3
TG-ICEQD6ZMJ,3
TG-9ZXOVNOM6,3
TG-5MZUD08TV,4
TG-112LT2HX3,1
TG-RCQ8XCPBC,5
TG-TI8CPWKVA,3
TG-81FZJ15A2,4
TG-VBC75SG3T,2
TG-JQ9SK15Q2,5
TG-KO00OPPDT,3
TG-WEMULJIJZ,3
TG-IH7GLT4KN,3
TG-NXSYEVG6T,4
TG-OGGPQ9B94,5
TG-ZZJ4HMAKA,3
TG-GEJZOJM5Q,3
TG-RER9H0ADJ,5
TG-TODWCQ645,4
TG-WVFCIWW1G,2
TG-U2HM0W9YI,4
TG-3L26UVV36,3
TG-HGHRZPQSB,3
TG-U30JAY2RX,3
TG-JLTJQGALG,3
TG-Z2TILTSG1,4
TG-MOEP6IFHP,4
TG-T4PD34SVI,3
TG-WTXH922L8,4
TG-CLX53TIZ3,3
TG-116OD3UWG,3
TG-N7QLAHURO,2
TG-TYO458B4X,3
TG-POMEAI7NV,1
TG-WNTRJ9X3M,2
TG-ON1RVC66H,2
TG-3USRIL6DX,3
TG-PR8JNI76J,3
TG-KRLFX825E,2
TG-IWSV3GZ9C,1
TG-7VJSSHHIV,4
TG-9NSE2XW67,4
TG-IP98MV8MG,3
TG-P0J7FWI7M,3
TG-N5KWALQTY,2
TG-EFV5A7EWI,3
TG-SCWVEBAHU,4
TG-U76ZM5WFB,4
TG-FYO7FD1NK,2
TG-ID6LV42BF,4
TG-MY2VKUA61,3
TG-98H7GSUHR,4
TG-R1UXQPQXP,1
TG-8AUR3JIV9,4
TG-0M5SP6XSN,3
TG-3AVOVAPDY,4
TG-EJWOSMNST,2
TG-3YSH2E1Q1,4
TG-ATI8RIP9G,4
TG-9ZFQZTU2D,3
TG-6DGCUPM99,4
TG-DSWN1WPTC,5
TG-PD9B5MKZ4,3
TG-02EBNEX72,4
TG-M8YMPH66H,5
TG-IUFU3RLR6,4
TG-YRIYF8DMK,4
TG-U7WM1187O,5
TG-GQ7TAOMD2,5
TG-H7Q195PY3,4
TG-HGRLPBEVT,4
TG-68WDWL1CT,3
TG-GP4VZICLF,5
TG-SRXYQGQPW,4
TG-KYCSZ9L6G,5
TG-E7AJZH73S,4
TG-XO1XAYUAZ,5
TG-HQ0VELLFR,5
TG-VOCK7C3FA,3
TG-FOHKMDRTD,4
TG-PJFAC98XK,2
TG-AYK041KSY,1
TG-L64KUA15V,2
TG-38MMDIHQJ,3
TG-G4ZCQV4PI,3
TG-ZY505FYGB,3
TG-HH2NC56KL,2
TG-POZPE5BVV,5
TG-5KJVG9MX9,5
TG-PK11C4KY1,3
TG-P7LP27T6K,3
TG-FOS9SWZJM,3
TG-0P6PH66LY,2
TG-2G2613FFW,4
TG-19OX4699X,2
TG-E90NWCA2U,5
TG-UDNUVBKDW,4
TG-W7004ICZD,3
TG-P7GY8FX9Y,4
TG-Y9WZDP3L8,4
TG-VJDI8EYST,2
TG-WZA9YYQKP,3
TG-8LQ9J7OGJ,3
TG-U4P1V8EL7,3
TG-YY8R62MU2,2
TG-JPQEQ7ND7,3
TG-0MLD0835I,5
TG-3O26QSRZ9,4
TG-KBTIIGJVA,2
TG-E8YUDQFKG,4
TG-01S4M6LWZ,3
TG-XWDAUJF9M,3
TG-19M437ODY,3
TG-MXTE7O4BM,4
TG-WRCLQ3CXW,4
TG-L337PNELQ,2
TG-30JHPN7Y0,4
TG-IENHQ03XT,3
TG-4FR35OA9X,4
TG-UC5LNXG38,4
TG-1WEAKWG9R,5
TG-CWMNEX7XH,1
TG-B26TGRH7U,3
TG-O39LGMEEB,3
TG-394DJZW3C,2
TG-YLDK22OAN,5
TG-Q0LVKGIUY,5
TG-66IVSZD2H,4
TG-RZKGEQBN2,3
TG-Y5WDKVWIH,4
TG-50Q7X4DAK,2
TG-47WBPNEBG,2
TG-3XZJUKQ5Z,3
TG-J72LFAUUU,3
TG-A7BVHPZW2,4
TG-2C9Q3ED7T,3
TG-R5LH0OKBQ,3
TG-FNW6VWBUH,2
TG-4SUQ0C892,4
TG-LKTZ7FW8H,3
TG-X9R3YADHD,4
TG-FBPOL1G49,3
TG-58EI5UBKR,4
TG-ZAAQ0NA4V,4
TG-BOA0X7CQ1,4
TG-APXLBBKM4,3
TG-GUD7Q7F5J,5
TG-Q2SELB2N7,4
TG-DEH8A6XOM,4
TG-90LSMD6G3,3
TG-B76UC5H7V,4
TG-CL3JD6FCC,4
TG-XW8Q7QC5E,2
TG-H6EBPSDFN,4
TG-2MAM47HJ1,2
TG-XVD89BOQB,3
TG-CT0V65VKK,1
TG-V0876V69O,5
TG-7HR2HRICI,2
TG-F9EANNE74,4
TG-OF4D3VN02,2
TG-0ZNH6H8MV,4
TG-VJJ1YTT7E,5
TG-MKL7337IX,4
TG-ONHPYQQ01,3
TG-UVB1HZH8G,4
TG-GTEJFADCV,3
TG-TTV33D4X8,4
TG-67FCLFU8M,5
TG-SFV1NKA1C,3
TG-EBJSOJ1VO,4
TG-GE1GU61BG,2
TG-8DHIV8VQY,3
TG-9DSYE31RM,3
TG-UPFBLS0FS,4
TG-2AZKE8HP4,3
TG-P131K0X0M,3
TG-TEQV9MNJT,4
TG-RZGVRON4S,2
TG-KW4SBRXB9,4
TG-Z1XQ5AWW3,4
TG-4LWQ5BZ3Z,2
TG-ERJVSW1ZD,3
TG-L0Z900SW5,2
TG-34MMETF8H,3
TG-74K32UERG,3
TG-U972X1QZN,4
TG-N4WGXY23S,5
TG-0Z3UOSMV8,4
TG-BDDU0Q3U2,1
TG-Y7ZJTUXKO,3
TG-QAP6S6SOG,5
TG-AQ2D00BBA,4
TG-FEU6TWORJ,4
TG-1MOFGJ54G,3
TG-BZ179YQNC,4
TG-3UHZLKMF2,4
TG-EDDQR5W81,3
TG-SG4TD436T,4
TG-YKI0XI6RE,5
TG-G8PGIXARX,2
TG-GY26AR377,2
TG-FAJC9QPU0,3
TG-S6UJZDE29,5
TG-0SJW8QSPQ,2
TG-PPRXER1UH,1
TG-MS8ZW57Q3,3
TG-IXDJM1Z74,2
TG-3WCUHMV64,4
TG-43FU5MRUF,3
TG-SQIC0TKAN,3
TG-10U7GX6D8,3
TG-6288VYZSH,5
TG-8CSM1R800,4
TG-PWKRKYUDR,5
TG-G6BPZ8FO0,3
TG-XXHU2DEIX,3
TG-LYHF5M1I4,3
TG-9G5FZOKWD,4
TG-HDTWXG7PY,3
TG-LBHVTZ5G0,3
TG-S7Q3SEF8Z,3
TG-HDASA7VWS,3
TG-HKQIMNKQ1,4
TG-LTV0ISA3D,3
TG-6IFLCK20Y,4
TG-RSQK0ESTK,3
TG-6V41VGYGW,3
TG-I6A6SQ6FD,4
TG-QQBLDE9YD,5
TG-74MR4EQHO,3
TG-28AYNV67U,4
TG-MR966TOPO,2
TG-K7QJM21AA,3
TG-RSENTR84H,4
TG-QCM6281IC,2
TG-FNEUQXKPN,2
TG-GC129WG1I,3
TG-D8HXD4W1D,5
TG-S5B3VDOVB,3
TG-IXGEV58L6,3
TG-UW14EUOGS,4
TG-J2YRX51IH,3
TG-19MG8C1OH,4
TG-DSVDCQLLM,3
TG-ORNT0C0F6,3
TG-LANWF32L7,4
TG-PYW16YFI0,2
TG-DLDPFIP8Q,4
TG-B600AGB9U,5
TG-NGLXE3HHX,3
TG-LFR1TZI9Y,5
TG-M18ATYRCH,3
TG-YD3MI8F3F,4
TG-7JRGV9WC2,4
TG-4MAPTB4N2,4
TG-CJIBJKH3I,2
TG-5II64RP6E,1
TG-FN1BE4IUV,2
TG-PRI47TVXD,3
TG-YURJYKBKO,3
TG-EJBACO9CG,5
TG-EMCKVRDEQ,4
TG-KOVN81J9P,3
TG-Q2M33H9D4,2
TG-DQ7PX0NLS,3
TG-7PYO25GQG,5
TG-E9N6FUC7R,5
TG-UDC4440EE,3
TG-7CLT4IYBU,4
TG-0PPZ9DF6N,4
TG-ZQUIRSG07,4
TG-14NIOBUNQ,4
TG-Z7X5R5CDT,5
TG-5GD9JXJ1L,3
TG-50WSI8X94,1
TG-55L2UV42T,5
TG-IMO17SL8A,1
TG-KGBSIULM5,5
TG-T9TCCMOVZ,3
TG-0XS0HL3AT,4
TG-TGSJ27SY4,3
TG-ZMWA2KQM0,3
TG-V6GB38Z5B,3
TG-3JUSXV8VD,4
TG-TQC6UY293,4
TG-T24OC3I5E,4
TG-7OUSUOFNA,5
TG-DB58JR8ET,5
TG-KZ6WB8ZGZ,3
TG-CA7QI2R69,3
TG-VUCDYZSGI,3
TG-CXTP2WE2R,3
TG-AB34JI23W,4
TG-PSINBURWN,3
TG-MDXORAIZZ,1
TG-O4NBN40CL,3
TG-RHPCJP4D0,3
TG-UMSL6GJNB,3
TG-B5V1YHN7S,4
TG-ET0SFQRP1,2
TG-ISJYOJFOX,4
TG-3B3VWKB9R,2
TG-MMVJBS94P,3
TG-KQA3BRE1L,4
TG-RL1DKD18B,3
TG-AKCKXIA2A,1
TG-JJ2VJQKK4,2
TG-LSXTHLBDG,3
TG-8LZEMDE68,5
TG-ZCOLIO8LE,3
TG-8AII1L9F3,5
TG-LEUWSK25P,3
TG-AWMK8ACIU,1
TG-AHU307817,3
TG-S1Z5CV5UG,2
TG-05MYW2Q9Z,5
TG-LGGMF9KN7,4
TG-BB3JRK053,4
TG-NESZ0K081,4
TG-L85232KI1,5
TG-XE41ME68T,5
TG-FQ4N69MU6,5
TG-9QBMPTDQ5,3
TG-0YQRNB0RL,2
TG-QDEP6JVVC,1
TG-1KF8C18NP,5
TG-4O38U42KA,3
TG-DJ0MSXKBV,4
TG-73AZJFCVE,4
TG-84UU9DRL4,5
TG-BLI2FCHX6,5
TG-DHINZJE7T,3
TG-LRFSPX2JR,2
TG-TXIE9SWFG,3
TG-I7J931LJ5,4
TG-TWWCEZU1M,4
TG-WOAP6FPN6,3
TG-IZOJACZGE,4
TG-BI9NXQP4E,3
TG-HMKBAV93R,2
TG-T40Y4RL5J,3
TG-6Q7WLI58X,3
TG-SQDN9JOT5,3
TG-LO2MRLZ3B,4
TG-R5JAN5PY1,4
TG-BD1U54KI1,3
TG-E7K2N2HEW,3
TG-334G0CM8G,3
TG-6KCEY28IN,3
TG-69W82H0PK,5
TG-7VSWZNL1Q,5
TG-UQ9KONZAW,3
TG-DTM8LK725,3
TG-MIUZYMMCE,3
TG-QRAEF2PR6,3
TG-9KER20GJA,2
TG-05K927X8I,4
TG-F64XOUGIG,1
TG-5821G2I8W,4
TG-62HXA8DP5,3
TG-1H6VLEY9T,4
TG-M8DBUKPAZ,4
TG-LL9OMX7XX,1
TG-ZK90581VE,2
TG-DGS8K39H2,5
TG-COPX4AVLI,2
TG-YGWIATIYB,3
TG-NOFLAPRNC,3
TG-2IA64Y0HI,3
TG-OCV5IHK50,4
TG-CFZM0CIO1,3
TG-I2AA9ADXI,3
TG-D8W4ZOYHI,2
TG-AXNEGQ8NZ,4
TG-J5HHSYJR2,4
TG-X1EIZ4QEA,4
TG-XH6J0EVRH,3
TG-CWFKU933G,3
TG-XKML7QGPD,5
TG-ZE9RT5WCT,4
TG-0MUZ3596V,5
TG-5E0YK79WS,3
TG-GZPCXR2Z5,3
TG-I29GQJYO7,2
TG-XBMPDAN8P,5
TG-C3O1HD58C,3
TG-R54LBJVI3,5
TG-964BXAMF0,3
TG-VS1TI31J5,3
TG-3YCALSCSE,4
TG-D4UL9ADMU,4
TG-BEPKTPOFH,5
TG-KIBKWOG8V,2
TG-P7IBMOV1W,1
TG-Z835K11ZP,3
TG-G1K45GOKY,4
TG-OE3463Q6Y,5
TG-SM1CSQHKQ,3
TG-YO5RNWXN7,4
TG-CWFG7R1YL,3
TG-GALV4JMWD,3
TG-HGAA0QGHC,4
TG-QT8IG23TE,3
TG-4ICD9T5VF,4
TG-T1BEIOH18,1
TG-TTNXXBFFY,4
TG-VKEAKLMJ1,4
TG-SHA0XAHTP,3
TG-BGCOT0ZND,4
TG-2A41BO2F0,3
TG-AIJVBZENA,5
TG-PGM4IZ92C,3
TG-R1K21XB6V,5
TG-PUN7OC1YN,2
TG-Z8NY1O6G2,4
TG-NW891VI87,4
TG-XNLXO5AMX,5
TG-QLKDOS334,5
TG-OZR4SECT0,1
TG-ZQQ6B6AFD,3
TG-XSL1NVY6G,5
TG-830QFERVF,3
TG-UUHKW488E,3
TG-E1FP2LHZ6,3
TG-30QV7N6IL,3
TG-64OBQR38Z,2
TG-BVHLARGZM,1
TG-48Q60WB8F,3
TG-85DOB2QF1,3
TG-C60WUD7KB,4
TG-PZTLB0KOV,4
TG-QTXPETZ9H,4
TG-70PM6QUG9,4
TG-8AFP9K4FR,4
TG-RFO2L1RU8,4
TG-ZPREFVI1S,4
TG-EL14ZU5NG,3
TG-Y0T819993,3
TG-XF13ZRVJY,4
TG-2AIIQIMU0,2
TG-585IL3YH2,4
TG-Q5R0S62EB,3
TG-EL79GIHW6,5
TG-5H4GOJ3PK,4
TG-SPKZ9XGCB,2
TG-TD5SR8PM6,3
TG-S6YTAUE8P,4
TG-SF7AKFOYB,1
TG-2IK0XRNNE,3
TG-45GDO18J2,5
TG-AORL3BRNA,4
TG-I6ZX3J1TG,5
TG-0QDE7GMEK,5
TG-6XPWQC4OD,2
TG-4C9I7RTJ5,5
TG-O68F3573Q,2
TG-NTC2LF34O,4
TG-JA31MYT2B,4
TG-G283HNWDF,2
TG-TZ1BM0BAQ,3
TG-0ADISF416,4
TG-EBUI8TU8F,3
TG-Y2EPWHVIK,4
TG-SB2SA2J9O,4
TG-46HL4ZRUH,3
TG-6NQ2VWL68,3
TG-E7LMHAN5J,4
TG-SGEB7F97N,3
TG-WMOIIQTC7,2
TG-MTF05HPTN,2
TG-5QIYY77ON,3
TG-Q127IFJNE,3
TG-FBSI9WSVZ,4
TG-2ANVUUEHK,4
TG-FG1ADA79F,3
TG-5ACX50OQG,4
TG-TCUNJ8XEM,4
TG-FZGVBWOQ9,2
TG-FF5KF0N8M,4
TG-HHXNKY3U1,4
TG-SRB2W248O,2
TG-OC4LFL7S2,5
TG-ZC7WU3MJD,4
TG-99QT1CF9K,5
TG-GP3XPD7F6,4
TG-C1FX81Z82,4
TG-4OM8UM3J3,3
TG-YWYTFV7LY,3
TG-YBTSHBPKJ,5
TG-D7YNGPIC5,4
TG-HU124I6IY,4
TG-8QY2XC5S1,3
TG-QR9BJYEV7,3
TG-1CS1DKERW,2
TG-DVAJ61P3Z,5
TG-45NOZTZNH,2
TG-X3KED0F4U,5
TG-XCKTPC4O3,1
TG-Z0X9BHT0T,3
TG-NLTVAE2HY,3
TG-A15OZMBD4,3
TG-MB2YTKS4Q,4
TG-XGWPRVMEQ,2
TG-OEU0VS481,5
TG-37MTHRD1B,4
TG-VQIGNHLQ6,3
TG-Z38IRAD5M,4
TG-RJ7S76R6C,3
TG-PIOZEGY6T,5
TG-TEAX2FUFU,3
TG-BPJADYQGL,3
TG-6WR4GEFKW,3
TG-V7PLNJZKV,3
TG-SJ16WYCLJ,3
TG-UGFGDX5DS,4
TG-2SQP64CW5,3
TG-2UMQXZS45,4
TG-7J7ZSO75J,3
TG-59LMDBCWL,2
TG-HP2TP5CRR,2
TG-5FF0O860P,3
TG-TAWGTI8QS,4
TG-UFBRTI6T7,5
TG-JU9T6X9MZ,3
TG-Y6ZMUTZ9W,4
TG-6Q6J1LJSE,3
TG-9DY6LUFIK,4
TG-WDF6U8TAK,4
TG-IUPKM0XBR,4
TG-SRPCDW5LJ,3
TG-DP572F7H5,3
TG-B7GGRZCC7,3
TG-KF3E5C2HV,3
TG-TB19QJP3N,3
TG-8RES215TI,4
TG-IPTD1PH1X,4
TG-1NV7JG8WD,4
TG-HOQWEHDSD,3
TG-I5G9MAMQC,4
TG-AKSRBF1EX,5
TG-KC16XN3LW,3
TG-SA28CREPU,4
TG-V94VIWN20,3
TG-IOAXY9C7U,4
TG-0M8TT2G5M,4
TG-35RBUIYFX,5
TG-O15P475K4,4
TG-HSXICJRTB,3
TG-F878QSQQ1,3
TG-GODUADGXV,4
TG-BWJMW4D3O,4
TG-316744T2A,3
TG-CIINY9JG3,4
TG-C1M7YRBJE,2
TG-1OUNUEIGV,3
TG-W7WWSWPCT,1
TG-XF2J0ZDY9,5
TG-ORYZ4Q34R,3
TG-RY0N7PK2V,4
TG-70LH882RM,2
TG-JEC8XCA66,2
TG-JCAC0NO8M,3
TG-CJIOY7FID,3
TG-HVQ41OENM,3
TG-55ESGVXR9,3
TG-HDXWPKSUG,2
TG-4NPN0XZUY,4
TG-NVT9W373N,2
TG-W3XMLAFD8,5
TG-FHLGZ1HHG,1
TG-LFBSNKUL8,4
TG-SAEYBJL77,3
TG-JA7SFBJFA,5
TG-3PBNOFL0B,4
TG-BT079WOE4,3
TG-FPFSEJR05,4
TG-6J35C6LRV,4
TG-BJSHZYAZ2,4
TG-OGDQI92Y1,3
TG-Q6AFJ7CAZ,2
TG-NIXEO6C1J,3
TG-O36FDI4IH,2
TG-SCA3205PL,3
TG-TTDBIBX5W,2
TG-NY3CHOSZL,3
TG-LY66AI1Y8,2
TG-N6OEP4CSU,4
TG-EM4X0OMBV,4
TG-GDDFRPB4F,4
TG-YHLPMCH5R,3
TG-LZ8W22KPY,4
TG-SM6UN5NWO,2
TG-LMGNPHK0V,4
TG-OER5XX70B,3
TG-2QJV61DNL,4
TG-JZK1D705W,3
TG-VLVCERXMC,2
TG-02K0923Q0,2
TG-JP5GY8GW3,3
TG-2W4WE7PWI,5
TG-9HC8ILL0R,4
TG-5HLWOYIZU,3
TG-OS9VIS6DC,3
TG-77ND0O9GA,5
TG-G5SLFIL2I,3
TG-CCVTY9RKF,2
TG-O7H01TO7B,4
TG-ITVSF1AP6,4
TG-91F34HWM7,2
TG-LR1R1XKHW,3
TG-7BP0EFXM5,3
TG-05IYIOZO7,5
TG-DEPAE6VNT,4
TG-CX73C62BJ,3
TG-0ZAWNL3JI,1
TG-FVIELKQ6W,2
TG-IV3A96BNY,5
TG-G2GXO51RX,5
TG-QS00PJJH2,1
TG-TKSKJURFG,3
TG-954SSPEHP,2
TG-TPYM1G9DJ,5
TG-1QJPLX5R7,4
TG-3XZ92CV7E,5
TG-KC69M2EVS,5
TG-C5KN6MEBG,4
TG-I1PMVBKKV,1
TG-T5HZGSXBR,4
TG-I4XYRNMWP,4
TG-I35YJ15I9,3
TG-45G0XTJ7T,3
TG-T95ZK4I6B,4
TG-E6KK2SDML,1
TG-EY0KOVJCZ,4
TG-ZMXSROTSA,2
TG-08E47LYSM,4
TG-YOHYLD6RT,5
TG-0LSIA9VP3,4
TG-XLVISOUNC,5
TG-SJI3XXG43,5
TG-9JGP8HBKB,3
TG-9YFVHNOJP,4
TG-APJTNDDOR,3
TG-R4S5HXS2M,5
TG-R55CRYTFB,4
TG-P9HHNIRJB,2
TG-92WUO9D3L,4
TG-DV93OQ752,3
TG-1ZT5QX4R6,5
TG-1H2P6HZJQ,4
TG-6338J5TJ7,5
TG-PZYICZP6N,2
TG-VF1RRP46N,5
TG-TW03R5Q0G,2
TG-EEB0S7DKF,3
TG-1OE44SMLI,2
TG-BU41UU58H,4
TG-6BNXAEV86,4
TG-GAV8B1XW9,3
TG-5V6A7LTEV,3
TG-0DH9VMNMA,3
TG-JJ7PTQOII,4
TG-SH8QEHCPV,2
TG-MD2AL7COX,5
TG-B974LPKE3,5
TG-KV98YSCML,4
TG-HD92X1ZO7,3
TG-PBR76Q7GX,4
TG-3VG2V888N,4
TG-G7I8F2PFV,3
TG-OAXGJV82O,4
TG-8BDH2G9YD,5
TG-RIPPK565S,4
TG-1I7UB8ZKL,2
TG-LI412QZN4,5
TG-GJ1A67A37,3
TG-KJJPE8URL,3
TG-XE3GQ4BW7,5
TG-3U5YRWMYI,3
TG-25IP23L3F,1
TG-JUWFU52PX,3
TG-84TT79DJ7,5
TG-6Z9W09A9M,4
TG-RP3HO2A5E,5
TG-XG9W9X09W,5
TG-YGWBDH627,3
TG-5NY89W2LM,4
TG-5B8J9A1LI,5
TG-750KZLL67,2
TG-963B0G1YR,3
TG-1QSVUF5I6,2
TG-YS5KNUJLS,2
TG-C83JKX0VM,2
TG-5O1OW9F3G,4
TG-3A3C2A5YX,3
TG-72UY1MZSS,4
TG-FLNVRJXX9,5
TG-ZQFC5A9LF,4
TG-05BUKGQBE,4
TG-47J1I54LR,4
TG-TPJ9WR63C,4
TG-A44ZD0K2V,5
TG-3CJPEB0BJ,3
TG-7TMD9QTBL,4
TG-BFYZY7SY7,2
TG-1PBR0VE3Z,5
TG-LMQ8OBPL3,2
TG-3CT9LXB2Z,4
TG-G6D9QQTLP,4
TG-6IGP9OVYZ,4
TG-X8HY3X0AX,5
TG-GPOPQB06U,1
TG-V4BWSRJR9,5
TG-HR497TF4T,3
TG-389YEAIZF,2
TG-4YJT1QSEE,4
TG-L8R63SE31,4
TG-IC1ZGET66,3
TG-387VOSRF5,5
TG-MMWNNXXOM,3
TG-LC2VQ9HZ1,3
TG-OZ9EWRF3F,5
TG-2ZJV5EWS4,3
TG-YCNHLVJWB,3
TG-499TCXNUE,2
TG-EL2HHCWO8,3
TG-VV2VXRD2T,4
TG-R32LPUMRM,2
TG-3X5MOM4I3,3
TG-BDJ8ZZIP9,3
TG-GYKXUM8GF,3
TG-Y7WWDATGF,5
TG-POBFH98Q2,2
TG-7MQOKUL21,5
TG-UTHSZOKVW,4
TG-FEYH8QEPW,1
TG-KD4I4CIQT,4
TG-QVABA6TDI,4
TG-4ZNOZ8DZ7,2
TG-93EFN6H1F,2
TG-QB3K2EM0U,5
TG-D15P6S6PP,4
TG-MJ4CKAGK7,3
TG-TLKXJH2UU,3
TG-AM0SE4B0F,3
TG-IREDIR7XZ,3
TG-YRG4TPXB0,1
TG-KN84O2YAT,5
TG-I9IFGFYN1,3
TG-9Y9HQ4PPY,3
TG-A92EGAMXQ,3
TG-SRKK1K1T0,4
TG-AB9X5S23M,4
TG-PZ08DDRFY,2
TG-0FOQPLXP9,3
TG-XQP6BL1U0,3
TG-M9PZG8WI1,2
TG-7OKZQCGYA,4
TG-D9X6TUAZN,4
TG-U4W0QCUVB,3
TG-TVK1SVV1S,2
TG-RDZZ2WZIE,4
TG-MC86VMU1F,4
TG-TOUTYUY2Y,5
TG-2B9LY4YBQ,2
TG-YUP3J2O0U,3
TG-0M2QC3NJZ,3
TG-PCLDC08FX,4
TG-8X38UAEYY,4
TG-OA0ORM07K,2
TG-81T8F150R,4
TG-SZFHW2UNJ,4
TG-V67N61TI4,3
TG-HXDG0WO5U,3
TG-IZ7HBNZ98,2
TG-XHLA6487M,3
TG-U5SN0L9SM,2
TG-ZG76GPB9R,2
TG-H1KOVKFPV,3
TG-TBNOFGZWR,3
TG-8TX6P074K,4
TG-MCQS55SDD,4
TG-YOXH9CLLZ,4
TG-2NU2ISSD6,5
TG-LFITTR5YA,3
TG-K2NZV8F05,3
TG-ZO4U07BOZ,3
TG-7S37169BT,5
TG-U8CZKBZRI,3
TG-3RUQN62B8,3
TG-RBSXQONF9,3
TG-M6KQQ0E0M,3
TG-0NV0CW18U,3
TG-IBONCFUS5,3
TG-YEO7ELBNU,4
TG-BAG27QMMB,1
TG-KA3IUDHT9,2
TG-3TJAH6AHH,4
TG-AGGWQZQZK,4
TG-5MXGDGGIE,4
TG-I6R74N6U5,3
TG-LDO3UJTXP,2
TG-KA29LAIN7,5
TG-6PYUYUQGQ,2
TG-MUJX1JHWS,3
TG-1QKD7V0L5,3
TG-5HGRTIYQ5,3
TG-XEM3QD2YL,4
TG-SO7FGOT8O,3
TG-LMIRJ3Q1F,2
TG-OWEIS9K6H,3
TG-X0X1VWIF7,4
TG-OSL3JYY4S,1
TG-OM9M17O4P,3
TG-T1S6SYM9A,3
TG-GOSDQ4SXN,5
TG-U1SW5Y60I,5
TG-OFBJGZTAM,5
TG-9BJUEM5L8,3
TG-GZC4DSGBO,4
TG-98L8OI5H3,4
TG-JI7ZTLSGB,3
TG-PQK1T77SM,4
TG-TR0ONVA5G,4
TG-SLHS1LVIU,3
TG-38P4AHHFT,2
TG-8L7SZC808,5
TG-26EXUDGA7,3
TG-063OKUSVV,5
TG-LFM223QJK,3
TG-FSVKM9LRC,5
TG-QZGM6XPBW,4
TG-OONSZ860Z,3
TG-EM0CQC942,4
TG-RJKCN3S1C,4
TG-0E3IZFA4A,3
TG-WYMWZF7HP,4
TG-HN2BYGP0L,3
TG-IZADLL3MR,3
TG-I2FLOZOWX,4
TG-YKWRSXMK2,2
TG-DII611KLJ,4
TG-LAAWIGY61,2
TG-XMPMD6O59,3
TG-V78C26FQI,5
TG-SE6R11Z7Z,3
TG-9OLDPN7VT,2
TG-2WQDDYH46,5
TG-UCNAK2QNF,3
TG-1PBYPC5IN,5
TG-F1Q1QRD25,4
TG-UAJJL6Y11,3
TG-DOPYY3D6V,4
TG-FU29J9JZJ,3
TG-3WMT3OKAO,2
TG-7WTFFUL9D,3
TG-L8VZI3ODN,3
TG-9LQ8LHK7L,3
TG-W1O78H4VP,5
TG-5ROVBABK4,5
TG-Y972JH2Y7,3
TG-SV8BBCI0G,3
TG-6KO8QDEVE,2
TG-JPBB6YYZP,4
TG-9UKC4Q0UP,4
TG-3L7DJ1E3N,2
TG-I71EZFMIV,4
TG-9DDPESTBX,3
TG-BY22F31VK,2
TG-4B855YWAY,3
TG-7ZL3KYBRH,4
TG-87MZIMRY9,3
TG-K4EB07A45,5
TG-VI264LNVE,4
TG-4KAUK27EL,5
TG-OKNT7AYCW,2
TG-M3I4CSU7W,3
TG-KXF6GF1DG,3
TG-R3F6JVKIZ,5
TG-PKGUJ86J3,4
TG-HHVUV79RN,3
TG-OKFQUO2RM,3
TG-8L4AMHOUH,3
TG-FJ8HEYHF8,5
TG-9E9ZIN45C,3
TG-8DVC5YFB0,2
TG-B60E84QYB,2
TG-6MGMUDJEW,3
TG-4NFLENE56,2
TG-H4DK92Q8E,3
TG-AOWMMZ1OR,3
TG-7V4IOISA9,5
TG-5KH3MB8QL,5
TG-3QXC1RXQ2,3
TG-0VZUSBA47,5
TG-VKUF9XU4J,2
TG-GX78O5EMF,2
TG-PU38ORSUO,3
TG-L42N0X4RA,2
TG-I2CSGIC6S,5
TG-7BQACLQWU,3
TG-02W2VNOTA,1
TG-PNAUE4AU9,5
TG-3NZPMMIWR,3
TG-XV7P8OT0I,2
TG-FKTX4VMIK,3
TG-OJZ516PIQ,2
TG-HR84W6JRZ,5
TG-P591Q1XTK,3
TG-AFQY2544P,2
TG-3S2H9IHIA,2
TG-L17FL2JMM,3
TG-UI3ZRR6YA,3
TG-OKU0OLJSX,4
TG-EVB61IMSD,3
TG-WC7EAF9QS,3
TG-IWIYJC5RW,5
TG-0G53E6U82,2
TG-2YQVV0XRB,3
TG-2C69B8ONC,1
TG-AUC2T0YIA,3
TG-OZWRWGGNH,4
TG-QQBMR39HZ,3
TG-MJ5BKLKYY,1
TG-2S0LHCTL1,4
TG-LNPEJ5L95,4
TG-DSCAYQCH2,2
TG-0KBAPFXVC,5
TG-3SB041ZW7,1
TG-XMWCOGDP0,3
TG-R34MVWO0H,3
TG-JJEZXIB2A,2
TG-Y2USYICVX,5
TG-L8IZO3B1N,4
TG-MDBZJ81TE,4
TG-ZPWZS317H,3
TG-J7UF36QJO,2
TG-B7UO4UW9F,4
TG-KZQ9UI02D,4
TG-Y9L3IRKXT,3
TG-784UBD9YK,3
TG-3KTDLLUV8,2
TG-OK8OF19VQ,5
TG-0H2H6B1HN,2
TG-DFXDWUIHN,2
TG-J71078HW5,3
TG-GEG9LU2PJ,3
TG-KDWL784X7,3
TG-PCYLCHRA2,4
TG-78979VBYV,3
TG-Z76WFJY2D,5
TG-QBL12QBDE,3
TG-TASQN3Z73,3
TG-49ZX2NHV4,5
TG-UV802648H,2
TG-ADCCBVS5L,1
TG-V1AMB69GR,5
TG-Q8XG10DKR,2
TG-H5EWDKHUF,4
TG-7UYV62YMY,3
TG-SDK1HDN6M,3
TG-Q08FV1R33,4
TG-12O8ERP9J,4
TG-O5B2RULV4,3
TG-7CXB0M0K0,2
TG-SILZCQOR9,2
TG-C429J8WMD,5
TG-PBFL8AGMU,3
TG-01EZBNUT4,2
TG-4ZDVY63RH,2
TG-D4RIILHU3,2
TG-HIGTXEDK3,3
TG-8SMBAQ89Q,4
TG-5NJPPP1Z4,3
TG-RGEAJQC6G,4
TG-YCG75T605,1
TG-AF5C0G6J1,5
TG-DANQMCCF1,3
TG-KDGU1IS6N,4
TG-YUHK5JO9D,3
TG-UM5TCAQ77,4
TG-JFQ653MGK,3
TG-LDCPP8ON4,2
TG-U3GU4HYVY,3
TG-FEBHQR1NY,2
TG-09L9H3GO8,5
TG-C4CPEEXU7,3
TG-2DTC5WVVT,2
TG-F4ZF1S9PB,5
TG-JP7YJJ4JR,4
TG-OC5JDJR6Z,5
TG-OG9H4HQ5K,5
TG-U0HKYMKW1,4
TG-CLN2WBM43,4
TG-12YI7F0GZ,5
TG-DE2QDAJ2R,3
TG-B4TOHU9YG,1
TG-FEN25VHGA,4
TG-T0CBTA5DP,4
TG-3IRWMAEB0,2
TG-KABCNTRCE,2
TG-GUWKQK2AQ,5
TG-QFSEPAJD9,4
TG-OX3IKD9D9,2
TG-JN5JYNKIH,4
TG-D6BRJ56XN,4
TG-OWS3AM2VY,4
TG-N4QBUGPK8,4
TG-MRPUMKVVF,3
TG-US5F4TV85,3
TG-ZS1QS5UEX,3
TG-9RBVE3A30,2
TG-0MR6PMN0F,2
TG-YXRB0BEFE,5
TG-H7P0PX4YF,2
TG-PQHT825E8,2
TG-3NAHSQRT2,4
TG-FGRL9LT2Y,5
TG-BPRM482ZR,4
TG-Z79W7XKYD,3
TG-2I4OIU39U,4
TG-JG7KTAXAP,4
TG-3LP8S88SY,1
TG-E1UTGSSCD,3
TG-KHJ99I3OZ,4
TG-LQNFIX390,4
TG-05PNG3A9B,4
TG-NKON7IZAO,3
TG-95MB12BN3,3
TG-MUI9PCT6F,3
TG-XNF2HHMU8,5
TG-QIV5YEXFL,4
TG-RQCWWPCD6,4
TG-MA0338LPS,5
TG-THOM8OJWY,2
TG-I7Y86QT2M,3
TG-4QFKZF2R6,3
TG-Q0A24KHZC,4
TG-3IJ134Q8E,3
TG-VRT2D0TMA,5
TG-H9YPT1O8K,1
TG-KLT28DQ0F,3
TG-V4W6F2RSA,2
TG-WAVQGJIS7,2
TG-PZC56RWFJ,3
TG-3QATTCOG6,3
TG-NNK9LOM6T,3
TG-JRV581IQ4,3
TG-DCVBSITJE,5
TG-PFHXFJOJ9,3
TG-AI65MZH4Z,3
TG-CCH0E81SW,3
TG-ODKIXBIM7,2
TG-N9A8FY6Z6,2
TG-RVSWW2QT2,3
TG-IW3GSNIKC,3
TG-WNOX9EC3N,4
TG-SOT1SVIS1,4
TG-PQZJ9RFC2,3
TG-RFMPRWK2H,3
TG-IFNYATDLB,4
TG-7IM6DX56I,4
TG-NZUZTEFX8,3
TG-SLXUIEWZT,3
TG-XCU0FO2BI,1
TG-Q1VH5H1KL,4
TG-J6N77VWRC,1
TG-MBV5PT2E7,2
TG-I18HRQ3K9,3
TG-6HNGWV8AT,2
TG-IWE0ZPNIZ,5
TG-1W2K5I7K3,5
TG-8TS3VI7YE,4
TG-EI93FKAQU,3
TG-VL18Y7HLH,4
TG-0XP3OTQQD,2
TG-540IS36YL,1
TG-M2UBF9EBG,1
TG-5ZT6CJBDL,3
TG-EK3XXDTDA,5
TG-XMF07B94A,3
TG-O6XLWWVNK,5
TG-FQ93SVXXF,4
TG-96KFQO54R,3
TG-HVS89QGZ8,3
TG-IRLZ0S9FG,3
TG-N7G75EUDM,3
TG-5MDQSWYOR,4
TG-KOY96OZTH,4
TG-3GPGIUGF3,4
TG-BPVOUR5YW,4
TG-X4AMKQFS9,3
TG-3W3H0SHEC,3
TG-QU60A4WIL,1
TG-AVEIBXKQ5,3
TG-SR34LE7L7,4
TG-D71FCQ7V8,3
TG-EF98MU1H9,1
TG-PINO2QNO9,5
TG-X4JSMO9UC,4
TG-N3XOX3LFM,3
TG-H45KYUN19,5
TG-XC528NO4L,3
TG-07OFVY3KK,2
TG-FY5H3PCCN,2
TG-MHNJKQ117,5
TG-ALV90PVEX,4
TG-J5YGWX5O7,4
TG-K1OMZW4FT,5
TG-ZON7TTUFT,3
TG-2PVCAGITU,2
TG-C55YTJADB,3
TG-HSIM98L57,5
TG-EXN2MLWQT,4
TG-IE2SJDX32,3
TG-UNOPZVG0C,5
TG-1VQY5PVS4,3
TG-6I56A9SE8,2
TG-8PWPENSSN,4
TG-Z5WM2G8H4,3
TG-KE8BDTX50,2
TG-1KWRUT8HJ,3
TG-O78LX3DDP,3
TG-1DQUJ9BS1,4
TG-J5VPRDJUV,2
TG-Z6VQCFKTG,4
TG-TU0144NJR,2
TG-MY4C7KACJ,4
TG-03L1O0U6C,3
TG-25SP6RQ85,2
TG-VJITLWVCC,5
TG-H99BA5T47,3
TG-QM2YQAI6G,2
TG-U7WDNSLDO,3
TG-5YSTT6M5J,2
TG-6VJEIRNI9,4
TG-4AGX0DOI0,3
TG-7X851GPJT,4
TG-YJ2WTRL24,3
TG-Z9FSSPPK3,2
TG-U0OTL1E8D,3
TG-FJ18JD4YI,4
TG-OYQYHPZ26,3
TG-FITL8KS5V,3
TG-KVZZOIYT4,4
TG-LC4U8KT6H,2
TG-0AN5TF18U,4
TG-OGQ2ABGLI,3
TG-QC3SWASSC,5
TG-79CTLV055,5
TG-73BRSGN20,5
TG-ZNJHPB3VQ,5
TG-23WK8QP9V,4
TG-GHZ2YO8ZQ,2
TG-RUSE0LWKV,4
TG-8VYT7M81I,3
TG-URNS4BF5J,5
TG-PAFRV0UZQ,4
TG-QVXQYUZZI,4
TG-3OUQXJWE0,2
TG-WEL4OM8XY,5
TG-F06XPC3VB,4
TG-AGKMU9V67,2
TG-UVW97IJMV,4
TG-WXFG9XAJQ,4
TG-ZMEPVWIBZ,3
TG-4Q7GCGHBY,1
TG-QSVV5JBLE,4
TG-GTP36K40O,5
TG-4Q2NIP8NB,3
TG-91NJ1RTL4,5
TG-MYT095U25,4
TG-LV6CGMHJZ,3
TG-VH9OBUCL7,3
TG-SNW33VY4L,5
TG-UUA5GK49L,2
TG-IN6W4KEZW,3
TG-CJQKCOP94,4
TG-6OF53W47P,5
TG-4NIYXXUWI,4
TG-UZYZGJ4XY,4
TG-JR1AJNHH6,4
TG-4NSEG19SM,4
TG-2VSWJ8CAK,3
TG-S57E4TZGW,3
TG-BX1SCWK22,2
TG-815V1O8R1,3
TG-LORIT8XNR,3
TG-6V2ZCRDKV,4
TG-45T32VP3H,1
TG-P1M49CBQV,4
TG-G6DV2SF3H,4
TG-9RFOKKDEF,3
TG-M7OP9O3ZF,2
TG-T8TJF1387,4
TG-1WDZK0CUF,5
TG-33WH0WAC8,3
TG-EFPEXL2YG,4
TG-I3TNS5LJV,4
TG-SHBWV6B8C,3
TG-8P9OAPJX3,3
TG-EQFWLKRFQ,5
TG-D0CDEKJ5I,3
TG-B77L5F5RZ,4
TG-VPL9NX0Z3,1
TG-OCS4ZPX5G,3
TG-HZK2SXOCA,3
TG-QB6G3S9EG,3
TG-J554IXVK4,4
TG-QXTF9M6V0,3
TG-ICB8I944J,3
TG-P3IYX0FOZ,3
TG-SR5ETBFN4,4
TG-MGS56EMZ6,3
TG-50DRIB00P,2
TG-37YPARB1U,2
TG-89Y2T4YI3,5
TG-JSPSOQDN3,2
TG-OBXL4T1N3,4
TG-P9XB49W9T,4
TG-N8T8PL7AH,3
TG-2GAPBZBT2,1
TG-7FJDBS2BF,2
TG-O22Z4EX01,3
TG-REZXHQI9Z,3
TG-VPT0K81AJ,3
TG-DB0Q5H32D,2
TG-H83F7WRDK,5
TG-BXB6U9OXT,4
TG-HF6GPLCFX,3
TG-CACNRMLDJ,3
TG-QUKH4858H,3
TG-U6MT3204K,3
TG-1O6PMCR3A,3
TG-FGOLBFY6T,3
TG-GJYJV4L5Y,5
TG-OQ9IZ8YYL,2
TG-R1BYB7KFS,3
TG-8TU8SH8FV,5
TG-042CDEJA7,4
TG-0IMTIBFWE,3
TG-3XPK4OLHS,4
TG-5S3N5B2LH,2
TG-FWYQ1KICL,3
TG-B6GZJQP37,4
TG-1FU8E7Z4Y,4
TG-X63HDWVOL,1
TG-X542BKK05,2
TG-YQR3DFUBG,3
TG-LK8HX6572,4
TG-AAIM3HIML,2
TG-O86EOA44V,4
TG-GRIAHFADX,5
TG-0H9Q61MCJ,4
TG-J70ELA9GC,4
TG-J5OT9762D,2
TG-5O2SOCN46,3
TG-PJ7X62AWX,2
TG-8KPWIFKW3,3
TG-8D46YECWB,4
TG-I8KH7LSUQ,1
TG-5LPDQJA1H,3
TG-KE7O9L0W8,4
TG-RM9DILQ8V,3
TG-JIC2KQQ9H,1
TG-AAPTUGGPD,3
TG-ILROXU7T5,3
TG-8MF5SM1B3,2
TG-C8Z7LR118,2
TG-SJR608IZW,4
TG-7ZLQ9W5DP,5
TG-G4ABQB93G,3
TG-LR0IQTCKH,5
TG-UVOKTKRCI,4
TG-HLDT3GWUZ,3
TG-6SER1SA98,3
TG-OB0AUNB40,3
TG-UHPJNEYYA,5
TG-BBYW0073H,3
TG-5DSPG7I7P,5
TG-76AY4I5HD,5
TG-1QLOY2YZN,3
TG-GAK66MO52,3
TG-DMX1JIAKS,2
TG-1UAKF6K7Z,4
TG-P3KZTIRO7,2
TG-N1FJOAP7O,5
TG-TV8Y4DPGO,3
TG-J0K7XODUZ,2
TG-2W5BTGG6O,3
TG-1KHBICJFB,5
TG-2E537LDXK,5
TG-ZDQYKA41V,4
TG-48UZQZPB6,3
TG-JYDTNL8LC,1
TG-1NEMO95SJ,5
TG-N67A87OSA,3
TG-Q42SNRSKY,3
TG-DRDHI6OD2,4
TG-5PI4AJ7WY,3
TG-O9BXCZBMD,4
TG-6HW53BL2A,5
TG-IS4WDL2IV,4
TG-XTGFM6K8H,3
TG-Y2F3YVX1S,3
TG-NL7AI8A6Z,3
TG-CEQTFYBB8,3
TG-5ML2LE7K6,4
TG-DSTW2OBRX,4
TG-UGZNTPTYW,4
TG-6ZB982OXH,3
TG-W9SY7UHXK,3
TG-Z8QWC755Y,4
TG-KZEC881G8,3
TG-5RCOA2KQ1,5
TG-GIAS6ODAG,4
TG-VGRQDC5TH,4
TG-0B67S37M4,3
TG-HMFBKHZOX,3
TG-5CEVJF620,3
TG-KC28BLLO0,4
TG-LIZ4XYZ12,5
TG-3FA91PNRL,3
TG-NB7WQ0S01,2
TG-H7T7M0377,3
TG-UDYD7NW5J,3
TG-MF75S8A72,3
TG-R806NT0RO,3
TG-RKK6KSYQC,4
TG-YJ5OI9T1E,4
TG-PWUHRL0MQ,4
TG-S4T8BDX2O,1
TG-FKUMJU0BS,5
TG-J2FJW17XF,5
TG-ZXTQF7KFE,4
TG-N66LXYOZT,4
TG-G7PB9AER9,3
TG-AJNNTC2MG,3
TG-YE1Y76VI3,3
TG-DFYD0MUQB,4
TG-D94V0ZJNC,5
TG-0TXN9J7FL,5
TG-L92SBDE2C,5
TG-AHFFRTCVV,1
TG-TSPV9TU4J,3
TG-B5VMRY827,4
TG-7RP6KB8IQ,4
TG-XD9BVT1OB,4
TG-O23Q0VUTR,3
TG-W3KZ2UNY9,5
TG-I3UH0R51V,2
TG-OW1YC4PYQ,4
TG-KUKVGMSYO,4
TG-SQKYGMUAJ,3
TG-G6PHLS859,3
TG-W3QJ8GSL3,3
TG-59QCAFO41,5
TG-Y533MAAF1,3
TG-OH8YOSTCE,4
TG-SZKU8EN42,4
TG-WFQF49K0N,3
TG-O6OUI7CCT,4
TG-TLGTVW11O,5
TG-7PNJJLQBI,3
TG-FTHWOM0QT,5
TG-FW1QA8ML2,2
TG-00ZTG8GG4,2
TG-XQN0MCAE8,3
TG-89YIIUAXF,3
TG-IFJ2KOIWW,2
TG-VFNAFORZS,2
TG-GP31YT2A3,4
TG-JM3Z0C1J1,5
TG-H1HEIK7BA,3
TG-8AMODR55J,4
TG-ZKR7OZHG3,2
TG-OQL6BOSZU,5
TG-1HNYB2PMI,3
TG-P1H8OZP6G,5
TG-I3KFP61Y0,1
TG-8DFLP7CJ1,4
TG-9MWWPVQ30,3
TG-3G31SM7HQ,3
TG-P8THHLBEZ,3
TG-9587ZJPZJ,2
TG-HILF9LSZ3,4
TG-5N95NL4UQ,3
TG-EYHEEQMOF,2
TG-AE246CBHQ,4
TG-P4E03SOJQ,3
TG-05X5CMP4U,2
TG-SGWEAGBPT,4
TG-5GJHFUY1D,3
TG-7DUTFKQY7,3
TG-06BTKVSJP,3
TG-T8KEM5HRY,5
TG-GM1284GZS,5
TG-WP8NOC2OV,4
TG-VVFE1HPNX,4
TG-Q0D6EQRTS,3
TG-YTJ9V35AX,3
TG-S9WFUDU66,3
TG-DT9E9L4JT,3
TG-W1IJAW9FU,4
TG-6E32NI3EL,4
TG-PCQWBZF1P,3
TG-WHZZZ7H3D,3
TG-4NM3TXJDZ,4
TG-FJLN3K2FG,3
TG-WDW952MQ6,4
TG-3LDQF6OFY,4
TG-4HI9X5ZBQ,4
TG-W44GW28CN,3
TG-QCLHLUNVE,5
TG-675Z97Q8T,2
TG-56DKBMMZF,2
TG-F4NI0SZJC,2
TG-Y47TXZDTK,4
TG-BMASTR625,3
TG-DRZJP8VGL,5
TG-BLD3NQQE1,5
TG-S91CTGI3V,2
TG-2DR6OU3DG,2
TG-PSB4BW4SQ,4
TG-UPTA6MHWL,3
TG-X5Z18XGW0,5
TG-186WBE80C,2
TG-FKCQ17JUP,5
TG-ISATTWAXI,3
TG-QDF4Q6FZ1,5
TG-KDE2CYSVK,4
TG-KHGEGGVPX,2
TG-LHIW13UO4,3
TG-O28TGK71I,2
TG-MIBYH8PES,4
TG-PF28V3CEU,4
TG-SYRVRLGP0,4
TG-48LCA5PC8,5
TG-KQ532FM3G,2
TG-3A6QMNWBL,4
TG-XEUNXD8XM,5
TG-GE1DQR6WG,5
TG-S1G7OLL0G,3
TG-WJAF5MAG6,2
TG-PE3RK7Z4W,4
TG-3C7VXZND7,4
TG-SBIUXY8LL,2
TG-FO6K1D37L,2
TG-191MZNZFC,5
TG-MP7ZCSPIF,3
TG-R8ODDTSOO,2
TG-KJOQVZOT9,3
TG-LVPP7DCC2,4
TG-ZRDXGCBY3,2
TG-CPM97Q8OK,5
TG-9HWCQTTC7,3
TG-YH5NRZLTF,3
TG-9611A0BMJ,3
TG-YBPWGQPRV,2
TG-JGG3VHB8W,4
TG-VUBCE3XU4,2
TG-OBAZL1TPM,4
TG-BTUY0V938,1
TG-GZK2UC4IC,4
TG-HJEULQ4ZW,4
TG-0JNEIVDHW,4
TG-W5H0WVXX4,3
TG-5SZ8CIRM2,5
TG-E2AQBU8OZ,4
TG-TR83XNZJE,3
TG-PCNN2UCLY,4
TG-NTIFEK7ZB,4
TG-4ADA19RFG,5
TG-0YHCNN3F5,3
TG-AZBNIT0MR,3
TG-HJZLNMPXI,3
TG-WBLJUY73E,5
TG-E0LQDROK5,4
TG-2H9R88DO3,4
TG-5J5VWB0YM,4
TG-7Q3TICWJJ,3
TG-IABH32W19,3
TG-7HJEEMHWV,2
TG-MFSUIHVJ1,4
TG-0T2GUP058,3
TG-DPRDKXZW1,5
TG-9L9GL4OF3,2
TG-4QGGGO4HR,4
TG-25889L7GE,4
TG-43L0Y8AU6,3
TG-P1UYSXSGX,4
TG-D718ASMMJ,4
TG-FWH31A4JM,3
TG-9KH152X0U,1
TG-4O2H9FXW7,4
TG-XPLYE237I,3
TG-ZB8K518NP,5
TG-BATHZDCJW,5
TG-O07NR5MDX,5
TG-3I1TASKVI,1
TG-B10WSVD1A,4
TG-HFOY1LXWA,4
TG-SAZTIE6E7,5
TG-XYMINW5U8,3
TG-HVQ51LUQY,4
TG-AVAJ6APEN,3
TG-GM85E114A,4
TG-4CV7PTYS6,3
TG-1JWNWAZRB,3
TG-FMB4V95QQ,3
TG-ORXUKLOO2,4
TG-G44KK4FJX,3
TG-PGYG41JSS,2
TG-0WHDQE8FS,4
TG-ULO5I017A,4
TG-YTUF4SY8P,3
TG-K7BPTDQ1L,3
TG-Q2BW8L5WO,3
TG-5ZZCCO2PU,2
TG-R72X84G4V,2
TG-LNA80HMS3,3
TG-H2TJ25ZIY,4
TG-JSB0PJW50,4
TG-450X0CIL5,2
TG-YWABQV6JD,3
TG-FWJNV4NHH,2
TG-CGEE5ZASX,4
TG-I8NR3COOA,4
TG-KFEJKA4B3,3
TG-HO08WXXNQ,4
TG-MJUWR504A,2
TG-VKJWRZUWF,3
TG-VY60AL7KY,3
TG-H5XTMYHJU,4
TG-5KIXLZAU2,5
TG-YOJG9JVQ7,1
TG-DK85E5OEX,3
TG-0GILMG8KG,3
TG-13XFPEKRG,2
TG-NIKI299CR,2
TG-RT5F3NSDN,4
TG-TFLG55ICA,3
TG-3CC9CGTLW,3
TG-GBDUPC0F8,3
TG-Q77MXIT7Y,3
TG-LY2MLS0MW,4
TG-1KSQJTT54,3
TG-72FINMGOS,3
TG-B9UGZRCBU,3
TG-AW9ZS7S4X,3
TG-9VXANISWP,4
TG-XIT47BLSN,3
TG-OC1HJGFM5,2
TG-3FOQUX18H,4
TG-RNS436T4N,2
TG-OM596JUL7,2
TG-7C0JTK82Q,2
TG-K8AN75X9Z,5
TG-HHJFJ8CQQ,4
TG-S3VZOPYR6,4
TG-P8RFKEEBU,3
TG-EM7ZG6A18,5
TG-XWWRIPSLH,3
TG-JFSK9WEK1,3
TG-ABMZGY33G,2
TG-XXGW805LW,4
TG-25KOM68JN,3
TG-AA7TFET1X,3
TG-RVK2DUTYV,2
TG-5C04B3AG9,5
TG-HLEZ21W11,5
TG-Y5GDTDNW3,1
TG-WDN4DBXE3,3
TG-VH0OLGIRH,4
TG-QMVAZVA7T,2
TG-8OVHUUPF7,2
TG-TFDQ48Y2I,5
TG-PZIUTWXHL,4
TG-UNINDAFRO,5
TG-CV41WXGXV,4
TG-L2612GMKO,5
TG-QK8QJCPCJ,4
TG-WHOO8R1GI,3
TG-DANACKKK4,4
TG-I5N2JP1L9,3
TG-LYUABTJUC,5
TG-M1MANX03M,5
TG-KWW83N3MH,2
TG-ZTO53G0RM,3
TG-G1FAQFAM0,4
TG-T8DIJ6K77,4
TG-5Y382M5T4,3
TG-KNKF6TIIL,3
TG-EGRJXMG4A,5
TG-40TBB1A6E,4
TG-DW5USINHL,1
TG-6N4S90S67,3
TG-CTZHK7W27,5
TG-DU8UTO9ND,4
TG-HNI6GUI15,3
TG-5LRNJ3AAT,3
TG-TX9E7X47P,4
TG-K38YCV13G,5
TG-0M2LY7OC1,5
TG-X9WTXWWNW,2
TG-CVH70WUGX,5
TG-QI4I85X9Q,3
TG-Z9IGDHT1F,3
TG-88HMJIT8Z,3
TG-73XB4L1UG,3
TG-ECOJ1DZM3,3
TG-XZFMPDLHA,4
TG-KEKCM2IKU,4
TG-1MBI5MR7Y,5
TG-LUY6DUMN6,5
TG-QJWR5FGKP,5
TG-ITM098RB8,4
TG-1CCSJTY5W,3
TG-W7U2WZ3P6,5
TG-ABJEOLHNI,3
TG-BLGBCYSWK,5
TG-P2MBWBRY3,2
TG-S9B7VCYJP,3
TG-A96Q9K8F6,4
TG-47OJHPOOE,3
TG-OXC24NRYZ,4
TG-SD33LKWZ4,4
TG-7NIZR06KB,4
TG-ZBR43DWPZ,5
TG-DHLDOSP3Y,4
TG-5PTO9DZAI,3
TG-8HBA9NWFD,4
TG-3E0HBR9W4,4
TG-AKE5UVAWK,2
TG-TNM6U1FND,4
TG-SXFZF3RNF,5
TG-XQPU90QFP,2
TG-99FZSR5BD,5
TG-VTWVRV4AN,3
TG-1KI1VHTS4,4
TG-N25K5M2HJ,3
TG-AJMUL9CM2,3
TG-93CYTEVZR,3
TG-CYBOUXZ41,2
TG-W5YQJOC4P,5
TG-16UET45EO,3
TG-SFV1IR0T5,3
TG-QWBGYA5CA,5
TG-TL5VLUJEC,2
TG-3MWO2M52T,2
TG-2TX2IX7UV,4
TG-G8MFIYOM2,3
TG-7UWD5JM47,3
TG-POOUSDF0C,2
TG-6PAZQ50HR,3
TG-QXGZVABJM,3
TG-5IGE6UOU0,3
TG-6ZD7OO7ER,3
TG-SUXP0SDQE,3
TG-W2X94XGXW,4
TG-UNO6K3FCW,1
TG-FZ1PVOFJE,3
TG-EU8127J82,4
TG-5AY09U2CK,2
TG-YU2HSK9EK,3
TG-UTV259H8N,4
TG-58Q97A3JK,4
TG-3AQW49IGE,4
TG-62R76N7AQ,4
TG-39E1OYLQ4,3
TG-W0VIPOJAY,2
TG-QD8LHKH2O,1
TG-RASRNA44T,2
TG-AUIX3AMXC,2
TG-Q1K2860WO,3
TG-1X5FXXX32,4
TG-0JTX1KNH5,2
TG-EC0WAOQ9F,5
TG-ICAIK6UVR,3
TG-KJ3Q8WWW9,2
TG-M6UT8ZCHW,3
TG-TNL1CRL6B,3
TG-VG4BLAN5E,4
TG-AEDPAJG1Q,3
TG-TYL4DS6NO,5
TG-B0IWU8XAK,5
TG-A6ZTMK068,4
TG-TY1HMPTPA,5
TG-BNH81JEGA,2
TG-B2A72O5VV,2
TG-CJKNNQ8UX,1
TG-JRXJ35Q6E,4
TG-JFS305IY6,3
TG-7ED1BFC37,5
TG-F83FKVFU3,4
TG-VZJIYYO0W,2
TG-WX92IP0SW,2
TG-LOKP7EGLD,4
TG-H02T9WYQK,5
TG-FJ68ASZ3H,2
TG-Z8R32EXW5,2
TG-1WG04LLUN,2
TG-MEFZPI9NF,4
TG-8AG1K7LLH,3
TG-GPL7E20YD,2
TG-J3KLQ15SP,5
TG-85J929PMK,3
TG-IJDR5RGT1,3
TG-41CRKW887,5
TG-DM3J6CGM3,2
TG-ZZTYHV9CP,4
TG-533LP3KEA,4
TG-Q015V39CQ,5
TG-SW3KUNI3Q,3
TG-Z428XZ8DP,3
TG-N57G8AGZH,3
TG-Y5QJPSMBL,4
TG-XVBX7OS9D,5
TG-ABINLPD3O,5
TG-MFBY6MRBF,1
TG-14ND9K7PD,4
TG-AD3T0IUOY,3
TG-W0U3VNV4K,3
TG-QDRU3OSCX,3
TG-U3P852GGH,1
TG-9P5CRYK3Q,2
TG-WM00HE5HJ,4
TG-2RPZ2PJTA,4
TG-K9IGC0V0J,3
TG-0MQUNMCR1,3
TG-PY5Y8MLIL,4
TG-WZZGDT4KW,4
TG-QJY94F550,5
TG-4OBIWINYY,3
TG-DGO7W2GIP,2
TG-9P3UWP1OU,3
TG-QWBE4LC0J,5
TG-7C4GWJQ5W,4
TG-CT0X377YE,3
TG-YUD48Q8Y9,3
TG-D9USZWADE,3
TG-43DDPXGO4,5
TG-R6AXITQGD,5
TG-NHDQEMYJS,5
TG-JMKUB4DX5,4
TG-7TC03BA7I,3
TG-I0P3NBJIH,3
TG-LD670I7IR,3
TG-EV6HOS5PI,3
TG-NVBN0F69J,4
TG-E154UKPDQ,3
TG-LRRC9ACQZ,2
TG-PWC2FCKSR,3
TG-Q6ARXOC97,2
TG-4GXVQXOBK,3
TG-NLMXBEFYU,5
TG-NU2MXQILG,3
TG-MS880X62O,5
TG-FUY9KK2X2,2
TG-9PGBFJSE3,4
TG-JX8193KQB,3
TG-S5SS55MOI,3
TG-EFBL8SSXR,3
TG-1X634CPR7,3
TG-Q62VF6PU3,1
TG-0MAWUL59T,4
TG-YJMRMKOEA,3
TG-GBLZGHTOE,3
TG-LKS15A44S,5
TG-RIM2GB9X5,2
TG-GX0SNVR06,4
TG-GIREBHL35,4
TG-FBLJ1AHRE,5
TG-31321K326,3
TG-ZXVT82HQ6,3
TG-LHVXLBJ4R,5
TG-LOAIOQR8M,4
TG-DDBLXBW2B,4
TG-C05OKENBX,5
TG-MYRUDPIIG,3
TG-SHFKQ2BRQ,5
TG-IPXQ3MG9R,3
TG-P1I2TWR1O,4
TG-S8JFDPSQ2,3
TG-2EDXMIULB,3
TG-RE86UY9NE,3
TG-3PP1K41AP,2
TG-S4ADTK8MD,5
TG-N9OD73R3G,3
TG-A6R1LM9XU,5
TG-4TN8HD05F,4
TG-K0HOXH8DR,4
TG-VI88JV0DC,2
TG-2V64FJFZQ,4
TG-B1WJU9BRG,4
TG-E6ZOCBYSV,3
TG-RVUOH07XZ,3
TG-QT0ZX70WS,2
TG-BLDGBYY84,3
TG-G0JLPKP96,4
TG-Z8ZWVKBTH,4
TG-L9VHTDEJ2,3
TG-7T1YY1VUN,4
TG-3DE5YYCNL,3
TG-5K1UK5KGZ,5
TG-PTX7U0PDK,4
TG-YQHB2H1P5,4
TG-0TO4U5A0R,4
TG-2MS8CW2GB,5
TG-V92Y3TIHA,5
TG-EL1VUI9XI,3
TG-V3MY31EEG,2
TG-WVKJGRHE4,5
TG-913J2ME0D,4
TG-Z6BNEVF1T,4
TG-3Z6NC30B9,4
TG-YYVYG7VW7,3
TG-MP8TFF5V9,3
TG-WXM5RAZT8,4
TG-J9XDC97R9,2
TG-NLGN1EF3E,1
TG-2EUEMLGII,4
TG-SKR46KUHD,3
TG-22T8HMUIG,4
TG-1RK2DI5S3,2
TG-UZB6N4TRF,3
TG-BRBXNP2CF,4
TG-UUF0J0DVW,3
TG-PSLZBJLOL,3
TG-E3WEQ1227,3
TG-YFLI1AW6E,4
TG-9MOP4VKBE,2
TG-AQAD0J2S6,2
TG-HV28BMHFE,3
TG-W3UTJPRGJ,5
TG-L8PB2WJ75,5
TG-Q2YTZJCS4,3
TG-VXQDPS21X,2
TG-SR9PO7MWC,3
TG-14A97GXGX,4
TG-RLYZEXD12,4
TG-79S4XS03H,3
TG-N7PW6749Q,3
TG-ZWPPN5ELF,4
TG-MCTJIYW12,3
TG-B37CA0IJ6,3
TG-R0A9YUEUG,4
TG-STZ09NO8F,4
TG-7V07PU0CD,4
TG-6FYLR1MYQ,2
TG-LDXO0BF9Y,2
TG-3Z45A29CO,2
TG-6S19QW5UZ,5
TG-SIZF7ZFZE,2
TG-HFQHI73PR,3
TG-XPFLK73PR,3
TG-U6UPYEBFJ,3
TG-NN11PVP5P,3
TG-ADR0K54J5,3
TG-7D272M258,5
TG-D5KTV6LO2,4
TG-8K5R54XAX,2
TG-PTJNULH7D,3
TG-YNFQ1NTSC,3
TG-L9FQ6TFZJ,3
TG-I0FTNNWJ0,4
TG-Z2IYYO9OJ,3
TG-C87ZDQBP8,5
TG-UHQPXW5QP,3
TG-WYZK6KV2B,5
TG-HUXNUUH23,5
TG-BQQN8S68Q,3
TG-RSZ4MY97J,2
TG-1ZIXWTTRF,4
TG-HO2UUXF7P,4
TG-0S7MW82DR,5
TG-FXRI3I589,3
TG-20SZ2K5RE,5
TG-5NO747MW4,2
TG-5UWXW50AO,4
TG-12X1XIL2S,3
TG-A5SRB30WK,2
TG-LYY1FJB6X,4
TG-TQ44QLJSM,3
TG-45ULDCW39,2
TG-9IVL5UKUO,3
TG-0SH7H9PNX,2
TG-QIZGGSZ49,3
TG-TI3ELTW09,5
TG-QYVHDITFQ,3
TG-ZG5P5KS2B,4
TG-4WXG887HB,4
TG-42DR9F1UL,3
TG-YWNWYZJF6,4
TG-KC3O4V4NI,5
TG-1VR6CQWH7,4
TG-57Z0BLKXZ,4
TG-D2SWZTHSC,3
TG-XXSDN985O,3
TG-DPXLQ48MG,4
TG-84HCG138R,2
TG-R6I0ZH9RP,3
TG-863LIJ7I4,4
TG-VMW73URH7,2
TG-D23YI9A7C,4
TG-0WYOR2N1B,4
TG-1D31RCY44,3
TG-13CTMDNRP,2
TG-3J624VD7S,5
TG-IWT97OLK7,3
TG-1EBYRH1TR,4
TG-4NJWKM7PZ,2
TG-42AZW5MUE,4
TG-XTJEICS3O,2
TG-WL86GOR7Y,3
TG-HX3CR6SGP,3
TG-SDP0R58TO,4
TG-NK4TJ84N7,4
TG-BY20B743K,5
TG-WFSWRQJ2P,4
TG-QEN3E3O1M,2
TG-X7E18CSM4,2
TG-2FI1VNZ9X,4
TG-QE4TCI29V,5
TG-741S6IFTC,2
TG-FM0PRL5MP,2
TG-057PB67U5,3
TG-O0PJCMB3T,1
TG-XYBW5BMLI,3
TG-7KAOBNMCX,3
TG-DIDD7BTJK,2
TG-IGXY0W4LY,3
TG-9OAL54CBO,5
TG-0DRCDUNIQ,4
TG-MCPLFT58V,4
TG-06R09V7CH,4
TG-17LWR2V6F,3
TG-E46V64LXN,3
TG-X4O3O5TAK,4
TG-H2XOG603P,3
TG-IA658PQCZ,5
TG-3SQE1M95C,4
TG-3A6PV106F,3
TG-KANYN41QO,2
TG-0C78U3PQW,2
TG-HGH6VEPRO,3
TG-WJKMLTBB0,1
TG-KBIJJXTL7,2
TG-MJY219T8Q,2
TG-DKYY9OVBD,2
TG-NAY133G5B,3
TG-HYR0EWFA1,4
TG-DR62YXULT,4
TG-914GRCMCI,3
TG-09G3UEI5U,4
TG-DDU64RQL2,3
TG-LTSSYU23M,4
TG-89MOCN73D,4
TG-BNE2QGOZH,3
TG-RVF9T9MQV,2
TG-T2LL411DE,3
TG-PGT1U0U3A,2
TG-RTFE7BQIS,3
TG-0X69FCBSC,4
TG-RLDWTVUU2,3
TG-4HG65221G,3
TG-ZGZLHL0C4,5
TG-SSUPFD966,3
TG-YB9RSS438,2
TG-EBJPF7YV9,3
TG-U6WCRSTQ8,5
TG-RTR0YLZAR,1
TG-1T5U3A494,3
TG-KTB2XTNDV,4
TG-7C3MGNHSH,3
TG-ELL7EX0QR,3
TG-AQ5Y7J7NZ,5
TG-86U9QOIZ6,4
TG-X1K1M04FS,2
TG-EAEYEO6O1,3
TG-80MZALG1H,2
TG-GCWSG043G,3
TG-GH8Y687FJ,4
TG-FYQLTCWOA,5
TG-6HAPGO724,3
TG-GV26DX3XD,1
TG-QOKNYJ1UQ,3
TG-2BCRQPJ30,4
TG-ZYZL3KOYM,2
TG-99Q4IXLGL,5
TG-2DJSZO6I9,2
TG-Z1ZIP1NCY,2
TG-GRYTRBI3H,4
TG-EH15U5V9K,3
TG-RB5KG3HNI,4
TG-S39LBUPD8,5
TG-ICU0HNHFC,3
TG-4RXQDCYEN,2
TG-AWUBUTO49,5
TG-P11D4GATX,2
TG-QGYVMAC7K,3
TG-J1L0PB21C,4
TG-EVNNUEEKE,4
TG-ECQHKWKVB,3
TG-2JZ428ZD4,5
TG-X2KREWLU3,2
TG-2Y3ZDUCA2,3
TG-BMNPPC4XU,4
TG-ISRWH68H6,3
TG-3ADUZ7RR0,2
TG-LONQGT19P,3
TG-DG1PMTHXA,4
TG-9DGJINXWQ,3
TG-75AZ1VZ6M,2
TG-P3J2TEDRT,3
TG-ABYN1WHXG,3
TG-3AAUNZKNR,3
TG-X3LPJBTY0,4
TG-MQOHD2R20,1
TG-HERAH0A33,3
TG-AF23RW99F,3
TG-8MQ43AAY8,3
TG-KP8WWWODH,3
TG-2TUYS8ZHD,4
TG-GKVDLBTND,3
TG-FN7ZKPAIJ,2
TG-0FJB06BPW,2
TG-VIEHZEZM0,2
TG-SR9FR4MBB,5
TG-3CCJJVEWK,5
TG-VVWJCZRLF,5
TG-PW71GWPSL,2
TG-7D5JUMNO6,3
TG-J9UDZJ90A,5
TG-Z8OF9GCDJ,5
TG-G44AN9Y96,2
TG-Q811RU0JJ,4
TG-HFWN9BOAQ,5
TG-ZLXSVHI3S,2
TG-9AM1IZBEN,3
TG-2135JHMDK,3
TG-PTWZ61UUF,4
TG-2PKBR2K42,2
TG-JTFEXFA0X,3
TG-GQFCW6XDP,3
TG-SUX8CTH04,4
TG-O85DMSYQY,5
TG-G2JZB2H9P,4
TG-JDENH4VBX,3
TG-3998JNV53,3
TG-2SF7KDWC0,5
TG-T36WXBOI6,2
TG-33O8UK6WB,3
TG-EIFA44U58,4
TG-QDIYJC055,2
TG-68WAQ5SYQ,4
TG-0PJ7IICT0,3
TG-8X6AM01DA,5
TG-CBAVMYJXG,4
TG-ID0TD7B47,3
TG-VLA89ONQO,4
TG-IPMQZQD48,3
TG-5GOYCMYKT,4
TG-H6VUINDLX,3
TG-4ASD3PO45,3
TG-YLBSOO3QY,3
TG-WDJS8WPNP,5
TG-8K2ACRQNL,2
TG-H2WONWN6J,4
TG-M1OO68MYT,2
TG-JNT4IB38D,4
TG-59K5OEV0G,3
TG-N3LCH5HHW,3
TG-YI1KB6N4B,2
TG-H3U80W8LW,4
TG-K2QF7HQRG,3
TG-VLBXR5C2Q,4
TG-H5I52AY3O,3
TG-85B9Q5TFT,4
TG-JMFF6TAFF,5
TG-40ZYBBUZK,5
TG-A5YKFO4EC,2
TG-R0KABD8QJ,5
TG-YAWCWQG5E,3
TG-QAS71JL03,2
TG-HBJ9MK19K,3
TG-4HUT8TVBO,4
TG-61F5LNSQ5,3
TG-XCKI3S9TA,4
TG-EGUWAN5H9,4
TG-YQVFJLLL3,2
TG-5U7M3GUC3,2
TG-1JGZG0ZWF,2
TG-9JUV57D7E,2
TG-AMKM6CUOA,2
TG-9IJOFA5NE,3
TG-WXAFMSRPD,3
TG-62TYLWCG6,4
TG-Y80OUKZZL,5
TG-1UL9ABZ13,2
TG-PZ5EFVKLY,3
TG-5SKWOMWM0,4
TG-RDJ9ZPC3M,3
TG-C98WJOCL1,4
TG-931LINCLB,5
TG-8XXH48V5Z,3
TG-RJXU695JH,3
TG-JUGHCD8T5,4
TG-JDHNJPIZF,4
TG-E0LNCR5AN,3
TG-W43QWUL06,2
TG-UU6CEN560,3
TG-Z0KXS6HGE,2
TG-RRMCBCM4P,4
TG-N2REFHSRI,4
TG-40VZ8H60I,3
TG-S29KLCXND,4
TG-CZYT6D65I,4
TG-VVN8JDPSJ,2
TG-FZ8K3FFNL,4
TG-AOZZY1NP6,4
TG-HP1MRYZK8,4
TG-1SMXNWPL2,5
TG-MI8G695AM,2
TG-UP8PMT2UB,3
TG-FCCJ2UT19,5
TG-J6H3OGKUK,4
TG-BNZX9VULS,4
TG-GBVHG981F,4
TG-CAY7WY4M7,5
TG-Q8S52BPV0,4
TG-E084Y6HHJ,3
TG-E6SPOKTNH,5
TG-6A8A0GC0Y,4
TG-XSA2WP4WB,5
TG-B1KKWDDNG,2
TG-UHD54MM3K,3
TG-8A4VPEL6N,3
TG-6QSI82EZ6,2
TG-Z4X9D9N7C,5
TG-D2IK0K8VK,4
TG-F1WOKZHPA,4
TG-ZXV9ZCHIS,5
TG-VGGTSGF4I,5
TG-Z3WBPQR1D,2
TG-H54NBO9TP,1
TG-LWLL4JB4H,4
TG-ZTPSYERZ1,2
TG-769S3IVUZ,3
TG-BOQGCS2WQ,5
TG-K8SQR3QUT,2
TG-S27XLX836,4
TG-J2WLL049R,1
TG-QOG7EDPB5,2
TG-S0P4WU3AE,2
TG-CZ4AR6EQ3,2
TG-NVL8O209D,2
TG-76D7384ZA,5
TG-SKJ8PT3M4,4
TG-4O9V8PQ0V,4
TG-4QTFHSU0Y,2
TG-LBS4N717I,4
TG-DCFL97KFJ,2
TG-2KRSWWFMY,4
TG-0KSNGU83F,5
TG-70VHYZ31M,3
TG-ZT77DV0XZ,3
TG-HN45S9BF8,4
TG-J0MOFFYBG,4
TG-ZOA0U11EE,3
TG-4QN7WH7FQ,2
TG-1Q2QDDG2W,3
TG-H1Z28Y1XV,5
TG-GYCS08G1O,2
TG-G6ETOV0CR,2
TG-M16OUMUR3,5
TG-QWHI9TZC9,2
TG-RL8L51IIV,4
TG-MXXXQY9AL,2
TG-ZIU2XL9KK,3
TG-RKFBCEPIW,2
TG-TNIAQ8V9S,4
TG-GP39RF70Q,2
TG-7LE3BO04X,2
TG-ON9JSBT1L,2
TG-J46K0UUOY,3
TG-D42RW2QHP,2
TG-LT5PMXWWT,4
TG-F0U3ATD4V,5
TG-QN3DPVDC9,3
TG-39PBS990W,3
TG-6L5OOM2AR,5
TG-MU1YSZB0I,4
TG-1RRHNIQ43,3
TG-RTPF98TZ6,4
TG-F2S1HONZE,4
TG-U3YN075LU,2
TG-X09P3LZKZ,2
TG-LKA5TDSV1,3
TG-D5OX1I6YG,4
TG-OPYJMWLU4,3
TG-0216D89US,5
TG-TTSULER0E,4
TG-HFFL4NG1B,4
TG-4R9YRT030,5
TG-BEAOKD1G5,5
TG-Q65MOYODO,2
TG-PE4AOOVF9,5
TG-CU2QWGJMB,3
TG-F3U4S2RWJ,3
TG-9R3ZQA7NW,3
TG-PGP6HRH6A,3
TG-I981J0QE7,4
TG-KKON61P75,3
TG-TDJDU2PI0,3
TG-TBBD45PDK,2
TG-FUOFEXU2V,5
TG-8PELA2T1C,2
TG-PN7V0X3EA,4
TG-CH3D2K7G2,4
TG-LH3GY2ECP,4
TG-EQ045KT96,3
TG-16VRA6KNP,2
TG-8Q7I7BBDY,3
TG-V4FB68F6F,5
TG-N2FS2KXOB,4
TG-5RPXRRRHF,3
TG-LJYV3CHSA,3
TG-NF1MITX12,4
TG-YWAMW7G8W,3
TG-O9DWS5VAW,3
TG-GU3BQC6AR,3
TG-ZKNK22OQN,2
TG-6ELXEMGBM,3
TG-PXU8166N9,5
TG-L3795SU4T,3
TG-F4VBSGPXH,5
TG-ON1Z89JNT,4
TG-GAG0PCVXI,1
TG-194VUIKW1,4
TG-KDKYGZU08,5
TG-ESEQEKVK8,3
TG-R2BRNKXTH,5
TG-Z3IWF0ZN8,2
TG-7FBD2VO8U,5
TG-ROIIBPQCG,4
TG-M1GO7ULQ1,2
TG-B7OVXNPL9,4
TG-CPJCYRJ4G,3
TG-0EMGJRXS2,3
TG-XU3C7K0XB,4
TG-KL8NZKXZZ,3
TG-EEJVJI8UG,3
TG-8FFSEYR46,4
TG-TETPCEJBN,3
TG-6HKPIFT8O,2
TG-YVMFRTSLH,3
TG-MBIZPNFLX,2
TG-W8Z4M86C9,2
TG-8TG4OIR7K,3
TG-DV248TBPU,3
TG-MY50APMJQ,5
TG-7VZGO5OSJ,3
TG-PJ6W61QV3,4
TG-BT0L7SHLP,4
TG-0P76IK8K5,3
TG-WAHZ5MFRY,5
TG-DRNIN0W7M,2
TG-TIUC8F9Y3,4
TG-DC5T6ZZ8S,5
TG-5G964IRN0,4
TG-R4UPYO656,2
TG-HRV2DNC3N,3
TG-SC429TL22,3
TG-TWN2KAXDX,4
TG-N5O9VF47B,1
TG-YXPJDPKUJ,4
TG-WBROICI8J,3
TG-39C7GVPWI,3
TG-395H4233Q,2
TG-TM1PDQK76,2
TG-4GFOW1PCA,4
TG-HLYD6VG6T,5
TG-2YZQDS4KI,2
TG-WHRWNT1P4,3
TG-7N8RG62HY,3
TG-ZSEEXMZ8D,2
TG-F2UCHRF1H,4
TG-E0AHWZG29,3
TG-BAO2OA858,5
TG-YYP2ASY1V,4
TG-E6HO02W2R,4
TG-IQ45GOCOP,3
TG-LAPXNBFHO,3
TG-GM950JTQR,1
TG-2V2WEWCZ9,1
TG-CVE4JG1V2,4
TG-HN86QQX0D,4
TG-M175OOROH,4
TG-W5R47P5X9,4
TG-OBZ368IG0,1
TG-9XZ7REVWL,5
TG-F10KEJHGE,3
TG-A4ATMDVMW,3
TG-7VGAIJKFE,5
TG-BYH4FOYWD,4
TG-LE5TOEXL0,2
TG-SI35E7C4L,3
TG-IY20HFKL5,3
TG-QAQRYHK8I,3
TG-AECRQ2K6Z,4
TG-IVG6B3KGP,3
TG-AI47YATKI,3
TG-N8YDKIEM2,3
TG-DVBUX0MFJ,2
TG-PC9WR2C6T,2
TG-0PSGFQQ3M,3
TG-4I6L181WP,3
TG-OH8WXZSRQ,3
TG-0Z1EEQMRZ,4
TG-7NKA19FTX,3
TG-LCT39AQ0F,4
TG-S14FHMUT1,3
TG-RRE6XDYMS,4
TG-QXS9A8JH1,3
TG-SMENIAJ55,4
TG-4Q6HR8JVO,3
TG-R3LKGM3JT,4
TG-MFB6V2AWF,3
TG-AAIN85ZKO,2
TG-7QDF1ZQ8G,3
TG-N2H4OE7NC,5
TG-I9YNG11J5,3
TG-YTMWVY3N8,3
TG-G4ZFS77ND,4
TG-A6QRE1O2A,3
TG-1EOXWG3YU,4
TG-Y0JU47X9V,5
TG-64J2C1JTZ,3
TG-RUFCCP62O,3
TG-KGJJA8JJA,3
TG-0LT3Z95XX,5
TG-592VPTO5P,2
TG-8RM0FD2UI,2
TG-3QNP90F6L,5
TG-GEZOHNA8T,3
TG-5OVDAEEDO,5
TG-FAG4MSDM8,3
TG-RD6DBC9OQ,4
TG-SSJ6F6KJT,5
TG-KGD8G62EC,4
TG-TO07Y2C6B,3
TG-B6853GELJ,5
TG-YTP18G4AQ,3
TG-YLIQ52Z6Q,3
TG-JFP3FO7LA,2
TG-FQBUMAGD3,4
TG-7JGPIWOAI,5
TG-RNTILZ92W,2
TG-VG3L4EKQN,2
TG-T8KARM1YG,5
TG-ZO1V37QIW,3
TG-MREE7EBPD,3
TG-242WV1ICA,3
TG-NI5P12D45,4
TG-4FJMST45X,3
TG-NKBQH86Y1,4
TG-MVMIMIXR2,5
TG-H0SHXAUX3,3
TG-AX92KZQNW,4
TG-P7ORBI4LG,5
TG-J86Z76BWN,5
TG-G13XSOWM0,4
TG-YQYE2WII6,1
TG-9M5CF52VS,3
TG-NFEOLCJNY,3
TG-L4ME1HKLR,3
TG-MY5TP32OX,1
TG-04SPWEY7Q,3
TG-Z7ZOSOW53,3
TG-LCQTMAYYI,2
TG-WTY60X11L,2
TG-7IFRCGHAT,5
TG-T9OLXP9UA,5
TG-5ROH4B4E6,3
TG-0FRXGQY71,4
TG-BWTX1XD2Q,1
TG-7QI2RICEB,3
TG-PJPGI7MG0,3
TG-772OADEJX,3
TG-73TSYVQNF,2
TG-VSEQSSSFR,3
TG-FY8KVBXW3,4
TG-HZCPFMET9,5
TG-6WKU9STT3,4
TG-4O8B1ZBVI,4
TG-CAP2L9U4A,3
TG-IY1VG4KNT,3
TG-J2VC16J0V,2
TG-YIL5LUA7K,3
TG-SUUPB5WRJ,4
TG-2JIYRSJQJ,2
TG-5O48V8M1R,1
TG-L67VQH1AK,3
TG-GQN44P87J,4
TG-W21SSMX61,3
TG-UE9ZFA8OB,3
TG-JYG9972P3,2
TG-9U68X0Z5U,2
TG-MOZ2PGUZF,3
TG-DIERFBJIS,2
TG-UE3NND7DE,5
TG-Q3KPLR433,5
TG-TZVUZPAPC,3
TG-K8SXPWPOH,4
TG-6MRJAH3W8,3
TG-9AOLW5JD8,5
TG-3RGG77L9U,3
TG-0DTM4D8X0,5
TG-SSV33P8CR,3
TG-E1JO5AFAJ,4
TG-5OER40TZK,2
TG-9KTR3RXO7,4
TG-E5JWMQJ2M,4
TG-YB5HGMVR4,3
TG-FF5JFFS31,3
TG-O39CPN48M,5
TG-6BK0T7MN3,4
TG-ZUWPWX3QE,5
TG-9YOM2YQIH,5
TG-ZNYR2J5MW,3
TG-LQOF4904M,5
TG-UO6EHJ6OU,3
TG-JUBCKNPM0,3
TG-1KHAQRMQ0,3
TG-L7I79YVCX,2
TG-OSJCCYI3M,3
TG-ALATVMAIE,5
TG-WEEPG7M3L,3
TG-ZXAZJSG34,3
TG-O195X24O1,4
TG-G80KJDP3M,4
TG-5OI2G4RXR,2
TG-XU2181ESC,3
TG-HHX1XK1N1,2
TG-JQMC7PVOG,2
TG-M3WNYF58H,4
TG-013LL252B,3
TG-BRJPBXM5G,5
TG-5SWAJLMBU,2
TG-22G5T6K7G,5
TG-11PYXBMQB,3
TG-JC5T6APT9,1
TG-POISUXFET,3
TG-RS6NVVGW1,3
TG-QFUX4J1XV,2
TG-HEQAA4C1L,3
TG-0PRJRMLXA,4
TG-EMRMUK2AS,4
TG-LZSGEWPMY,4
TG-59EP6GL5V,4
TG-JPL2W2JHA,3
TG-VUSETV4R5,3
TG-RLRXPXCZW,4
TG-9PYKLMUG5,2
TG-IQ8908PDA,5
TG-IIFPAOT1W,5
TG-YBGSDVAFM,5
TG-271DWGPQ1,5
TG-5Z6W4XKS5,2
TG-4FCWVZVXA,5
TG-M2VTGH2G9,2
TG-Y1N706ONL,2
TG-HYOIR2MB6,5
TG-IB97K1KGQ,3
TG-G5BG3ZNUE,1
TG-CXZ47JT9I,5
TG-Y542IB00U,4
TG-FIHZR293V,3
TG-9JVGTVC6G,1
TG-TLYNOPAAV,5
TG-GD2TU9UI6,3
TG-PYH88Z121,2
TG-JKPGAE8AN,3
TG-NDJR8GKMA,4
TG-8LBXWWPGP,3
TG-9DIE1GZAM,3
TG-U7K6UE141,3
TG-Q7P77ZA3X,4
TG-GPQZUQN7F,3
TG-ENRMLF82J,3
TG-NKSDBUEEM,3
TG-WUINCCINJ,2
TG-JDHMARW6R,4
TG-15XTAROOD,3
TG-W2JQ0U81X,3
TG-UUGX52Q6K,5
TG-TQR2JDKPZ,3
TG-C7PRQJOT9,4
TG-YATS5AHE6,4
TG-6U4QOR4JH,5
TG-4SAZFAY2I,4
TG-ITDUOCINW,3
TG-XYAIEMH9W,4
TG-HS2TUEJNQ,4
TG-Q3V758WN8,5
TG-425UCLM59,3
TG-WDSQDC9OC,2
TG-YKNWWBWAL,4
TG-1IPMFMKQE,4
TG-S6L3896PV,3
TG-LVFONW1BZ,5
TG-HDW4GJP9Y,3
TG-JTLHBK19N,5
TG-GK9O8G18I,3
TG-QAHAGDUBD,1
TG-8JK2SWBJV,2
TG-E6DJB8P6Q,1
TG-YB51KIPVO,3
TG-ZJOWEDAHY,2
TG-LNN2UH7G5,3
TG-CGD9GGYGZ,3
TG-ZQASPNEQW,2
TG-XHTNCTLPM,4
TG-51K6ZKRYK,1
TG-YYS3KFTFX,4
TG-9HB85YRQI,3
TG-32GIYD3G0,5
TG-31OUE4SCF,5
TG-EY4TYEZYA,4
TG-YE4PYV7HD,5
TG-GKITZJ8QD,3
TG-6JSYL22G4,4
TG-XTHL9IWS7,3
TG-QMHVACNSO,2
TG-53TEC3HQ2,2
TG-7MJ09KLCB,4
TG-Y7BYSSA9G,1
TG-CW64XLFSG,5
TG-9L5XMJSX8,5
TG-NK3SBN39D,2
TG-NFQ9PFQYX,4
TG-JHMUAUA0R,4
TG-8WXGZAF71,4
TG-JVZQP5MGL,3
TG-12WMIMX41,4
TG-I9J8EWDRZ,2
TG-IOFQFEUMZ,3
TG-OCYPTI15V,5
TG-V4J7ZVO2V,4
TG-4FK6IW4K3,4
TG-RHB6M5S9L,5
TG-HXNPRTO63,4
TG-31VSJNZRO,3
TG-R8E306QDI,1
TG-6O78YFLC0,4
TG-XM6TUI3JX,3
TG-14Q50W7TK,3
TG-EMVIFM7VI,4
TG-FVD3UE7VG,3
TG-X0VH7VL0Y,3
TG-7H4862SNA,3
TG-198WH5W5R,3
TG-09DL7UWW4,5
TG-OT72XEG3X,4
TG-21KMALB4J,4
TG-0D15C1TUQ,3
TG-HYKOOFLW6,3
TG-ZRU0AHHBT,2
TG-7AX8Y8MGE,5
TG-ZQ327BRZH,5
TG-48FANUN89,4
TG-GOI3J58NK,5
TG-AHNAABUMW,3
TG-DUOY3XMNQ,3
TG-29BI67W2S,3
TG-U5Z0VM0TL,4
TG-6UN1GEVOU,3
TG-QVFUXTS69,3
TG-XPV17TVBB,4
TG-VI46J2ALY,4
TG-CZEM5REHY,3
TG-Z460VN2V8,4
TG-M96G19QPE,2
TG-VD4N46S8R,2
TG-SAQ3A27UH,3
TG-G1UDB0WQ2,5
TG-P8IXQWYLR,3
TG-QEX7UF3HO,4
TG-SS93GENEW,5
TG-MRK76YJPE,5
TG-YISNUD0IL,1
TG-KXERBXYNZ,2
TG-STFI3VEJO,2
TG-G4BB4Z2BK,3
TG-4UFG8OFAA,3
TG-XHWZYKYB9,4
TG-LE2CCT9EP,4
TG-O8Y0SNAMZ,3
TG-5FFQXLFAO,3
TG-NKX4MNPLN,4
TG-8BUQXCB20,3
TG-YE1AJY81A,2
TG-6RVNW9VPS,3
TG-BSZIZ87P3,3
TG-TRZDM003Q,5
TG-GMO9Q0YUD,4
TG-Y31MQQ7N6,3
TG-9KPPQD1QA,3
TG-ZSPK9DHQG,2
TG-KYOPMP3P8,2
TG-06LR9869B,3
TG-6NI9C8C1L,5
TG-Y39XF6QHU,3
TG-OWKYCZ7MU,2
TG-W6Y542A2W,5
TG-TOPARD65B,2
TG-PJJSBGR6Q,3
TG-NJ64UFVVM,3
TG-F4SF1SKEX,4
TG-USWTIZV4W,3
TG-9UCNPNK3R,4
TG-CD2V19I7F,4
TG-49OY16NA8,5
TG-9XZG7G7TM,2
TG-Q1YN5CIYN,3
TG-42A8Q1D19,3
TG-IRTHPQ9NL,5
TG-YXZ9Z1S7P,1
TG-SMYPH3KYE,5
TG-SXZ1M0D0X,3
TG-H2ROCEI84,4
TG-098P5RXVF,2
TG-K7R3ROOOP,2
TG-2YXXRGGJQ,4
TG-LA2WWHF0O,4
TG-NCJW003M7,4
TG-XBX3JGLZJ,1
TG-HM1YEHUQV,3
TG-NVW2XPZGF,4
TG-W38NVGPUH,4
TG-EOZDD9OZF,2
TG-TLJEECZGM,1
TG-UUWV419L7,5
TG-QJH4QS43X,5
TG-826GII23H,5
TG-D7JDFUNZ9,4
TG-SBFGTELSV,3
TG-3LG49MYPG,2
TG-GGRH7R9S2,3
TG-Q8R7ZM6LI,4
TG-TG2L397X1,4
TG-BZ3S8161G,3
TG-NNSXOVL6X,5
TG-M1XXSQXZ1,3
TG-2SFCK2FII,5
TG-E9BFSEQ1E,2
TG-MPJ2UT65T,4
TG-APIJUEX7I,1
TG-HAZSVGRAA,1
TG-O97N0LMD4,5
TG-EIVN0Y5X7,3
TG-RACPNZNMM,4
TG-UUYO0PAWH,3
TG-4FX05WQ6C,4
TG-WHRVV4P1V,4
TG-J6SPNTEG2,3
TG-G9IOCMW6S,1
TG-QOOMD1OEL,5
TG-6UZDXE5M6,5
TG-8WRSLYKZ6,3
TG-G1QJ9QGNR,5
TG-GRDNHIDUD,5
TG-Z05LEGMK3,5
TG-KH058XJTZ,3
TG-4T4CQOS6Q,3
TG-D2N7DC9ZB,3
TG-W5ZLSECID,3
TG-XH58HMCMO,3
TG-61M83G8T0,3
TG-HV89U0YWX,5
TG-GROGUCQJL,3
TG-BZF2J4389,4
TG-MXABT9Z9C,4
TG-XAXJR40J8,5
TG-93FU05NUK,4
TG-XCZIJSPCH,5
TG-4IOPSSIO0,5
TG-TAM1GWKFO,4
TG-E46U2I8XL,3
TG-5GPEYCKHV,3
TG-X0S7HFAO3,4
TG-FENBGB8AL,5
TG-PGSW6M38E,2
TG-SNJJ31CTB,2
TG-O54IAGHUA,3
TG-ZM1PV1A73,1
TG-W74ZRIJM9,2
TG-H6R2Q3GO8,3
TG-AC6GATRF7,5
TG-05DDZP2P3,2
TG-C79ZXW0XP,3
TG-KWT99WN96,4
TG-ATCQZHKHG,2
TG-7G8WHCJA9,3
TG-QT9SF39XH,4
TG-7B2OPXYBA,5
TG-Z2F08YX94,4
TG-ORWLYWGBS,2
TG-8WJ7XJ8ZD,4
TG-E05QZ133B,4
TG-5XRUK4FLT,4
TG-NT60ZT74K,3
TG-F1LHI0ILF,5
TG-YT0JYE4U5,4
TG-X963UWODG,3
TG-RHEWEEZZ0,4
TG-WBHU25J34,1
TG-G5UAGDO9O,3
TG-XXN53C8CN,4
TG-P3XCGCTII,5
TG-VY5GQYSRI,3
TG-PA44E77DC,1
TG-GVRQ5I5L2,3
TG-2R1OBT6E3,3
TG-7FDB5YV9J,3
TG-D4R1DVIQB,3
TG-WUPFQ298X,5
TG-NH15O4T8Q,2
TG-8HYZ1GFMT,4
TG-A5UZVQA4H,3
TG-NGWNRRZW5,1
TG-3IAM463P2,4
TG-O0TTZJIDB,4
TG-S1NWB4F3E,3
TG-IJCNKDG2Q,3
TG-47R76T4X8,4
TG-VERQ3M1QD,5
TG-I7DG5R10Z,3
TG-QYL0RQBIX,3
TG-73ADCLGOI,2
TG-KU26GRMZ6,5
TG-MAXZ4DVYB,3
TG-JTDAT5WFR,3
TG-8DOIH5Y00,3
TG-UVI2IW8EA,5
TG-KTYXPQDPZ,2
TG-R2LXF745E,3
TG-Y97B5PG2C,3
TG-K966HD5J5,3
TG-TRQ5U3LBM,4
TG-PCSSU5SIP,3
TG-8AWCYSZ7C,2
TG-F1NNGA67A,4
TG-UR3MPH66M,2
TG-Q37OEBRC5,5
TG-TUHQT7QQH,2
TG-4XVBWMMQB,3
TG-ZTSCITSHC,4
TG-1W0OMI294,3
TG-0ZTQOOZKU,4
TG-KPZC5NG2C,5
TG-U4ZCZCLT4,3
TG-EYY1KQXC0,2
TG-JT22BCVJY,4
TG-SQ7U7T1SX,4
TG-PSKKGRN2K,1
TG-G1DD6109T,2
TG-LYHET0L1Z,3
TG-BLIEIKRL0,4
TG-6SF8XO3PO,5
TG-91H4MQAXU,5
TG-VJ389LNHR,4
TG-46ICUU3JF,4
TG-J6VPSXSB1,5
TG-DMLEB7185,2
TG-6KTUXDLCM,1
TG-6FNEVHZ12,2
TG-GRL1ZWAAA,3
TG-WSL2RPIA0,3
TG-EA255MC54,4
TG-YC4LAON66,5
TG-0GF1C0E0Z,2
TG-4T9UZI29E,3
TG-KZXRHAGYR,2
TG-796TRFLUG,3
TG-Z7QIDXS8E,2
TG-88KSSPEZM,1
TG-WLE5TX3K4,4
TG-4K4S2MSWX,3
TG-M5L8Z7CYC,2
TG-RQETO911N,3
TG-Z5XG1C6AJ,3
TG-FYN9VCK47,4
TG-K1BHAUQVP,2
TG-WE5YAINZP,2
TG-GRVD6JPQY,4
TG-8VC6EECBC,3
TG-XN5VV85BZ,4
TG-VE773PTXU,4
TG-TSP5U2YUF,4
TG-WFBZ1VFYX,2
TG-E2V2TUS0R,2
TG-6KM3GL8JQ,3
TG-PY5NW0PUS,2
TG-A5JV6RUXK,4
TG-Y78JU2Y6D,5
TG-DCOFBGRBF,5
TG-HFNDPBJDR,3
TG-DUDMBMHMY,4
TG-1Y54N2P13,4
TG-NMF3QNGA2,3
TG-VCJ1XZUOA,4
TG-6VT6SQAIQ,3
TG-KOPZKOAFX,2
TG-LEYP8R0SR,1
TG-7GRAC9UGP,3
TG-RNDUUVYCE,3
TG-I7IP5KT4R,4
TG-48AE80UYL,3
TG-BTETA2JDY,4
TG-BGND93NE0,4
TG-3BV13PYVT,2
TG-2ZHQG37PF,3
TG-JB7V1ZRXM,4
TG-WKAFEIJKF,3
TG-3J6EEH5RR,3
TG-B92ONJON6,4
TG-HV0MM4HCC,2
TG-MBNCYQP0Q,2
TG-K5LWZMSA0,5
TG-DJ8VQ3CSZ,3
TG-KLFWXRN7A,5
TG-PRAIPTPW8,3
TG-MMI0IT6Y1,4
TG-NFYL729BK,5
TG-A2UL2JH2S,2
TG-5Y671WHIS,2
TG-0VOEQTKSO,3
TG-IRU3N58OY,4
TG-IQ9VOFI63,1
TG-H7XVUDEBI,2
TG-52HL8NCIT,3
TG-NODNPO8NV,4
TG-SQO208YSX,2
TG-2RWWRNNOW,3
TG-NRNH5XAQS,5
TG-FMZW4YICU,4
TG-C76FT52G5,3
TG-EPEVWV9FB,5
TG-A4PRTXSV7,4
TG-CVJW5Y96Z,4
TG-WVJCFVOJM,3
TG-B97KHUGJK,3
TG-7IJFPC7M7,3
TG-OCAOHG8AN,5
TG-VTSOE00XZ,4
TG-OMRX0D1TN,4
TG-U0S2YMNCY,3
TG-5QNGDFPY5,3
TG-BGOXUAY7G,4
TG-5F1MPFJTX,3
TG-B580G1OE4,3
TG-5BBTQXJKN,1
TG-8D8RSJ18X,5
TG-YFUJZKM7Z,5
TG-H9QM36O7E,2
TG-68OCBUTHR,3
TG-DEUBDC3BU,4
TG-WI8FN6IL3,4
TG-G2IA3T1I1,5
TG-RGLUSQXPP,3
TG-GBCNOWXH9,5
TG-XRG3JKRWZ,4
TG-F5B7RO1KG,3
TG-YR1QR5SUV,4
TG-5FKZQ5RAZ,3
TG-5I8IWT36Q,3
TG-2WN8TURMT,5
TG-LRDH0CIK1,4
TG-7TDBQ2AR8,3
TG-ZXCQ3DJJ3,3
TG-0AU0DGNJV,2
TG-9X7OE6QCE,5
TG-UKDABUCDP,5
TG-S9AB31C1R,5
TG-6X141OSI9,3
TG-4OZJQUA3S,4
TG-I411MVCVX,4
TG-3V0ZE6G31,3
TG-6PU095JI7,2
TG-9PPB3K69Z,4
TG-1YVS79V45,2
TG-6SQ6XCVQD,2
TG-KT8MNEDIV,4
TG-4LZSN5LG0,3
TG-XFPC5L0G1,3
TG-40A532TEP,5
TG-A57MQQ5X3,4
TG-WEPUOBWOR,1
TG-M1RUNFEL3,4
TG-4O8Y2H70N,3
TG-9ZSPY81YA,1
TG-BKJ30QDIB,3
TG-PER6REU4G,2
TG-AEH2E7CPF,3
TG-6UNUBUFYW,2
TG-PHLW9TLUU,3
TG-JTIHSLQ56,4
TG-653B1MFMO,3
TG-M397UFS2Y,4
TG-QX6SZAW7N,4
TG-ZXWAPNB58,4
TG-PALSG686B,4
TG-990X5TGCY,3
TG-0MLHC6W06,5
TG-32VC9WDH1,3
TG-MS94TSZWD,5
TG-AIX8D3MRN,4
TG-FYLDAG2WA,3
TG-OUA0T8KHB,1
TG-NJFP6WGTQ,3
TG-PBETFPF9Y,1
TG-74DVBDP2N,4
TG-UAKFJLLPO,5
TG-CNO4JTAHL,3
TG-A5FBFFMFV,2
TG-QR08ZQOBT,2
TG-0K3CI7H02,5
TG-ZDAOGJI7Y,3
TG-PS0TVAAWU,5
TG-L77AKTIK8,3
TG-9SYJEWNNS,5
TG-ME7IFLUR0,4
TG-8KZRZ759V,4
TG-WZ0X03JDR,1
TG-D3KRGONMK,3
TG-Z7LZAYSSI,3
TG-4550FHVSS,3
TG-0ENAVDZA1,4
TG-BYRP4G3S1,2
TG-FPE5FY1G7,4
TG-O20WNPZUV,4
TG-SCDQA9H84,5
TG-L038B0PX4,2
TG-6DDRCSE95,4
TG-EA7C80D9U,5
TG-DBPVX47UF,3
TG-RNVB0BU8Y,4
TG-LQBGN5N73,4
TG-K33WERHB8,4
TG-M95XCZ3QU,4
TG-CMTVVI5F1,3
TG-U7CVQDSD1,3
TG-NOHJ9V8X0,3
TG-AY0Y660ZZ,4
TG-81AKEDCJ9,4
TG-IW929CI43,4
TG-8SJ6V4FAS,2
TG-7U42GVDF6,2
TG-C7XFBYMPQ,3
TG-4LG2SGE7H,2
TG-U6IXLMHUD,4
TG-X4PQQPM20,2
TG-9UQU6C37N,2
TG-NEJ5QFE46,4
TG-EDOYIFZ8L,3
TG-FVKZKKJT4,3
TG-8YN5PA3RN,3
TG-AQ9IBZA8P,3
TG-TPIACQDX1,4
TG-FMKD4PWEH,3
TG-GZCYEFHP8,3
TG-JCBYQIT1G,3
TG-NR9A9YXI1,4
TG-FI9C4HI7P,3
TG-VOARSCYE8,2
TG-11NNJ63BV,3
TG-QUVQAHPDS,3
TG-5I31DO0MI,3
TG-AOSIXZU29,3
TG-HIBL8T1Q4,3
TG-TAWNG33Z0,4
TG-G3DOAED9S,1
TG-6D1A6MPIW,5
TG-1O075FO81,4
TG-ATHVMG34I,4
TG-WUNCYJRL9,4
TG-MPE90V6AP,5
TG-FZFOHYO1H,4
TG-J93534ULO,5
TG-INYTV99FA,3
TG-C4JE7OR3J,4
TG-FHO5M3CE1,3
TG-TA6NXHQXR,1
TG-VE5ISDDEF,3
TG-OV6QGFXWI,3
TG-6AKJP1859,3
TG-6GDUO0FAJ,3
TG-IBIZHXL3O,3
TG-H4AS5M7KO,3
TG-2YKUWYWI3,4
TG-XQH56X1HK,3
TG-6PRDWJGCB,2
TG-USIQ2WNQO,5
TG-1TAA9YP2I,3
TG-58GDB5U9V,3
TG-9IW0434EI,3
TG-ZJMBJ5RDF,5
TG-QPY37TB0I,3
TG-U9IUW5U3S,4
TG-T4C1SSLO9,4
TG-9IVN2V4TV,3
TG-F9MNEY6TM,5
TG-AOQAAKI15,3
TG-P2JHPU5AM,4
TG-O2OU9O8GS,5
TG-HHOXPVFF4,5
TG-XM28CROIC,2
TG-KS0EVGI5Y,3
TG-3D2ZM2VD1,5
TG-S2C231MHP,4
TG-IMPZ2LNRI,5
TG-Y3JUGQ09V,2
TG-IF43COQDL,3
TG-7SCC7MJ1D,4
TG-H798VSQ22,3
TG-GJF9TOLNQ,3
TG-YCJU2EM5Q,5
TG-Y3IWEQ9V9,3
TG-V5PC8AT6A,3
TG-V7XCW3KAB,3
TG-CBSTVDPVW,5
TG-LJZGR64BG,3
TG-89BM8CCUH,3
TG-49AZFIAHG,2
TG-WFDRW9PHW,4
TG-ZALHJO0D7,3
TG-LNGYMZMHW,3
TG-UET302EU8,2
TG-ZLT33L745,3
TG-4RG6CVYYL,2
TG-6ECVXU8B9,1
TG-AKPS5ZLL8,3
TG-0IF9Z3T82,3
TG-8BIR3YYIG,3
TG-M2F5FP1G6,4
TG-KP3SGUB4L,4
TG-JNRRIMLDW,5
TG-SU39O8KNR,3
TG-ZKYNTN6QN,4
TG-9PIF884H9,3
TG-8Z30I78UE,4
TG-RN2USA9KP,1
TG-EIW8G32HP,3
TG-NXFTXFCE3,5
TG-4GROJHQY6,3
TG-TD80JZT9W,3
TG-64USH8XMP,4
TG-T6204E55M,4
TG-ESJS8DAH6,4
TG-UKXM4M2G2,3
TG-P8MKUZ19D,2
TG-WJVW2STUP,3
TG-TNWEM7BCF,2
TG-UOAEHNTLO,4
TG-OR5Z3Y6BH,4
TG-V3GAZBN4B,4
TG-BOJORF1O8,1
TG-MVW5877LU,4
TG-WY6MW76O9,3
TG-GMWAL4WSP,1
TG-N1CEL3KI8,4
TG-79TBBK420,1
TG-9SHA256P0,4
TG-JZNFHQJ1A,4
TG-0WIP7WRVZ,3
TG-I4A8RAJL9,3
TG-GP0V9MCIE,3
TG-DZ9QXJKQV,3
TG-UIILSFHVJ,3
TG-JBIHGR5MF,2
TG-PAE2V0YL5,3
TG-EE8TU6A6B,1
TG-4DWLADO6O,4
TG-VU67VQY77,3
TG-Q8CZ5H7XD,4
TG-118BBB5JY,4
TG-FM5JBAJ8T,5
TG-1G2SV303Q,5
TG-VNJB3UFAH,5
TG-H5JE12YOK,3
TG-IYQYF53CC,2
TG-X3A2JVG5L,2
TG-X32XHVI65,3
TG-3MCCVQQEY,3
TG-79HOSSEEV,3
TG-N9RG5BSIK,4
TG-7SFJDZE6N,2
TG-3NDUNT9PF,4
TG-EQYUYSGG9,3
TG-HSZK5CLZF,3
TG-VMXBAYASV,1
TG-PS3TPCCJ7,5
TG-ZYTIX7LJQ,5
TG-1229AXHK6,5
TG-PDATL0CU7,4
TG-UOS4LLFU0,3
TG-BRVDL9GZ2,4
TG-Y32QTGF5W,1
TG-Z87TCRCUD,3
TG-3IHCOK1WX,4
TG-6HVACP7D3,4
TG-N4UQ548WJ,3
TG-VQQGSCPY3,2
TG-4X6CQUH8M,5
TG-GC2LSSERX,3
TG-YXUE33TXE,4
TG-TJFSIKX5W,5
TG-E2KAR77C2,4
TG-O2U11AE01,5
TG-6QRGY65C2,1
TG-Z31S4KRXO,4
TG-21GCSBHRX,5
TG-25B0ERAF5,3
TG-3L2844M32,5
TG-95OLSYIZ9,3
TG-8V18KTJBG,5
TG-RDD1IHKME,4
TG-W0A9JN5KB,3
TG-R80CFK7KC,5
TG-WN2WEN4AY,3
TG-O91D762LQ,3
TG-9ZBKXLA6N,3
TG-2DZFFM8Z4,4
TG-I1K02IEGN,5
TG-P8F9HEX2O,3
TG-YAQ4XPE0K,3
TG-63RB8RKDA,4
TG-GX6HJT4VH,5
TG-OTTI43NSA,2
TG-QAPNIJPD9,2
TG-4YA8E3SHG,3
TG-A25BWEW30,5
TG-TO44BOGOL,4
TG-LHMY5K95D,3
TG-CYHEY072N,4
TG-ICA8YQKXG,4
TG-RH11TRB9M,5
TG-4O0CMDYYL,1
TG-ST74IDJ5T,2
TG-4QZE579I9,4
TG-GO5E0DF4U,2
TG-NNIQB2XB0,5
TG-CYL9JZPFL,2
TG-41MTAYVPT,4
TG-6AGWOV0YW,2
TG-S8KOTP0XX,2
TG-GZJGKJWBC,2
TG-U51QKYFJV,3
TG-QKOGH5ZDD,5
TG-9S5ML8ICH,2
TG-C3L7NF4CK,5
TG-NHY8WOYCF,4
TG-H3DGO9R1D,2
TG-ELDO70I2M,4
TG-823U2XYPC,4
TG-UH889HECU,2
TG-J99K4S7RF,3
TG-HNCDZUEIT,3
TG-ATFX9QNSV,3
TG-P29IRUGO9,4
TG-7Y9C6ONIS,3
TG-NOYM38XBP,5
TG-ZRSMKRFGS,4
TG-VQG4PUTX0,3
TG-ZWX38V26U,2
TG-I83BTENVO,3
TG-Y2JKQYRV5,5
TG-6XTGSFUIP,3
TG-ADGJ9N14E,4
TG-20RPUAFNZ,3
TG-4WGKRW0VK,4
TG-VF5RQ2LTF,3
TG-TH0W3HVZT,2
TG-SSFOJITOL,3
TG-FVD7639TY,2
TG-HMZZGSCJO,1
TG-2HTIKW9G4,2
TG-ZK8NK1E9N,4
TG-IR6ZONX98,3
TG-4NYYU28NJ,2
TG-B3DVM8DL3,3
TG-UX9GHT3IC,4
TG-ODPOGDL20,5
TG-KL2JKSM1C,5
TG-O4GKX2Q27,5
TG-XREN268W4,3
TG-F44XQ9CJI,5
TG-F0ROITFDI,3
TG-CA4ZK4W2N,3
TG-EOMLVPCHN,5
TG-7HVCFBRWW,1
TG-ZBXC4R0LC,1
TG-T8BKCFDYB,3
TG-DVJYD13HC,4
TG-48R4N7VYS,2
TG-3D9T82D3N,4
TG-U33912DXI,3
TG-3Q0G4YOUL,3
TG-NJGYSJ5J2,2
TG-BD4YZI53F,5
TG-LASSTACA7,4
TG-YCTDAA1BR,2
TG-3LL8ZRJRW,3
TG-OOMOPTYLT,4
TG-DIDKBBVE9,4
TG-OFV9QONW5,3
TG-4CY20Y3VQ,5
TG-ECZKQLKQD,3
TG-PMZUPA2ZZ,3
TG-177GOXHGO,3
TG-N20SW3RV7,1
TG-JK4QYS9C6,3
TG-383MFI6LD,3
TG-TC3CIO2VE,3
TG-ZN57YR90B,4
TG-9TVG9BC32,3
TG-7WCXODTSM,3
TG-N41DMHJYR,3
TG-R24NPQ25Z,2
TG-SMSPPIHJJ,4
TG-OIT0WVL72,3
TG-4E3HWQERL,3
TG-LFTRRH84B,3
TG-SZ45ZT3IM,4
TG-P0XMBVK8K,4
TG-66IYUCN9P,1
TG-7JDM6DI3B,3
TG-CUZYUHKXB,3
TG-YBSOYNLNS,4
TG-NEGLPY532,3
TG-ZFOHS9OSU,2
TG-RS6PBITO3,5
TG-HYU366800,4
TG-PYF3L8GV6,5
TG-K020BASVD,4
TG-TFIQZKC6N,3
TG-IAYRLDL7G,4
TG-X6SL0SIY3,3
TG-NHZ1J5S75,2
TG-427RSOXEK,3
TG-I14VY2EL5,3
TG-Y55UP41IW,2
TG-N4ZMXH3ZN,5
TG-EGGXTDOVR,3
TG-MW0U39SZA,3
TG-H22TH76NC,4
TG-F4ISIWUL1,5
TG-UEV0JN8P6,5
TG-AOWM2WGAE,3
TG-O6R8DZ8CV,3
TG-CMI8AW5OH,3
TG-IUQBCS6V1,3
TG-9G9OJTUYC,3
TG-05CDLCBLT,5
TG-IVOUACF02,3
TG-5JQVNDTBV,3
TG-W20X4HEZK,4
TG-7FCIGW0K7,3
TG-9DSEX6K1F,4
TG-3LFEVX86D,3
TG-X4TLMDIR6,5
TG-KQC3AZSKU,5
TG-O376JRQ7D,5
TG-66XHNMTUI,1
TG-RE5DNMCVB,2
TG-Q3PN6ZGRI,5
TG-O2RQK90U0,2
TG-U6ZX36H2W,3
TG-RK2T3BRGR,4
TG-BLM5H734H,3
TG-SUHLKN2DS,4
TG-BJM6JDZPR,3
TG-HF7GWTZL5,2
TG-1BAXQTTIR,4
TG-UTYAA4RJ6,3
TG-GMOCDMEKT,4
TG-GC9A3AC7G,3
TG-7U1KGHD35,2
TG-4B0SK0DMG,4
TG-ZR04HZBZB,4
TG-H5DMN1QFP,3
TG-POB86RKBN,4
TG-GASUTSL1Z,4
TG-OYKOY8R07,4
TG-CWPI7OTAN,4
TG-SWPZPZVEB,4
TG-H1LK7OQFW,4
TG-CPKYIJW1A,5
TG-H5A9LMRZQ,5
TG-3ZH26CZ0M,4
TG-JV51TSTN2,4
TG-S9OMJPWUM,3
TG-752ZI738K,4
TG-BK6XPZHIC,4
TG-4T7HZZHB3,4
TG-G4RI152DD,1
TG-7TEOMKPV2,3
TG-O2FNWT1YS,4
TG-CENHT58UE,3
TG-IRZEWLA1R,5
TG-V8EOPX4YB,4
TG-G10XSDRI9,5
TG-KG4D8USKG,5
TG-QT5RSJ5NH,4
TG-7IOG7CYRB,4
TG-T4JXEAJSC,3
TG-11CIOQTA7,1
TG-4NTYPZC9L,5
TG-3D19X63XP,5
TG-5I77320WE,5
TG-2H1QI58ND,5
TG-0TPXVSSN2,3
TG-KYDIUOOY5,4
TG-76HLJ5YS2,2
TG-V9H7WI5MS,2
TG-ISFWKK1DD,2
TG-NIYKQJ5SQ,3
TG-BKJ40FLUT,5
TG-6T768X5SB,2
TG-001FOSTGE,5
TG-FJ0UVX319,3
TG-7CUBP3TNT,5
TG-PBU9PR2HA,3
TG-SE234I5R6,3
TG-ZAQZPIV0S,3
TG-KTQAO8DN0,2
TG-R6RTMGAGD,2
TG-2GHKJTFHU,4
TG-6UZRIPBT3,4
TG-C7N0TRE31,4
TG-HF070QECN,5
TG-0YOMF9PWC,4
TG-CTX85LETL,3
TG-KF4B967LO,3
TG-YXEG16X0W,4
TG-54W5U47C3,4
TG-Q4J0FD1PK,3
TG-YSP06X5DB,4
TG-XOKL9C5S5,3
TG-C75P9YM7H,3
TG-111ZBJPTH,5
TG-XO5W5EMHM,1
TG-KWO8ETDPR,3
TG-0IWUW4NX7,3
TG-VRVBVI06G,1
TG-B0FFXWLPX,3
TG-SUAC915PG,4
TG-J98E703BK,5
TG-MO2SY9S9G,4
TG-OUUORW1BX,2
TG-09GVL33FJ,5
TG-2EPB87KIN,3
TG-PB4TKR5NQ,3
TG-P6299ZW79,4
TG-FL83DB6HH,5
TG-YQERYRXUO,4
TG-QQ5Y3W8RS,2
TG-YN495A0DH,2
TG-AXMIVKNH0,3
TG-PQWM3VVZS,3
TG-0UXGEEYNZ,5
TG-I3VYFH95L,4
TG-G4UZ7NIUM,5
TG-MAYGB5WUP,4
TG-EHX7W2G1H,3
TG-WS1GH0EMY,3
TG-N8UNXBM3U,3
TG-JKQ5QEJJ2,2
TG-Y429MN66H,3
TG-KIQH6FPSX,2
TG-IE4XUDUSB,3
TG-B7M3FZA8V,2
TG-GWO1PRSJP,3
TG-IKXVRXVDA,4
TG-LKYJ4RBIV,2
TG-XVSIF9TNJ,5
TG-LBYAYL9BH,3
TG-3VY5QO2SR,1
TG-WZNTTFWU0,4
TG-INTQNF7IA,5
TG-M6EM2DL4N,3
TG-1V845C743,1
TG-T7HLNWGVM,4
TG-DJL4VG67T,3
TG-M7N1ZLRH9,2
TG-CPNXWLSH5,3
TG-H70EOSLVB,4
TG-4RDRIL2CD,3
TG-P8NVZ6B0B,5
TG-FV0WT1BX9,3
TG-T0MCLF2EY,5
TG-CTIUSFOZM,1
TG-57SMI0G14,5
TG-7FE5YL73G,4
TG-34A9R2NLR,3
TG-T00B1HK1D,3
TG-2P3CWK90D,5
TG-DJG6QVQAR,5
TG-GO2MAN68F,5
TG-SR1Q5YNGV,4
TG-OVJORBUQ8,4
TG-ZT61H8C1L,3
TG-N69AAH69Y,5
TG-RUQ6O6DSG,5
TG-151OLT5XF,5
TG-3UGZA98V5,2
TG-WH37N050Q,2
TG-6WO0KNURC,3
TG-8MKGOFCFG,5
TG-E3URP0XLF,2
TG-AE8LWT1S1,3
TG-BMXUX8XIG,4
TG-UJBKZKFUJ,2
TG-AJSJ93WQR,4
TG-DZRM6I3KX,5
TG-9VVFIHXH5,3
TG-CT3DA6XBY,4
TG-7IQV5ENB1,2
TG-CHF78EWAP,3
TG-0RYYAKY8E,3
TG-77C9KSGHP,2
TG-0CNAWM5IM,2
TG-F6WOYQIT8,4
TG-99SAI7RMW,3
TG-OXEAZROXF,4
TG-P5I8QA5M2,5
TG-15RDD8T2Z,3
TG-EG042XZMQ,4
TG-NJCNPQLPJ,3
TG-6ZQNKKFPV,2
TG-WI7YLSOK2,2
TG-U2JSDB8KB,3
TG-2CX73GNHY,4
TG-PN82PR43W,2
TG-SX6H6F8VM,3
TG-KZI5TSWF8,3
TG-ONNAZ0YY6,5
TG-XOU6NTNZ0,4
TG-QGN9OZ9X4,2
TG-S765PNA18,3
TG-F1H2253DS,3
TG-XNDLB0957,4
TG-AN6CVJ9N8,2
TG-PJKZFAILG,5
TG-T77PT1QMT,4
TG-Y6QHJM5VF,2
TG-MBJ6TME57,1
TG-JHYEOFDWF,5
TG-FZWHYICWR,2
TG-AAICH6JCH,4
TG-16XATUWUT,2
TG-UYC3OVCCP,2
TG-D0LJRS8N0,2
TG-W1X59WWN5,3
TG-A1B7ND5O7,3
TG-R0LP1VLGU,1
TG-1HT8271L4,3
TG-6S3P1ATQK,3
TG-3HW0KSFV5,4
TG-1ICWB23ME,3
TG-XSV990L78,4
TG-UZHBHVIWA,3
TG-KKBJLXB5F,4
TG-N1542IAZO,3
TG-NDVST0LCT,4
TG-DULXECSPC,3
TG-KV4DKD2ZH,1
TG-05BAHBPD7,5
TG-610HAEDET,3
TG-ETVCYNX4U,4
TG-QQBN7ID60,3
TG-4UAYFLTKH,2
TG-YQFUOJRCA,5
TG-OVA7XRWZC,4
TG-VUGTGANEX,3
TG-ERBNK6GOA,4
TG-1IQGVE9JV,4
TG-MON2Z0ML6,2
TG-B7G5F225U,2
TG-YB1D4CP1T,5
TG-01VHNL9CB,2
TG-GWBVA6CLP,3
TG-8WZX9744G,4
TG-20VWPXGZI,2
TG-G1RK00FNR,3
TG-GCV8JMPET,3
TG-OBLS29MNW,5
TG-JHL367D8E,4
TG-XU9ZUBUUC,3
TG-N94CA0UUP,4
TG-8YQO87K95,3
TG-WHZAW77OI,3
TG-YHX4V015R,3
TG-G1X74JTUW,3
TG-LCOAK60PG,5
TG-T3355RI6A,4
TG-N1U67LKDY,5
TG-QFOEAWLJW,2
TG-A354ESZZH,2
TG-MVPJOMK7Z,5
TG-C61N8T3YX,4
TG-KCK3N8TMO,4
TG-WO6EB8SF8,5
TG-T51CUELF5,2
TG-RYVOAJQY8,2
TG-8GFA7CSE8,4
TG-SPMDW3T3W,2
TG-URNNLK6JT,4
TG-B5095SO2C,5
TG-DV0M5HWP8,4
TG-1J5QQ5UXO,4
TG-NCGQJSQNP,2
TG-H46BNYCO7,5
TG-JDY50EHGM,3
TG-4OG3JI8DE,3
TG-Q8NCT3BK3,2
TG-OPJ51VSRS,2
TG-62WILEIYU,4
TG-ZIE5VCQKQ,3
TG-MFP5SR4D3,2
TG-Q28AHKS1D,5
TG-VX4QISVI7,3
TG-TYYISFMZ9,4
TG-O9HK3V4GP,5
TG-0QGDJHWP4,2
TG-AFIPWVU6J,3
TG-JW3XE1B7G,2
TG-JUTHMP0MS,2
TG-F0R3RGBVA,3
TG-K4FRU8U7N,4
TG-ZF4SF7PYM,3
TG-QU4LUOIQN,3
TG-7RD39QB9P,4
TG-8ZEF0TU2Y,2
TG-LZ8BQ6OPQ,3
TG-LJ18BP7IM,4
TG-EQRYVK8Z7,3
TG-OOKOVOFKC,5
TG-5V2JZA4NU,3
TG-8W6TC5IXB,5
TG-VONJTMBCE,4
TG-H0LKB7OIV,2
TG-UZKNKOG23,4
TG-64N8QMHXR,2
TG-THZJTRWA8,2
TG-DHPMXEO45,5
TG-V9R3Y49FC,4
TG-UDVG47GUC,3
TG-GR4QM7YVM,4
TG-5H7T30BOP,3
TG-D2PHVYFJL,3
TG-1STQEN8NZ,3
TG-THHCTLST8,3
TG-SI7R16MIE,2
TG-B4UXT4063,1
TG-HL9JMBVUQ,5
TG-REVU4G8OK,2
TG-K6MFYHY06,4
TG-2EJ3PDQM4,3
TG-FX0YS2ZCH,4
TG-61J6BJQ7I,4
TG-QDDAECUF0,5
TG-YZERPNCB4,3
TG-RGCBANWWQ,3
TG-HH0SG8RJR,3
TG-GP3N36PMM,4
TG-T5AHK1DGY,3
TG-30CWB7H75,4
TG-JBIXXJTS9,3
TG-7VXUA9G6Z,3
TG-YHCR8CBMC,4
TG-GQTPMG8HV,3
TG-Z9GIHAWOK,2
TG-804466NJ2,3
TG-KUDDSP0ZV,5
TG-IBXKHCXWH,4
TG-2QLEY0ZD4,3
TG-IBKH3JHSW,4
TG-FR9COIJ81,3
TG-3W2ZHHA89,4
TG-I9QE35YP6,4
TG-BVK67CWAD,3
TG-J6038ZXBY,4
TG-9KMJTB62O,4
TG-QLWU6QX8G,3
TG-694E3ZDL0,3
TG-8BNVO1ZR5,4
TG-9AQ5X4H8Y,2
TG-A3K2WPNM0,5
TG-6AYIJ68BZ,5
TG-G84EQ31MU,4
TG-IG5BE1MT4,3
TG-Z3RTJH6QY,4
TG-PWI9MCBHL,3
TG-W7ERJABP8,2
TG-P62K8HFTJ,4
TG-T75DI6M1U,4
TG-2F4UXDP95,2
TG-2I5A1S64F,2
TG-PIHL1X2F2,2
TG-55LA65HSA,3
TG-65M7SHE4D,4
TG-V4FK6FM4X,3
TG-IME5DL4K4,3
TG-5PEEXA0RU,4
TG-S6D1X9L1N,3
TG-EH4F1TTJ2,3
TG-18YWFLAOX,3
TG-6TT8IQ57R,3
TG-MRRA7YKXO,5
TG-1X58085A1,3
TG-RTI1ZO0W0,2
TG-XX6W7QNEP,3
TG-PUOXDZVSH,4
TG-KG9FL9VJY,1
TG-DFGYCT1FE,4
TG-BBGRBH7T5,4
TG-BIM8AFMF6,4
TG-URRF6E6OI,4
TG-UV78QP416,2
TG-N9X23ED4F,4
TG-MMEMEJL37,3
TG-LUXTAPQ31,5
TG-N7D0OJQAE,3
TG-L27HEVSJL,2
TG-F4S4FT6TE,2
TG-YN1D26IGD,4
TG-1ZIHLSIUB,3
TG-8CMFM6OUR,2
TG-SXHD5KZEV,5
TG-R7NMD8VW0,5
TG-P9GUGSRJS,2
TG-SIGRS86DO,4
TG-8AK51T96L,4
TG-9WS16H1DO,2
TG-46BTK0PJT,4
TG-A0SA1C4S4,3
TG-36RR6NZXH,3
TG-ZBANEVN1X,1
TG-AQ40KNK6Q,1
TG-84TRPDLAP,4
TG-MV3K536YK,3
TG-G5Z8XK37F,3
TG-KUX6JCQZI,2
TG-BXJHDZ6UY,3
TG-7UTFT348P,4
TG-HJBISHS47,2
TG-AESN2R3A4,3
TG-35RATZDR4,4
TG-7YEZ8TJY2,3
TG-SAKJL2E7L,5
TG-SXJ30H0GO,2
TG-NOBKLLO8B,4
TG-OEFDN2MH9,3
TG-18W15VW59,4
TG-3ENH6SE9Z,3
TG-W1CEGY50L,3
TG-G64D1CCSC,4
TG-HFMQUOV63,2
TG-G35E67NQC,3
TG-SLW81NXI8,4
TG-GCLQM16SA,4
TG-EQ7UNH0BF,4
TG-IZZBFVQP5,4
TG-J20T1SK6F,3
TG-S4T3O458D,3
TG-4OHYOOS4U,5
TG-WYAGDVUGT,4
TG-B09WQ07VE,2
TG-89PHXZ2RF,3
TG-2YF4CSLDQ,3
TG-QATH63E89,3
TG-HKY9T4HX4,4
TG-HMKFRSR9S,5
TG-JGBLYZLGT,4
TG-DCDSC182L,5
TG-7OWXWGPNN,3
TG-EJQXGM5QO,5
TG-JJ1DYGWZ2,3
TG-8CEPV6ZZA,4
TG-HQZ8IPK81,3
TG-11H28EHEU,3
TG-A6ETZB44X,5
TG-M8WS6OCBU,3
TG-DA4D89N5E,3
TG-5ZT59AB7W,4
TG-0FU1XSBLY,4
TG-TRZ5QT49M,5
TG-25G2Y5JR7,2
TG-ZJDG4H04C,4
TG-T131I7YC8,4
TG-9J2I3ZK42,3
TG-SB62PT0ZH,4
TG-B0YESZ9UR,5
TG-0PKKQ2YWE,3
TG-TGTXGZL9K,2
TG-VEPKNWYEK,1
TG-Q50E2WZ69,3
TG-EMJX1HPSW,1
TG-FEDDOAZOL,2
TG-PM60I3EYI,3
TG-2LXIQR9L2,4
TG-IC2YA30R6,2
TG-SXRRUS4VB,3
TG-TKS06US45,4
TG-UD9V55LZX,3
TG-2CGBSJC42,5
TG-1H6CERPQN,3
TG-SRFS9JJTU,3
TG-SC972X0CC,4
TG-0G2XYZ1FW,4
TG-93SPTXYNA,3
TG-NXSH2W49V,3
TG-SO4HZFV7O,3
TG-SCNMJNMYL,4
TG-29PHLO8XX,4
TG-1HBIHCCWL,2
TG-A1KU9360A,2
TG-ZY9B55EUO,3
TG-DFSBQACGG,4
TG-VBJD6WJXG,3
TG-K1UUQ0U74,3
TG-KSJK5I15Z,4
TG-QWWLCEWDU,4
TG-GXK5I06CD,3
TG-PVCSIXGGY,4
TG-9Z7HHKJIF,4
TG-NM9QDRYHK,3
TG-2VIMX3Z0K,2
TG-HGJWWWTMY,4
TG-S1VEVXJAA,5
TG-1QQFJZOYJ,5
TG-3MEBILNXB,4
TG-3YP8X6HLX,3
TG-EMLD7DRHR,4
TG-XGGNNFMG9,5
TG-LKWZ4OQ65,4
TG-NFVXRKJ7V,4
TG-EPO6SWJYJ,4
TG-J6TQ0ZYQ8,5
TG-OT4H04RT3,4
TG-1MBBWVPGO,4
TG-9NUB16GH3,5
TG-49Q5N3JRG,3
TG-TKGWR4TM2,4
TG-2779H1P88,3
TG-74GCOCO2J,1
TG-SW6F2FGWB,4
TG-6UDNFH7QO,2
TG-844042SQ6,3
TG-4QX7LT1CK,3
TG-WZR2ZLSS9,3
TG-PMRD77EJE,3
TG-CUSKLQ3I9,4
TG-YR5P0CB86,3
TG-QV1KGIHLO,4
TG-CYE3NBUL9,3
TG-E4JTZ9Q9C,4
TG-9ACLL2UEQ,3
TG-66MODAFVH,4
TG-8P2G0J5XB,4
TG-O8UO717HF,5
TG-KLGKOKDY2,3
TG-8M2JO7LHG,3
TG-W1CCWNB1W,4
TG-Q9W33ZRS6,5
TG-OUXA874NZ,3
TG-923E3ZNT7,2
TG-E80YWQ657,2
TG-4MYMBBTMG,4
TG-3Z2YCPXFI,5
TG-JE0XI8XB0,3
TG-4FQMH8NHT,3
TG-B63AZG23Q,2
TG-1OVAPBBI5,4
TG-6O5SNFHQ6,1
TG-2GF59ITBB,2
TG-11IRP9CYP,1
TG-07IANM2LS,3
TG-UCFSYMC6V,4
TG-7H6KLCB4H,3
TG-N5LB6LC1D,3
TG-V8YUK7G98,3
TG-IUMHHXE4D,3
TG-FPL8TR6AK,3
TG-E41KUPQQW,4
TG-OAVBN1T6T,3
TG-WAUHXPRH9,4
TG-LW7D3U7X9,2
TG-N1N1BA7MP,3
TG-FM9D507M2,2
TG-G5AXLSCW3,4
TG-NXVHUE1XU,3
TG-B9IDE8DZA,3
TG-XKGXZJCY1,3
TG-38BV2II8B,3
TG-5AXA578L9,1
TG-QO8V7VSKR,4
TG-CSTD5BDV9,3
TG-7C2FY7EFO,4
TG-N7OPCVNK8,2
TG-DPYX0Y0NV,2
TG-C04LFFQZ7,2
TG-FD5DLYTEZ,5
TG-19D2XP9TA,3
TG-SCG9G3UBN,2
TG-TVXRYLB5B,5
TG-NK4SAOSVA,2
TG-K5FA2DPHA,3
TG-P883L0VKN,5
TG-5EEBW37AF,3
TG-X7R1M3ML2,2
TG-YB7N7C5BP,3
TG-7CCM3523A,4
TG-P1BTYS0DJ,3
TG-H1FX1S74Y,3
TG-CM2Y72AGT,4
TG-F3S9G6KSP,3
TG-D7Q4IAKGS,3
TG-4TIJHWN1M,2
TG-7Z6V21TYR,3
TG-XG34BVAVZ,4
TG-61SOXZJAF,2
TG-BAYGMUW0L,3
TG-S75GB2WPR,2
TG-AK23N3NDI,4
TG-ZPAXU2U8W,3
TG-2VV66P1U1,4
TG-764ZB5JZ7,3
TG-WNB7XFTIK,4
TG-DKHA87S97,5
TG-8XKJTQ4J1,3
TG-KCO7KT5PD,5
TG-39PZWE2XD,2
TG-PSJRYFSIB,3
TG-PQP3VSCI2,2
TG-5CHWFER94,3
TG-BE0SPQ93M,3
TG-14D7MM6DH,3
TG-VMWP35NNV,4
TG-NNDEU6IKI,4
TG-GBUEQVG4B,3
TG-4TXB62DQ7,3
TG-NWRV0RP4W,3
TG-QPOGBOBQQ,4
TG-YXN9E0FJT,3
TG-9QIZ4L5Q8,5
TG-MYIDGYGLT,4
TG-M7OVCDGSN,1
TG-RBEOJ27N8,1
TG-6NMLZNA63,1
TG-DYVRQ06YF,3
TG-K1TG32HN2,2
TG-59FW897PE,3
TG-7AQU5LTXA,3
TG-IDSWLARB4,3
TG-M9N4W8ZI1,3
TG-0QCYN50YP,3
TG-FZ7MW372Y,3
TG-IQHQMWWWS,4
TG-12TPGKGFY,2
TG-99HD4WSKI,3
TG-LKBQMBZ98,2
TG-8ZSBBDRRT,4
TG-WT8XQZA8Y,4
TG-6D0DILN0P,3
TG-XY7UZWKS0,4
TG-T0XLEXEL9,1
TG-YE30I7EQF,3
TG-U50HTTFJH,3
TG-LQR3GIWMC,5
TG-FUKYZEQQ9,4
TG-SO8B3RWYB,5
TG-CEOBV4SY9,3
TG-LHUJYPKNX,3
TG-B543XEZPD,4
TG-DSWUX3RBN,3
TG-5LASO6MDH,4
TG-OZFARKVMT,3
TG-245Z21PVR,3
TG-CKVB0NORB,5
TG-O9JEFYNUY,3
TG-VT0UUWEB8,4
TG-GFXOHQ2YQ,4
TG-SZ9ZR1N16,3
TG-LWC6YFXIG,2
TG-CS8PUEMA2,4
TG-GNJ28TEQA,3
TG-AXCXPIFC8,2
TG-4E9IQM6RD,4
TG-NVV22W7V6,3
TG-127RBJM3C,1
TG-Z3GH8AMFL,3
TG-XZRS1YMJY,3
TG-8C25H69DA,4
TG-X5XMYSIG0,3
TG-WHFW2X4SQ,5
TG-OR6Y44NPO,3
TG-PL87WB5WB,5
TG-I3JI9BLDR,2
TG-XNKE9TOZS,3
TG-H2RGWCG7A,3
TG-QFP49ZA1B,4
TG-CAGX05COY,3
TG-L4AQ32X7O,5
TG-555TX6QPJ,5
TG-CMGH98PD9,4
TG-A3ZEVR282,5
TG-HZ9REJ30L,4
TG-O4XPGHPDQ,4
TG-57ZGJSY36,5
TG-ZUFO24FH8,1
TG-VA0QNT8T7,4
TG-9UA25L53I,5
TG-GM2L0TM0I,4
TG-RTFH1VFDG,3
TG-ZO9Y729PK,4
TG-WWI8F5ZN6,4
TG-AWQJ1H7YF,3
TG-68KXGPUR9,5
TG-KINH9SNTZ,3
TG-4WR0S5JUT,4
TG-TVEZGK053,4
TG-WRU9553RV,3
TG-YLXFZX20D,2
TG-3ZVNLR8PZ,3
TG-YVUG2SA6Z,4
TG-100LNBAZI,4
TG-Q5CMOU9ZF,5
TG-KI3AOGKN0,3
TG-QG6NT7BFK,3
TG-8TE1HEA2O,4
TG-D08KSZZNM,4
TG-GZVZENHND,5
TG-R6I52AEGC,4
TG-23I6CDVLE,5
TG-3X6IWT308,2
TG-KBOITGNF8,3
TG-3ZHPY9LF1,4
TG-WTYJTJHHP,5
TG-ON1RFQF3M,4
TG-NZNOVSSG0,4
TG-MP4QFX5Z8,5
TG-8JV43DPMH,2
TG-MW84GBMR7,3
TG-699WF07GG,4
TG-FEBS8IZ4O,2
TG-MEEYGV62E,1
TG-1RL3NHOQN,3
TG-8E5IPE8ND,3
TG-LB4E0CVYM,3
TG-Z0Z3B8V7P,5
TG-AXY8ZZXA6,3
TG-KL5NTFJFV,3
TG-G4X5QBAAN,4
TG-YB4FXEOR1,3
TG-PZJY44HG8,5
TG-MSTTOQZT9,3
TG-NL89VHFE6,5
TG-5MWMUI6DS,4
TG-A2J1BG7X8,3
TG-7F83ZP0HZ,5
TG-NVELY1DSO,2
TG-Y5WYY2027,3
TG-8DF56LND9,4
TG-K5H4183X9,3
TG-8F7BPR549,5
TG-2GHV3IBUV,4
TG-GZUAMZ1IU,2
TG-XBJK61YDE,3
TG-0ECVIQIPI,2
TG-49A3GB4EK,2
TG-WEEOB0OPL,3
TG-0NVTV8F28,2
TG-XJHYELNQ6,3
TG-86FFYZPLR,5
TG-XV6NK60AT,5
TG-D1LDJSUK6,5
TG-X6QBY7I8R,2
TG-Z3PUAI5F8,4
TG-0HC4MYDGG,3
TG-O86E5EOJA,2
TG-8SPOIYAUI,2
TG-H15D9R2HO,3
TG-I9RJ4DKGX,3
TG-DNGUFPWWQ,2
TG-TDT0QU3MF,4
TG-GBQMU2I5Q,4
TG-3AN72UQ46,2
TG-NFE4D71SK,1
TG-TO5JDHM2N,3
TG-H565R8LGV,2
TG-J7X336C79,3
TG-PXJ45PEK0,4
TG-BGN0V2AOP,1
TG-QMTY9BZEZ,2
TG-S8VQNKT1A,3
TG-3BLHD8A4U,3
TG-1OIXYTND6,2
TG-4T5ZRBJ3R,3
TG-2QQFQ2OBY,3
TG-5Y3LRF76U,2
TG-16JR9CGRY,3
TG-1S93LXEO3,5
TG-XXOODHGIZ,3
TG-9GNGBIBHH,5
TG-NKW0RX229,3
TG-02UOOB7K4,3
TG-RFLMRVZXS,2
TG-0VJZ4FODD,4
TG-0D6SHTEPM,5
TG-OAV90RJEV,2
TG-ABJ1N0N7U,5
TG-1SR3SBG15,4
TG-34XVY8GAS,5
TG-7SR4GL1AA,2
TG-RH3LHLSHL,4
TG-Y3B8740HS,4
TG-CIB6IK99I,3
TG-6VM8I6XX6,2
TG-PQJ18V8ZW,5
TG-NS9IUDDQG,5
TG-NWL2CXPVK,4
TG-353YRZM29,3
TG-VBLEHS7J6,3
TG-IWU1HJ7C3,2
TG-ASA87IUGT,4
TG-F6KEA93CN,5
TG-P3SK8D7Y0,3
TG-CVTC8VYO4,5
TG-H9O1DGVEH,2
TG-KK71P8LA4,5
TG-7XYNSLHGE,3
TG-ALKD7UVZP,3
TG-D6QN4T34J,2
TG-VYJSON1H3,4
TG-VH12RJ7KK,2
TG-OC4O389ZB,3
TG-ZP60BH25Y,3
TG-TEAM4ENU1,3
TG-5E3XSZW88,3
TG-16DPUZ23L,2
TG-LDTO9LGHR,3
TG-JN5BDO8QB,5
TG-THY829BNP,3
TG-28DWZF8VF,4
TG-X8AWYM40E,2
TG-526OCUEFY,4
TG-HRVY6I6H7,5
TG-UXKHAI2S9,4
TG-VEUEH4LXP,1
TG-EHWTI2WM5,4
TG-VGBNQVLBG,2
TG-6EHJ9I38G,3
TG-1RZ8DRP9O,3
TG-FX1G3ZFXT,4
TG-YTVRGQC11,5
TG-WXAGGALZO,3
TG-HHGAMRHN4,4
TG-75P26GF53,5
TG-WQASFDWD5,3
TG-Y3LQL2TMS,5
TG-YNBBKWGX2,3
TG-KEA7Z31B9,3
TG-MW9VY5B9C,3
TG-8Q85NDT8F,4
TG-464GLL3ZZ,4
TG-5AQ3GMLJP,3
TG-W9SQNJNV7,5
TG-BGGN22Y24,5
TG-PJNJN5URV,4
TG-PAGR3VXPO,3
TG-7PQ0TP5YP,4
TG-M53FHH5UY,3
TG-2I23WSQE2,3
TG-W5E13JLV9,3
TG-8ME93G569,4
TG-ELBSD3BE7,3
TG-UGUGS702X,2
TG-CUAOJG1JI,5
TG-H7ECGXFIU,3
TG-OSAKRUPX4,3
TG-PX5PVGC5P,4
TG-TWEQNRTTI,4
TG-TK8BGWVC4,5
TG-EHOV60ZTX,3
TG-TIJWSZGLI,5
TG-KV6XLSXNV,3
TG-NTJ1D1WF0,4
TG-KE43RZ4TO,4
TG-O13RG51PQ,3
TG-ANJSG769P,3
TG-XAHG6HL6N,5
TG-Q90C14OGI,3
TG-LIDOPM4BR,3
TG-SMYQERBXK,4
TG-R5OSULWYY,4
TG-8JNS97O1T,3
TG-RK628XB51,5
TG-JTPH9T6LM,4
TG-M75AQQ2R3,3
TG-L91UKZREM,3
TG-PDNHTDZ36,2
TG-M73M1VQS5,3
TG-4DLY630M6,3
TG-U9GQFYXA7,5
TG-RGURMLEX2,4
TG-44FY39LYB,2
TG-YJAZV869V,3
TG-JDYB70A97,5
TG-EIOXKQ6P9,4
TG-S9LG3KFFL,3
TG-R2G1F4GJS,4
TG-6326OUKO2,3
TG-M1Y1CFWF0,5
TG-ECWONWSJZ,5
TG-EDICRZARM,4
TG-MG791J32R,3
TG-1CI1AO7IO,5
TG-G1YTNL7YI,3
TG-1P7EQJGMQ,4
TG-NWN72WVNR,2
TG-SQBIMDYQ9,3
TG-8XC1D5JKE,1
TG-D29EHK1UJ,5
TG-LM8VEH3YJ,5
TG-N353KTB1P,1
TG-11XVYFGHT,3
TG-TC7VVSX72,3
TG-DRCGIHBHR,2
TG-28YVVV3E8,5
TG-X4CCH5DKQ,3
TG-JDZ7IQBS4,5
TG-28X1UC81O,3
TG-E9P0ZHYFG,5
TG-G46EIH771,4
TG-ELOHHQRZU,1
TG-7F0NPK9E9,4
TG-8DV423U7S,2
TG-HK0V2WW69,2
TG-E8ZNL3Y30,4
TG-GTMIEOHQ8,4
TG-YUXLBK27I,4
TG-B0GE9ITGB,5
TG-LQBDL5BCF,4
TG-Y8EKDMDTC,5
TG-7UD98GKC6,4
TG-K9ZWVOU5R,3
TG-RA4YV4GZB,4
TG-U21GS62QV,2
TG-RMDFCFFIV,3
TG-UEEASACTR,1
TG-6LD9M83A1,2
TG-NFR6NEAOB,5
TG-G9EZN6XOU,2
TG-BAOL13PPF,5
TG-WW87JQ2UN,2
TG-S0HN37QFO,3
TG-9YV0EIZUM,4
TG-APXFRGSCX,4
TG-U53OW4O4E,3
TG-HK02IDYSW,3
TG-2T9XF97WD,3
TG-EN4I6S57B,3
TG-N0P32C9B8,3
TG-DE7LIEW3W,5
TG-96G610U9L,2
TG-MVZQ8F9WR,3
TG-J6Z3TC3Z8,3
TG-PO4POLQD3,3
TG-AOV1N93XU,4
TG-GYSZU2YYH,2
TG-M1R0R9S1R,3
TG-KZVPMSGOK,4
TG-0K3WOYBVH,5
TG-PXWA2BJJ0,2
TG-0XAC45M2I,4
TG-3LL13EQRL,1
TG-8REYBAYYB,3
TG-UI30F3S6Q,4
TG-9AAT00SZ8,4
TG-BHEDXUNVL,2
TG-74BXRPFDY,4
TG-QE3C3SZ7F,5
TG-SBDDA90KB,3
TG-J7SUKEJX6,2
TG-KFAD6PLKR,4
TG-BQD0PC98Q,2
TG-BFHXONBCI,3
TG-3ECMHZOL8,3
TG-3J52CXV1K,2
TG-7VY91T4SF,2
TG-3Z6PHO32Q,2
TG-SV2RJ1613,3
TG-ZC9S8SVJK,3
TG-5HVM3MUR9,3
TG-LCRENQA85,3
TG-EIUFDLSPA,3
TG-9BEP72VAL,3
TG-5J33M88FQ,2
TG-73AZ8FP83,4
TG-ZVWUQJ499,2
TG-N98UKRXJM,3
TG-5CO5ASKI0,3
TG-AAZ3APV0G,4
TG-YG6VPOPWH,5
TG-X8BNUXSWJ,3
TG-UKBU61PD2,2
TG-E38EKWPZL,3
TG-XNAGUJSU4,4
TG-3C5WCGXF9,3
TG-FYKW30IUG,3
TG-2UK858Y3S,2
TG-DXLHEUUUQ,5
TG-LDRQ3B5K6,4
TG-2Y4SVO7TZ,3
TG-62J089E0D,4
TG-IW5UTMHLM,2
TG-XNB4011IZ,5
TG-B8LD3HFBX,3
TG-O9K8SGD7I,3
TG-664BPLNTH,1
TG-Y9XVLT2QG,2
TG-4ECK5368X,4
TG-9P7N4L4XA,5
TG-D8ZCH6JGW,5
TG-IBYVND2LF,3
TG-U01LJ47N1,4
TG-X06S7LBBA,3
TG-S76B36S54,5
TG-2KP3QOJXR,4
TG-CQUO2O5BN,5
TG-A9WWSQB9K,3
TG-204C9JF3F,5
TG-9IL7TF2T7,4
TG-NU46K4JVO,3
TG-FZ0UA46JH,4
TG-Q6RHSXK4M,3
TG-IHKL9UZ5X,3
TG-5U3J1YZWB,3
TG-H66I1LB18,2
TG-9XL79OKT0,5
TG-4BASWF7AX,5
TG-2BFZBAQYF,4
TG-TFSX788UN,4
TG-0UFZGTDEG,4
TG-ERBMUYVOQ,3
TG-AD77DDAUA,4
TG-C27XJRVPP,4
TG-2FEDQYZTH,5
TG-C9HFEO5D6,3
TG-KX7I704VK,3
TG-L0FKYV254,1
TG-9Q38BJ6CS,2
TG-6XHRJ0EP0,2
TG-C05HBXIF5,4
TG-PFJP6ZXF1,4
TG-VXWPHFFIS,2
TG-WK0J4XMAM,3
TG-AZ81KPD5W,4
TG-2QRPE2A98,3
TG-UNEUDP640,2
TG-5JGA59IHB,2
TG-BFOXI60IC,2
TG-Z1YIGQXUY,3
TG-JCALSGNAS,5
TG-4IZCNT49W,5
TG-YPBN8C3QV,4
TG-TAML8SR91,4
TG-PDO9WDXOS,3
TG-8970X2O4S,5
TG-MCS4ADX7L,4
TG-I2MQ58I93,4
TG-JYX0DA30H,1
TG-8DNTQ7WEH,2
TG-XC4MGXQ1X,5
TG-065VSAEP4,5
TG-IVF1YB24H,3
TG-SSWQ9SMK4,5
TG-7RCRVI0KQ,5
TG-0FSFDC4KP,2
TG-KB69ZDBYN,2
TG-Z10UB7LHN,2
TG-AOVP0MTUA,3
TG-5CQB2R9DD,3
TG-L0UO9AGU7,4
TG-T97LTB2QD,3
TG-P1HD1UU3E,5
TG-VTRXS6JZB,4
TG-NN55TVRKN,3
TG-BCRLPAC7F,5
TG-9C45D2KGO,3
TG-TRC7LSP5I,4
TG-MHVUGFZW2,4
TG-U9QXHY5HR,3
TG-9BH6SDMOE,4
TG-UVZKOHCBE,3
TG-BUVPRKKPN,3
TG-KL1VNGZ0Y,2
TG-QDI5V0GVC,2
TG-QW6E8P5SU,5
TG-WLL8JSFN8,4
TG-TS8Q8664A,2
TG-L4IFC42SD,3
TG-MSRSZ93WV,4
TG-ATOOOV5J1,4
TG-ORUBL3898,3
TG-HTHWFICJ6,5
TG-74C3Q30FB,4
TG-U6MAVGJRD,3
TG-W16F9T2QL,4
TG-GSETTYTU1,2
TG-R5SF8SFVD,3
TG-A04DJ79HV,5
TG-YE38H3D18,3
TG-ZW4Y07KB7,2
TG-YOXAPY4EQ,4
TG-YDGLPHUV4,4
TG-EAVMXZBG3,3
TG-8N9FHITS4,3
TG-OOG7ZLTK1,2
TG-TV92J31ZW,3
TG-S4DTNATZP,5
TG-REJ42V2N7,2
TG-PVYMA27TW,3
TG-DDG0VGYXA,5
TG-8D1W7WQTS,4
TG-NW11DCQ26,4
TG-29V237TN3,1
TG-HTNAKYY0A,5
TG-17O5C1HP8,4
TG-CKWP9XTOS,3
TG-JGSQ663CR,3
TG-E53QUTE2C,5
TG-L7QBPOYQG,3
TG-MP8RKP0I3,3
TG-CE8ODWL8B,1
TG-W3KUDJ380,3
TG-TFMZDGB8B,3
TG-FWJ21B3Y5,3
TG-LFVW87FGC,4
TG-4BE31EIU4,2
TG-WLIK4JAAY,5
TG-GUB9NM4H0,4
TG-8O6OBM7GQ,3
TG-FMD6DOJUE,3
TG-LBSNUSNU1,3
TG-G3HV27NX6,4
TG-WPEHFFJL2,3
TG-CPO5BIZ0M,3
TG-FUQQUHS1M,5
TG-VNH52TFWW,5
TG-F50VHOZ06,3
TG-NU7YWHHZ3,3
TG-12FWW6PWZ,3
TG-35ADC5YDR,5
TG-FC1C7YPAD,1
TG-ORI4RDO0C,2
TG-KOSHY1NZP,3
TG-SXJ8ATR65,3
TG-K6YGLWSH9,3
TG-15MH23CRT,3
TG-TTGIT02FM,3
TG-ONDPV1YLH,4
TG-GKBI0PQ2M,4
TG-F27FCF8GT,3
TG-4GFW6OJ7K,3
TG-5S5T2FWQC,4
TG-3O994KAAX,3
TG-LREWVUEFO,3
TG-S3S3WSR9H,3
TG-HU2CL5E4N,3
TG-U9YHOT0GD,3
TG-LSQOJD9SC,5
TG-FTX8OW0CT,3
TG-J0RD5WWLM,2
TG-KCDA9HTS8,3
TG-0QXK7FY7F,2
TG-XZKHJBFXQ,5
TG-ODSXQB0M9,3
TG-P92NNO89J,5
TG-N1FKO4AOU,5
TG-JHHTYICWK,3
TG-FG72UTVI4,4
TG-RKEOYVXH3,2
TG-2VFD3172K,4
TG-NW2KQXIC9,3
TG-G67BEAYZT,3
TG-J931BZPKZ,4
TG-BCM2WQDKE,2
TG-JSNUJK6MG,3
TG-RJCFWQK0S,3
TG-CYUOV3GW9,4
TG-FLSMVHP9N,3
TG-FG8BZUZBB,3
TG-K26GL7TYC,5
TG-XDVBY2JAZ,3
TG-WF3R01TR7,4
TG-MPJ2Y4SL7,4
TG-Z38K04QUK,3
TG-8LLKEMHBV,2
TG-O2RX2034Q,3
TG-3HP9EXUEW,4
TG-A805QDGG6,5
TG-LLP6SCUGR,4
TG-SS25037M9,4
TG-UMSQHV944,2
TG-CWO38X07U,1
TG-JQJBHZ4FU,4
TG-E7C4DEZ7J,4
TG-70TUCYJ9T,2
TG-UC7KNBFSK,4
TG-M0LS4ZGDE,3
TG-MN4T36OKA,3
TG-RX3CLE326,4
TG-FD9AYBEMK,3
TG-J14YRF1Z7,3
TG-RITQNKMDZ,3
TG-URQCXWRPZ,3
TG-DBASW8EFO,3
TG-WDEUXYESH,3
TG-S4JFC2Z3J,5
TG-W4PNC3EFF,3
TG-E45KMPRWH,3
TG-BIK0QP5NE,4
TG-RXS0FPC00,5
TG-YMS3FZQCW,2
TG-2JO03174B,3
TG-TDGG5NX1N,4
TG-EVDPDKW1G,4
TG-VYS6WR5HO,4
TG-G48KTMOE0,3
TG-9IFJEF672,4
TG-YP85ZO44A,4
TG-J0SL3H6TL,4
TG-VMU9GLA4W,3
TG-JNXKR8E6L,3
TG-35E2S7JQ2,4
TG-WB77051RY,3
TG-3DZPGOUG9,5
TG-XH097O0PY,3
TG-14I2WXWJY,3
TG-VFF9B1R3O,1
TG-FIUBJO4Y0,3
TG-G17DN3DA2,3
TG-E4SIYZR9K,4
TG-SPPHYR7PF,3
TG-IFGJCEE11,5
TG-3EAOT9WOK,5
TG-FXB541VNO,3
TG-QNZ0ZGJLI,3
TG-EOLNFRKDZ,2
TG-UEKRCJSBM,3
TG-9G4J2FUXZ,3
TG-W82QEDA33,2
TG-ELHHZIPP6,3
TG-76QVKMDT7,4
TG-LI4Q8XF1M,3
TG-WDQKOSWGV,3
TG-BZ6T1E8TP,2
TG-AFGUCZWG4,3
TG-67M2237QI,4
TG-00NF43RKA,3
TG-KC7G473OG,3
TG-63R18AK5K,3
TG-RP0HMC8RO,5
TG-XXJZNZDUP,3
TG-V1LR6RJQ7,2
TG-4P11XH5GL,3
TG-NFCETM7X7,3
TG-NJGAWP9W0,3
TG-Y8AG8PCFM,3
TG-I4SAFQE8B,5
TG-B2O6UHFZ2,4
TG-Y82393WLV,4
TG-83QDR1BQY,5
TG-895BKY9HL,3
TG-MQVO9I7WT,4
TG-YDOCGDI7U,2
TG-W0Y16L4PE,4
TG-Q11NBCPYG,3
TG-567VH7WH4,4
TG-H2JPIR0KG,2
TG-HZQCHEHTL,3
TG-FBGX39XGK,1
TG-PJZR2PBGH,2
TG-V4CB1RBOW,3
TG-DUY2PW8JT,4
TG-9GBWVOOUX,3
TG-TDZ3LE2FQ,2
TG-RUYXQTH65,3
TG-O9PO7BBDP,2
TG-GDDAHU7WM,4
TG-O5ELANJE7,2
TG-KJY0MCQZB,3
TG-LCJ0TJPWH,3
TG-0PHQU6U6N,4
TG-0HHRRXS26,3
TG-RZ4EJGO2Q,2
TG-RXVF5LVZ3,4
TG-UYM8V69WQ,5
TG-4UBLEFKR9,4
TG-M4RR4MMYZ,4
TG-YX2VB58I4,2
TG-VX75W0NK0,2
TG-XNUTCY6U3,2
TG-SO2F69K8V,4
TG-UX3FA56A0,4
TG-Z884JH7TS,3
TG-5R8HOQLMY,4
TG-9O9KIAAQO,4
TG-93S8GKS8I,3
TG-TCL6B2DBN,3
TG-126XWXSTD,3
TG-51U3C9R33,5
TG-6RDR7SQD0,2
TG-Z292NWQJT,2
TG-6CZF0I94E,2
TG-MNGJNBQDE,2
TG-3ABH4TMRP,3
TG-95K857ITY,3
TG-341DCKL1K,3
TG-SNHW5G7Q6,5
TG-4OOGEHHUE,3
TG-61QA0X938,3
TG-SH2F4Z1X9,4
TG-3EWP4HVAO,5
TG-GK7L35JPH,3
TG-GW1EEKMIA,1
TG-1KXN9JCLS,4
TG-OQQHWZ69Q,5
TG-KE6XWO93Q,5
TG-WCD7VQRQQ,5
TG-7HASJB6LK,4
TG-RDV5M0KDV,4
TG-YGCUBI8KL,5
TG-HXMWKDA54,3
TG-Q7TTCXMGC,5
TG-46LT08IVR,2
TG-89GFEECAY,2
TG-HFPO8GVZ9,3
TG-TQDOEP8LD,2
TG-RN29DC5YN,5
TG-PQY8JPBVL,4
TG-NZXRPBV5S,2
TG-LXOJ6RF2M,3
TG-ZME7VV20I,4
TG-4PI0K5BWT,4
TG-RFXXD79AU,3
TG-J6KQV188V,1
TG-W6XPNFVLT,4
TG-DDO5I24IF,4
TG-PN7473XR4,3
TG-G4DS2P685,4
TG-9TQZ8UBNL,2
TG-RL6476I13,2
TG-OJQV10K9F,3
TG-YSGQZSHD5,3
TG-5XXEK56BP,4
TG-NPWNNUGI2,2
TG-ZTV2NSQEN,4
TG-GTMLF6H08,2
TG-2HC4KW7SO,3
TG-TD7LZIQFC,3
TG-XAU0GQ787,5
TG-ER6UMFOJ5,3
TG-G1PKE7UZF,2
TG-93PBS97JX,3
TG-P96MM80FT,5
TG-YQR5XEYWP,4
TG-OB0KXJ3NR,3
TG-RTKTYNA4V,4
TG-R1XKVGF0J,2
TG-TWP2L6I7K,4
TG-P45Y9NONP,4
TG-QT3YW6NXM,5
TG-IXHZWWW0O,3
TG-VLA1MI284,4
TG-4TOL0NAI8,5
TG-PWRG2QRMU,3
TG-F3DA6M4HA,5
TG-4ROBSIV6Q,4
TG-8G8C3YO3W,2
TG-X3ZBL90O7,5
TG-DD86P6SVX,5
TG-T3FARG4UR,4
TG-7Y0RRCMWB,4
TG-O7WTBOK6B,3
TG-YWEBBULO2,4
TG-3VR4RA97R,5
TG-AIIGXDWZD,5
TG-DA5QE4BKO,5
TG-OZF15ITOZ,2
TG-MLSM9OF60,3
TG-9ZKZ0HYEV,5
TG-22QXIHPWM,5
TG-SRTBBHMQN,4
TG-2G1V0S2N9,4
TG-98AQW2PRB,4
TG-S0FDU580A,3
TG-Q2VUO2VNC,3
TG-SGBIOTJFF,3
TG-ZT9OK6F4X,4
TG-TNP37AHK7,2
TG-NHNHSU8HA,3
TG-3M1IPXMT2,3
TG-9WMA7FKZF,5
TG-2RMDOKI51,3
TG-TNIZ1XQLE,2
TG-O7F6RX38D,4
TG-5JARIUPMH,2
TG-983MZWQ1L,5
TG-HKSF7F87Z,4
TG-IK2RIQ6F7,2
TG-VXEV739OP,3
TG-9XCPBEWX1,2
TG-91CB31K0A,3
TG-RBDUMZBIC,4
TG-ZZZKGPW18,3
TG-YX0VHZ9T3,5
TG-TQVX3ZQJW,5
TG-GVELIMTMM,2
TG-IW3NZ26X5,4
TG-FRSD1LKI1,2
TG-N7IQXCMV4,4
TG-DOOMEAF1A,4
TG-ERLAWXUWD,2
TG-5Z6YX8J8P,3
TG-0WFOJOV0N,3
TG-U7H4K2600,3
TG-12F80APN7,5
TG-G0D0NXEHE,3
TG-NJROUWXG5,3
TG-BGZLPUW39,4
TG-VPOOGLXWG,4
TG-56ALSK7H3,4
TG-HGEX2B14O,3
TG-CZKWR2OOT,4
TG-V2F4HWCIM,3
TG-LPDCQPMMU,4
TG-PPPSEWMXA,2
TG-R6VFLCW6W,3
TG-PB12JAG38,4
TG-3NLCE6IOP,5
TG-W8WGZ0QWU,4
TG-Q78C9630A,3
TG-C8XM3GKGB,2
TG-HGE62GLA8,3
TG-UMTJUN6IK,5
TG-95BSED9XO,3
TG-15QWDE5RK,5
TG-D9LFI7YXV,3
TG-DTVLZO74U,4
TG-3YGIFYH1R,1
TG-OWNYHATP2,2
TG-0S3490TJZ,4
TG-XHR50GP4M,4
TG-02HUVUT2Q,5
TG-9GKSYGISJ,5
TG-NSP21NQF2,5
TG-3Q6NMPW7S,2
TG-A3N0ZG1T2,3
TG-AGK49V50B,2
TG-AKJ2DEA3D,3
TG-X1L5OV2C4,5
TG-EHL0NHEVU,3
TG-V58PMYGBH,3
TG-GLF5OPFY2,3
TG-7ARP0V2W4,5
TG-JUXPMDOBG,3
TG-DJQKYSZER,3
TG-852OM75QM,2
TG-0RFK3QPTT,3
TG-ZAYFQSDQ4,3
TG-CTOSR6JM9,3
TG-7GN5HY94B,3
TG-WWRBEPSE3,3
TG-5EF8JKC7B,3
TG-ZHIHL5U6Y,3
TG-SHHHKAJLB,3
TG-I5DFI8ACI,5
TG-PQ7LBSF7Z,3
TG-B1M881R96,3
TG-S0L19121F,3
TG-IVF5FX601,3
TG-9EKZH99RJ,5
TG-6O18EKY08,3
TG-OOG4KL3VE,3
TG-04DBRBZ3K,3
TG-PXD9K7SWV,4
TG-Y75VNF4EJ,4
TG-D5FFXYC4W,3
TG-KTRMITKWK,4
TG-CT5GCVJV1,4
TG-RFH3TA0XZ,3
TG-CJHSDLPG2,3
TG-HRERYO9RS,3
TG-DFEY87EGU,4
TG-CFMSG1FNT,2
TG-YS8JF50X2,5
TG-KVEHZLZ4F,3
TG-4Y65GL48Q,1
TG-CD1WS5TP6,3
TG-0H0FFEDRA,4
TG-TZ5C5ZF62,3
TG-8QHLLY5JO,3
TG-OUJODHG7L,3
TG-TTZD2OE4X,3
TG-5M7WSBKED,2
TG-LCAFTLQ4Q,2
TG-ATEBN8DBF,4
TG-5W4XIFI6S,2
TG-S7KOEEO4R,4
TG-CQM3Z3GY2,2
TG-RTBKY3LIT,5
TG-3AHTEE5NW,4
TG-YL2PSJBEU,4
TG-PRVD0SKYT,5
TG-KC21X6XYX,5
TG-CPNXK35MC,3
TG-6NDP39RHU,1
TG-WIEDONOUT,5
TG-2IY9QMMF0,3
TG-ENNXWYGBA,3
TG-HHZDSN8L0,4
TG-DCRR9PDJM,3
TG-LKKHFBVUM,2
TG-9SFKPY3XS,4
TG-3DWZFKZBA,3
TG-V1WFAKD51,3
TG-XBU2PTSIE,1
TG-FTDAAB4CY,3
TG-590REBCP1,2
TG-O4RWASCCL,3
TG-2ZBOX2L9A,2
TG-5X3578JON,3
TG-B64IUOJU5,4
TG-SCW2LAOVX,3
TG-J8F333UIX,4
TG-GZ0YG909T,3
TG-9IE8FFMU3,3
TG-ZMD1EODCA,4
TG-2V7J9ZW8G,3
TG-GDF4I5YC6,5
TG-RS2O88Y82,4
TG-PF3J9XJDN,4
TG-KNVNY446F,4
TG-OP5HNYKVP,4
TG-4LP2W7QYN,4
TG-1RK9SNA87,2
TG-V1JJS6Q7L,4
TG-CNC6I5FUL,2
TG-E55WQMDWK,5
TG-GV7OZHR17,4
TG-IER7XAHVN,3
TG-MB14B928F,3
TG-R7QZWZ8I5,4
TG-V2IU9FQM3,3
TG-8MXXNDJW6,4
TG-89405ENQA,3
TG-BZLY1HNAZ,2
TG-3606SRLAE,3
TG-TSX1JJ5US,3
TG-7M32OBUMU,3
TG-CYFRMTFM1,5
TG-B4KOR62T5,4
TG-UQ8LFS8MR,1
TG-GJTU99FA3,4
TG-FUDV571F8,3
TG-D3OGGER0D,3
TG-KFNU44ZQB,2
TG-SY8FKTIUN,3
TG-FWVUXHX2W,4
TG-JTPA4NJNX,4
TG-ZDP282IT1,2
TG-XJ2RZ4A4N,5
TG-NCY570K4S,3
TG-6T58RF763,4
TG-GQTJOZASI,3
TG-TB860KAGZ,3
TG-B5PES6D9A,2
TG-HHV1DK3SB,5
TG-YMOYX9FWJ,3
TG-8STDB1CAA,3
TG-EN8SKZ038,3
TG-OKH78HM84,3
TG-U0VDB2L27,2
TG-FN5W4X3FZ,3
TG-JK0Z20L62,4
TG-YLRT6QNR9,2
TG-Z1CF4YR3I,5
TG-V6BOM4QH3,3
TG-DWN69FGJJ,3
TG-0F5IAB1EG,4
TG-K0QAAAGDW,3
TG-LK86AO5C0,4
TG-W6NGQYLBV,3
TG-PPN1L8SIF,4
TG-HB8WQOSIM,4
TG-R312YWL7X,4
TG-GXSP2KXFT,4
TG-KU9TZTDXO,3
TG-70WTHT3IB,1
TG-VMRX3SVIJ,3
TG-MJDKC9HPM,3
TG-7JZL5FJNP,5
TG-2GPO0FCTM,5
TG-VLBVE7FP3,2
TG-ZMZCIZZYZ,3
TG-SDOWXZNB3,2
TG-TTV1L9EU7,4
TG-BWMXR6PTM,4
TG-WASFC0KW7,5
TG-OR4K1EZJI,4
TG-M8M2ISMPT,4
TG-T3Q5V1KEQ,4
TG-501R4F7JU,4
TG-EEF60KIMM,3
TG-VQ8QC5HKH,2
TG-K48DVOE05,4
TG-QAD0X3ER0,5
TG-8E8HY3KQF,4
TG-7PULQTMG9,2
TG-6R12TMJ3Q,4
TG-WAMG46SL4,4
TG-Q5J57AG89,4
TG-YYXC2KIQP,5
TG-ZG19A52K7,5
TG-0MAQX3Y4L,2
TG-3PUAEUM1V,2
TG-PM76CCLJX,3
TG-3QAFCXK6A,2
TG-ZQZS9FCYV,2
TG-VDGJA206E,2
TG-AGDMT9ENR,4
TG-PM467Y486,2
TG-YRCDSHCE0,3
TG-72YJG508P,2
TG-Y6XA3RJ17,5
TG-FBB7J73H2,3
TG-M3Y7J0CRP,3
TG-BN2MVP16U,3
TG-8GDZP5S04,3
TG-8M6RSER83,3
TG-5WU89D3EL,4
TG-NCFGC3J19,2
TG-R7QGG6XKH,2
TG-41R3IHQI6,4
TG-LYP1J59WC,4
TG-WQWH46HTB,4
TG-AKK5M9VGZ,4
TG-8XN8ML68S,4
TG-OXOB7N77G,2
TG-6IHCF339K,5
TG-8D9POIWRY,5
TG-E6F8KHP9I,4
TG-BM4LHVI7B,3
TG-5JH1LMBP0,3
TG-MSF9LI9OV,3
TG-QE8YCVU6S,4
TG-GOJA343GA,3
TG-0EKU527X6,5
TG-CLV2KJDX8,4
TG-T4ODI8KOR,2
TG-ZMJBYGEH1,3
TG-3UWHYOUKO,5
TG-CYD0ISZL3,3
TG-2Y2NPJIOA,2
TG-J3FOQ2LBJ,2
TG-W7YUERWBS,5
TG-QZS8YT9SB,3
TG-CM9269POB,4
TG-SHD65LNFN,3
TG-VGRUOMCHF,5
TG-SAIKF0SC4,2
TG-TAR295NRN,3
TG-HVE7WFGPP,4
TG-0TIVVA3P1,5
TG-MXNQV968P,3
TG-KO5LHBIQG,5
TG-MY3GKINHM,2
TG-YNUKPO56B,3
TG-ZOJ990EIY,3
TG-VKZWRJKI4,3
TG-NL7RZKFNA,2
TG-PO0Y6VTLJ,2
TG-825G5Q9RV,2
TG-9CCM0CD5I,2
TG-8GYUP168E,4
TG-AY81BTVTN,4
TG-PS8K3FFVE,5
TG-V2569LDFL,3
TG-O7J7MUT30,4
TG-UTA3702M1,3
TG-ZWDFP5KDQ,3
TG-BZZE8IE7W,4
TG-S2GF25N5J,4
TG-UUT957ZGH,5
TG-PKL9UE7O1,4
TG-KJO9NANTN,4
TG-IKI7GSF94,5
TG-FU52Z8VXZ,1
TG-2POKW0VZ9,4
TG-CMLBYR5FI,4
TG-L8OHT9ZPW,2
TG-PY0WQPP4F,4
TG-KJRAR7L8W,3
TG-0QD5RUZE4,3
TG-YD9XYEFVL,3
TG-0RPB19AT2,4
TG-M3QRPWRC9,3
TG-KM4MVYO0X,3
TG-W9X0LEM2N,3
TG-M0QN8GX0V,2
TG-PU9XS3P2M,5
TG-IULVF8E7H,2
TG-OHIA1S49A,5
TG-I5O4TZJ0J,3
TG-UNH9GF7PI,5
TG-DHE47R50X,5
TG-QEP2AENO9,4
TG-BMWZVTJXL,3
TG-G04NV6VWW,3
TG-OJUSQOL0P,5
TG-WN1PQFPRV,3
TG-A3YLFZTCJ,5
TG-7HA1G2CP9,3
TG-XXD6N34OR,5
TG-Q7LIGU1XF,2
TG-IQTEJOTUO,3
TG-CN6IP2D9X,4
TG-JY9T9SOHF,1
TG-HPVJLMQSA,4
TG-FVIQF5LU3,4
TG-UIIB5IDOZ,5
TG-LWONQ4XYA,2
TG-ZV9WJB5O1,3
TG-Z8C436HO4,4
TG-KWDSGF8WL,5
TG-KZSE9U4DS,3
TG-WTPHZC7FW,2
TG-OX66SHRF3,3
TG-QQKK3V4F1,3
TG-NVICBXMBS,3
TG-RNQ4KE11Y,5
TG-XKISD2A5Q,4
TG-ILCDR6668,3
TG-5WHSNML4H,2
TG-RA1MO37F0,5
TG-7YYO3H5D8,3
TG-ELGA13FJM,2
TG-LIKLTFE44,1
TG-5V6PS5OUV,3
TG-314H30JRH,4
TG-BH0P68ZOP,3
TG-QH75O4BMF,4
TG-8IUE3FTG6,3
TG-S3LCZD0XW,1
TG-02XM9Q1KK,5
TG-F9XBNP1PG,4
TG-8NSNJIEES,4
TG-566HR12IM,4
TG-UKIK5O24S,5
TG-FMQEX2R83,4
TG-Y7XFT6K5X,2
TG-QA2G51ZEO,3
TG-DDRAGWG3Q,3
TG-T6R69V0UI,3
TG-UP9QPMKU5,4
TG-1K30OR092,2
TG-6X65PK2HW,3
TG-5E6XEAYFP,5
TG-ZCQ5AME1V,2
TG-83FMDJ4N6,5
TG-3B2EWFORU,3
TG-2C8BSQ2NC,3
TG-77QVPVAIJ,4
TG-07H1FQEP5,3
TG-HSTB5KC97,1
TG-78M14J7N2,4
TG-BBKHI7L76,4
TG-R5RJTPUYY,3
TG-I8L0XS4FH,3
TG-6T5BGKGSD,5
TG-T8EBZKTLE,4
TG-B5L0WN18U,4
TG-3F3CBBK8M,4
TG-P8NZPQZAI,2
TG-XUIL973ES,4
TG-HKPL3SQP9,3
TG-6U38SP9C3,3
TG-7PPZEH68G,4
TG-NAJIZW9IQ,5
TG-CCULSVV0W,2
TG-X8LM8A31E,4
TG-3ZJ156MHV,4
TG-0W4ZB0292,3
TG-NOUZ2YAMQ,4
TG-HQG084A3Y,4
TG-QC2NQ579Q,2
TG-Q5Q5147GV,4
TG-7UCEVI4T1,5
TG-A6F1J1BTW,4
TG-0XWTP7BAW,3
TG-909O4QJOI,4
TG-9W9K50IPT,3
TG-VDUD1X2LU,1
TG-ESZQ8EW2Z,1
TG-NX2XN2PTJ,4
TG-ANDRMC3TD,5
TG-9RAWV1XZ4,3
TG-A7CKOO6RJ,2
TG-Z2FQA3KZ3,4
TG-12I273IYR,3
TG-5FKFVE3ZK,3
TG-IO228T0P0,4
TG-HXR5Y8XZU,3
TG-73OJK31K2,5
TG-RTSOKN2QE,5
TG-Z1BLC5G0E,2
TG-ME9CJ2DMR,3
TG-0YWPZOIY8,4
TG-L298HRZVY,4
TG-DYDI5CVYT,4
TG-PBBEQ1XI3,3
TG-DRGP1HY66,4
TG-CLN6WM40O,3
TG-U83N5ZS16,1
TG-595U319RS,3
TG-PJGTQ98WP,1
TG-Z45RNY467,5
TG-6CFQUVNEH,5
TG-X5BE12C3R,3
TG-CIYS6YC5R,5
TG-15YDLO184,4
TG-QEHGOI04P,1
TG-D3YMXSBW7,5
TG-2HGCX5OXE,4
TG-IR26GTBB5,2
TG-T6NEOIDOP,3
TG-0JN0WHOH7,3
TG-PJF5ZJ5OL,2
TG-CQ4WRB1K2,5
TG-QXF5DV5HZ,2
TG-2QBY7CR6S,3
TG-EEH95NXYX,2
TG-9HQJMHI4G,4
TG-QDZZUOIGT,3
TG-2DVSQIUED,3
TG-7Y4TQAJJA,4
TG-WCGYBBKOV,3
TG-CFO9V8I7X,4
TG-FF3HVLYL9,3
TG-X8ZIDE66K,4
TG-E2XENQNNM,5
TG-JOVR68GLI,4
TG-EX8FD0APU,4
TG-LIN68IJNH,2
TG-NCZLAXQIZ,5
TG-7TAKW5G7Z,5
TG-91Z36M5IH,2
TG-3QZKJWOKP,3
TG-VO2JN93UU,2
TG-AOZB8OE1L,3
TG-0JYCCSFLE,5
TG-D9QW7RIGO,3
TG-082SDP2EH,5
TG-FWU1V0QY5,5
TG-RR38LQQH2,2
TG-JOFVOA5JU,2
TG-XAUAN3HA0,2
TG-KNM6TJKP3,5
TG-AHCFFR6PB,4
TG-3DE1I8XFS,2
TG-IPQ61ZT6J,3
TG-NHWZMXK3R,3
TG-IULQIMTZ0,3
TG-6UH9AY9ER,3
TG-RI0TKYIDL,5
TG-60A584KI7,5
TG-EBP8F9BMY,5
TG-NZOY7PE3H,2
TG-Y4HY2F0C4,3
TG-F2CXYD6GU,3
TG-ZR20IYTQ7,5
TG-DHF8AT3Y4,1
TG-P221FSZ6T,3
TG-1RQPOPO3W,2
TG-RB0SM72SH,2
TG-BEGCM052E,3
TG-8YGM1V3E3,5
TG-8EXSUX6SF,4
TG-AO1CQ2KQ1,1
TG-TSEKIC1S1,2
TG-TI63AO7UN,5
TG-9Y5DL3KNF,5
TG-V30PT88M3,1
TG-3RLND7NBZ,2
TG-8EAV5KYSN,3
TG-H7XZI8WNF,5
TG-VRYBI81IU,4
TG-SGZPDBB0A,3
TG-T1SZNWUAN,5
TG-EJRVDN9AF,4
TG-S56S1OOAA,3
TG-WX7ZCHZ7H,4
TG-O9J1IVFGH,5
TG-H4R7I2NHO,2
TG-32EC9T9XV,4
TG-51NHRIVRU,4
TG-AH20SLOGN,5
TG-CIRHMYI3L,4
TG-9C8Q8Y4J2,1
TG-UQV1HERYX,4
TG-ARK1W5KIF,1
TG-CUSIICA5T,3
TG-7MYCXNFYI,5
TG-157L9JSI7,5
TG-K6KJWSF7C,5
TG-E6S21KXCT,1
TG-P3JU4VR9J,2
TG-F7952FUA5,4
TG-NN5UF6FKC,2
TG-X39PY90JU,3
TG-UXUXN7E61,5
TG-AQ7TZLEX2,5
TG-VUTYK7EIF,3
TG-31C8XD353,3
TG-HJ30LOB8U,2
TG-9JJGDC4PK,4
TG-D1NJ3FDM4,3
TG-DEWZKOS5D,3
TG-FBLVEOEZ8,3
TG-4GQVBT1XQ,3
TG-E9VS20C21,2
TG-92A6XEKUQ,2
TG-0SDF25HWQ,3
TG-P2XF2QS22,3
TG-GFWOPUOIC,3
TG-78ES8BNX1,3
TG-H9ZP6UZJ4,4
TG-RU5BNA9I5,2
TG-U6SWZVDGT,4
TG-PL7C6I99L,3
TG-EBIEDW5NQ,4
TG-BINUNL4LJ,5
TG-AY5XM574Z,1
TG-2KTBJ31C1,3
TG-YQEM4QGIK,4
TG-24POT645S,5
TG-XHKH0CA8H,3
TG-TCT8L2KPM,2
TG-DOSUUYF0T,4
TG-ZA7FQKTWF,3
TG-XOAO91XKM,3
TG-3B37W4UVT,3
TG-K23DK0QZU,4
TG-KYMJBT6EZ,4
TG-LXZTK1DZU,4
TG-689D9X7G3,3
TG-WU2HJQOS9,3
TG-M2E2V5WK8,2
TG-2XCGDD9V8,2
TG-KXGYHLIH9,4
TG-0IW4AUNGK,5
TG-IDM4NH0H2,3
TG-TX3H25MU3,2
TG-7O9EF44R9,4
TG-BNBYZAZD7,2
TG-2CXC95D7D,3
TG-KLEV77THE,3
TG-CF94Y8PNY,3
TG-YFSSSCRCJ,3
TG-GZG7WWTPR,2
TG-10J29JVN4,5
TG-REVADRESF,4
TG-LRQNNQ7RQ,3
TG-4WOEJ0CNO,2
TG-DZ9R42CBV,5
TG-0CQR97J1T,2
TG-6IAXZTIJD,3
TG-6Y58WZY9F,2
TG-4EUH4JRAP,3
TG-HAPT2TQ47,4
TG-7W1KHVJH7,3
TG-CAKWMDT2H,2
TG-AIUPJMJ9A,3
TG-BBBDJ3VZY,4
TG-F6LJBJHEO,3
TG-WJXEEXWLW,3
TG-SMVKQNI1L,2
TG-2KE7Y7WRN,2
TG-UCP6PRXCF,4
TG-YI9KOUPEA,3
TG-CVVJOLIOG,4
TG-6OI1PJDKM,3
TG-GH5BUNHQC,3
TG-6UYSJHKJ0,4
TG-GHLTPCMVV,3
TG-4V2F2UK5X,3
TG-QQSBHOJHX,2
TG-TVPG2CHOW,3
TG-DITVRH57F,4
TG-OPJ4L9866,3
TG-SVGEFY0EV,3
TG-6H66Y77UP,5
TG-T6SFQD8XR,2
TG-I4D7G775D,2
TG-4KTFTS19T,5
TG-FNWB0SI65,3
TG-XPZ31OH0O,2
TG-G7VP4D6W8,4
TG-XV3ENYSIR,4
TG-FRZ2G8X12,2
TG-X42ML8ECG,3
TG-PIGDW7KKE,4
TG-ZNVAGIGN1,2
TG-16MUEAZR6,3
TG-594LXJO5U,4
TG-5XY217GS0,5
TG-6R33IE9WU,5
TG-GTMUCMSGT,3
TG-735QPM4VB,5
TG-A3RY7A7CL,5
TG-Y95PZOZML,2
TG-4MPEFT299,3
TG-GVBJK5QCH,3
TG-ZILLFIN2P,2
TG-C42HWXJVP,3
TG-FXSQN9797,4
TG-PBCOGCSYR,3
TG-RDRY8P0WG,4
TG-0SM2IUO1F,2
TG-EUA8QOGVJ,2
TG-H2TOYODXL,3
TG-0SS3R3GCN,3
TG-Y3IZXHG2P,3
TG-837Z0UF16,4
TG-ATO5D85ZM,5
TG-1F7L6T36N,4
TG-35CZYF666,4
TG-N8K2QJVQB,3
TG-Z4SN9KX3Y,5
TG-7PPP5DDNM,3
TG-74BUG21HT,4
TG-N9MMUUOEF,4
TG-NFKFJXLI4,3
TG-A6478AP3H,3
TG-0NT9QBX8E,5
TG-XWTV2IBF9,4
TG-5C6RDHLE5,2
TG-O8L1RKWTL,3
TG-VHTRNK2AY,5
TG-2JRVNMKIJ,3
TG-435AMCB2G,3
TG-8KHR5VJVL,4
TG-9FK1RA4ML,2
TG-IDL77SD78,2
TG-BV4BAY4BE,5
TG-LMO810NLX,4
TG-9WTW0M8P6,3
TG-Q2X4ICCTG,3
TG-8FJRSS8LX,5
TG-L81D36WRM,4
TG-SYKHRK8RU,5
TG-5XWI435B8,2
TG-UII6DIFK2,2
TG-AHGXGJXZF,4
TG-FV0LZVHJS,5
TG-A9032DAKM,4
TG-VG6JUIJIP,4
TG-0V4HWQRRY,4
TG-1DTH0H1LS,3
TG-7IV3KJID6,3
TG-CGVWRQEWX,4
TG-KQUUW4049,5
TG-9A5YSW218,5
TG-I5IZOOEA1,3
TG-WUPZGTE9E,3
TG-R49PXQA3O,5
TG-30ETFI19A,1
TG-GXFO8F53X,1
TG-XDIE20ZK4,4
TG-UOP2DEDA6,3
TG-35GWDPKQT,5
TG-96QOXEN4E,2
TG-A3RRPFEGP,2
TG-PVFIJBEQA,4
TG-D23KTI3QL,2
TG-2C0SDIKI0,4
TG-OZ4MN37Z6,5
TG-JY9RIAT3E,3
TG-59SR6XGRQ,1
TG-MSA6IX0VN,4
TG-F7O9PBF9P,3
TG-ONW910XSM,2
TG-3P0YPNHV3,4
TG-QS0C8W5C6,3
TG-I8RV9PI9G,3
TG-S5W504AFT,4
TG-NPW6B1JRF,5
TG-6XKE4P504,4
TG-83J3N0ALP,4
TG-CCTX0JTZL,4
TG-O9O6PDHS1,4
TG-6JW1ZV54N,2
TG-48035DK8F,2
TG-AF5UYD3QZ,1
TG-Q7L5JQ78W,2
TG-R73EV3M92,3
TG-KC8KHNIX3,4
TG-081XZ8W76,3
TG-YT09F1M8Y,4
TG-9L0MU3HO2,3
TG-TFTBBLRTB,5
TG-MFWYKE3S9,4
TG-47SBQ3G1C,4
TG-ZPGPWSHLG,2
TG-WS7PHQH06,2
TG-V5L71S5DT,4
TG-CJXUC8SSL,2
TG-KF20K1UIS,4
TG-UZX1B2C3V,4
TG-EMOONK674,5
TG-HWGVPZ5R4,3
TG-P9MDNGMBQ,4
TG-F52ZB8LPS,4
TG-DNQKE2LJD,4
TG-WD5PUNSS3,3
TG-HP1VXZLP5,4
TG-M4ZPK1PT1,2
TG-69L4SAWC7,5
TG-44QN7K6DO,1
TG-2X0HH70XX,4
TG-UI0HROOZ9,3
TG-OEXOXJR7X,5
TG-YAOLA5WQN,4
TG-JMBCCIQT8,3
TG-HCCJ63OK0,4
TG-8T7G1HJQZ,4
TG-RVC4HE5X1,5
TG-CV6RULB5N,4
TG-WON6NWL6V,4
TG-VHROB8ZP1,3
TG-G1PPRA263,2
TG-TM1F4CWT0,4
TG-FDYVELAYC,5
TG-QCH10XWWH,1
TG-H0TF9ZCMX,4
TG-9009EKHBF,2
TG-N5EOJPP2K,2
TG-5RQDSQV5M,4
TG-VRXE7ZUW9,4
TG-LGQC7H9H5,3
TG-YX7UZ4160,3
TG-O0Y5EL0KD,3
TG-GRUYMSKDK,5
TG-Y0MK9HI5J,5
TG-Z5F3FZSSE,2
TG-8VE7O6CTD,4
TG-HSLDXRQUU,3
TG-1TUEYI6H1,3
TG-R2L0K9DYK,4
TG-TUC95PI1A,2
TG-XB4QKUFP6,4
TG-J035A0VMK,4
TG-042HKR3DB,2
TG-GS3T1UOSH,5
TG-QVHSZLABE,4
TG-4PK8R3X73,4
TG-100RO3NGO,3
TG-9G6WKKQF4,3
TG-4SLJ1QNNL,3
TG-PH06DI7WD,4
TG-7LELLGBFU,4
TG-M34JMRQ25,4
TG-SDQUIH1Y9,2
TG-RCZL798R7,3
TG-MCMGKS33Y,2
TG-YN8WHU0FH,4
TG-6C7JUYLKW,4
TG-14O7PRRU6,5
TG-ESCLRHU93,4
TG-KF9TA6C2G,2
TG-J0LHLIE9T,3
TG-25NRYKALZ,5
TG-J77JPDYRO,4
TG-F4OGX0JH5,2
TG-D97L21XZZ,5
TG-UYM2NN268,3
TG-HT7OGV66X,5
TG-PAMMNJ6GR,3
TG-Y1GHJTQ55,2
TG-CC7BUW0VN,3
TG-U1A5UDVVN,2
TG-J97STBH0Y,2
TG-EN5EDL4Y4,3
TG-M3MWLPFD7,3
TG-OQXNT0D3V,3
TG-QJVH8STVV,5
TG-AEI6FCIEP,5
TG-O0MZLMK6Q,3
TG-JBHUIM73H,5
TG-YAJ0HP90U,3
TG-YEZ78QP88,3
TG-S2S2ZEJWP,2
TG-SLFA1YPF4,5
TG-NCF6XHBGF,3
TG-NWXXX1LWJ,3
TG-654JQWRXV,3
TG-0LJA9WK8O,4
TG-X05QQM0OE,3
TG-5SU8DYYAQ,2
TG-YIG42S5TL,4
TG-HHQUW5PB8,4
TG-OA0CO5VXJ,4
TG-GQ69TAF50,3
TG-93MYRIQMV,4
TG-TR6WR48JH,3
TG-M9LQA9SF3,3
TG-ZUWM8DVNF,3
TG-NN61VAT5B,1
TG-2H80DG1ZV,2
TG-10B6WZVY2,2
TG-V9LHERZY0,5
TG-ZCREKEHDH,3
TG-GRXNY4X4I,5
TG-FCM7RGZGT,5
TG-1VMLAQXAY,2
TG-VYYYQ5H4Z,5
TG-UB85FQ06G,4
TG-XD8DM25AG,5
TG-RL97SUJHG,2
TG-08NJN6ODR,3
TG-WREK7KE0M,3
TG-A2FVTUPFV,3
TG-TQGNUWA9N,4
TG-JIJTT4NIK,2
TG-YOQVFR3MB,3
TG-26HE51Z7Y,3
TG-4CS6E35WG,1
TG-23EYV58VC,4
TG-OB1K6Y0BM,4
TG-01894YI6Z,1
TG-OVA5SQ48H,4
TG-5LI6GYNU0,4
TG-5QF16M8YL,3
TG-0SIEQXO1E,5
TG-0NGJV8O7S,5
TG-TYHDWXR72,3
TG-Y3FDG9JH4,2
TG-B88F1T5M3,2
TG-0TCM6JOEV,2
TG-4LLIW6EHQ,5
TG-RWVQXBJK2,2
TG-PCW415O2X,4
TG-9DP566QV5,3
TG-JWOXBOZ5S,3
TG-75Y02C8IF,3
TG-KXOX34UUD,3
TG-IT6G81N1R,4
TG-IKUGVJGUG,3
TG-7M6576I3A,3
TG-D6DC3MAOO,3
TG-L49MYCPX6,5
TG-NJRGMMWLW,2
TG-Q1HU8IESO,3
TG-NRYF4OXVR,3
TG-7N2AVWOLX,3
TG-CJIDAFD5U,3
TG-6GM4PFCSB,4
TG-TA50ZNCZL,2
TG-7E8Q4I6KF,2
TG-0HWBYG9TC,2
TG-3XLFG7K95,2
TG-ZI5W65KXZ,4
TG-TORRXNZF2,3
TG-ZCQK8S34U,3
TG-8VOTL96S6,4
TG-R6ZR8L25H,4
TG-CVSYT0NGT,3
TG-GO82GNOWE,2
TG-5KQ7VAFNJ,5
TG-9GYAKE1NH,4
TG-1ZEMD5SPL,4
TG-6WCROFW2F,4
TG-PG3N4K49E,4
TG-ZKCDIEJ25,2
TG-GW7MSX89K,4
TG-LQEPB7MQW,3
TG-3PUSQFOKS,5
TG-6RC3VZMXF,4
TG-5PI9YJUNO,3
TG-JQZL19KF3,2
TG-FMLM374H5,2
TG-5MJGME19Y,4
TG-YSSTZ92A5,3
TG-RW07Q9IW7,2
TG-HAECR0EJK,2
TG-Y1KFJLCR2,3
TG-AB6L7QCGN,2
TG-AE1N5DDIJ,3
TG-VOUS88ZH4,3
TG-D45DCAHJG,4
TG-1S8TCICVE,5
TG-L2OMKL3G8,3
TG-037T1N16L,3
TG-NRED30DCO,3
TG-WFUPTM6QC,3
TG-0WTUIF37O,5
TG-MK6DFNCC4,5
TG-ZTHUYE0ER,1
TG-6EXDPU7MV,3
TG-Z754ZSL8N,5
TG-EXLXNEXUN,3
TG-UB066X0UW,5
TG-HCSQGHIL6,4
TG-QRDQ78IHC,4
TG-ORXS3N5FZ,4
TG-AU2IUAIXG,4
TG-WXKQZ1BGS,4
TG-5JQ7QMHBQ,3
TG-ERPKNYNRH,1
TG-BEL0Q1Z3V,2
TG-1H4LF5VKU,1
TG-K6PB3OD0D,3
TG-FEH1IVZJK,4
TG-E2IFZ303R,3
TG-K9JA4FWWN,4
TG-ULCET7U8V,4
TG-STJODD0SL,1
TG-PP72YX2N1,4
TG-5BLGOVG1F,3
TG-ENQDTN193,4
TG-S6FAQ71WM,3
TG-0R2U7OD4M,3
TG-EX9FGFK69,3
TG-T40U3JBVT,4
TG-8WA3G8DS4,2
TG-93IF98135,1
TG-X1DMCTD08,5
TG-UYFQ7KUSN,3
TG-TBT9K6GAW,3
TG-6V53GUM29,3
TG-407QEM41S,4
TG-F1XK8U9MS,2
TG-BGG48YW7S,3
TG-0EZ6UR0UG,3
TG-LOP72G8V3,2
TG-X7SMV6Q73,3
TG-LPTBKGQ7S,5
TG-6KLJ28PFS,3
TG-R91MD82L7,4
TG-4SXGKU29R,4
TG-K99SI3OWG,2
TG-4CNMBPWCI,4
TG-9K7K6YOTW,5
TG-FQB61AE4J,5
TG-01EUILBNP,3
TG-8J7BNBZM4,3
TG-0QV307Y4H,4
TG-XPIBZMZPS,5
TG-H3UX0K4O0,4
TG-9N96PL4BT,2
TG-P0OHHRQ1P,5
TG-GRIPXCQBV,3
TG-EPP89CUGF,2
TG-QK3SIWHG6,3
TG-8AHYVN9BX,4
TG-CPB6PF0SW,4
TG-JJW2N8DU5,5
TG-WE1UT0FTW,3
TG-6SXTRSO3K,4
TG-78N29NL1L,3
TG-E3369BMPF,5
TG-77U4CC2N2,4
TG-5QST6GE0H,2
TG-U7EYHOQG3,2
TG-6J5LES9QJ,5
TG-FM7071HK4,3
TG-81PURYS25,2
TG-UI50ANAD4,2
TG-RRE21DHUY,4
TG-5833Q37PX,2
TG-QHYO28SJ6,5
TG-G09SOKVQF,4
TG-F0Q2UD8PL,3
TG-W32NXNPO6,3
TG-NJNTNXM1S,3
TG-0RY9EHYI2,3
TG-I45RWVABC,3
TG-JUXNZY1J8,3
TG-I12HJYD9M,2
TG-5RP9SAZDH,3
TG-MIGXUQQJU,2
TG-0C1DGN0ZX,3
TG-I3JVCZ9O0,3
TG-ZAS5KA7JZ,5
TG-4U4BSWQYR,3
TG-HBOJ9DCAM,3
TG-4ILN94SEU,5
TG-E9X2WOJFI,5
TG-TZ0W8OGRI,3
TG-RKWY4G3L4,4
TG-92TURUM77,2
TG-IUSYPNKGX,3
TG-I1YZ7IPHM,3
TG-L1BTGY9XH,4
TG-2YFSVYYOV,3
TG-LHXP7EOCI,2
TG-2L2478X29,1
TG-NQLYB2594,5
TG-TQ6VTBMJ1,4
TG-6FJQEFQ2F,2
TG-2AMP11EEF,3
TG-NRJX7X00W,2
TG-7S6G9M2JI,3
TG-W3VOQE8Y8,2
TG-ZIMY5OLNY,4
TG-FNZIYLD4S,3
TG-FDL4103GT,4
TG-4H3KAS5XV,5
TG-YDVU9K987,4
TG-SSRN2TM9K,2
TG-SAVFWWOOL,4
TG-QWSP4TRB0,4
TG-9YC7IPAD7,3
TG-UVE7GUKD3,4
TG-8Y0WC3MD1,5
TG-JWW23ORO7,4
TG-FGCKB802F,4
TG-94Y4LZTUZ,3
TG-P1DBGYWWB,5
TG-JWDOELUF0,3
TG-LWFSZWTNW,3
TG-98M0XDRSS,4
TG-0ZVULBS8A,2
TG-NDMQB14N4,2
TG-BTAS0HPO5,2
TG-VFCRLRTWX,4
TG-5D58TQ5PM,5
TG-B7F33R9LA,4
TG-7MJWID0J3,4
TG-JMY0C4SKV,2
TG-8E8B2WWL9,4
TG-J9NT8IFSB,3
TG-JZSCWQJJD,1
TG-RHODBYY2G,3
TG-PTY3OO7FN,4
TG-XC8Z78OB9,3
TG-39NRLJEX9,4
TG-FMYI1FIPS,5
TG-7MB67CF55,5
TG-GVSYIK9M7,2
TG-DL6IZTP4M,1
TG-MAGZ46L90,3
TG-KLVYZZZ9T,2
TG-VWODSNJCR,2
TG-1HTNMRMDU,3
TG-TTR39ID95,3
TG-JVY7OTSTL,3
TG-LA91VG1LP,3
TG-IC64POTC4,3
TG-7H8GMSTTE,3
TG-KY9C53FKN,5
TG-YI2JY6EJH,4
TG-HL9L2MOMW,5
TG-WA2UDS6LX,3
TG-DM2SB5DOD,4
TG-I9NX60DYV,4
TG-S7ZYEDHIN,2
TG-GQ9ZSE6Q5,4
TG-KNWXD51QQ,4
TG-TXN0QQ1T6,4
TG-19WNO0GJ3,2
TG-2PU2OMPDB,5
TG-1LWWKKDLA,2
TG-QZBFQUAWG,5
TG-F4LTSJORA,3
TG-O5PXXV33B,4
TG-FP1GG3WQO,5
TG-73MWIS5P7,4
TG-SCXSCO3QQ,3
TG-Z2VFUD86N,4
TG-59M6O88JS,5
TG-BPC96RPHK,4
TG-W3CAY8QAU,4
TG-RRE6IB39W,3
TG-CZQHK655Z,4
TG-AVAP9DFD6,3
TG-KC07YCCM8,5
TG-JDCTKH8FO,4
TG-0EVDBHG8V,3
TG-LMK10VEQ1,5
TG-H1RLGOTK5,3
TG-BV81S12GJ,5
TG-6KHLY9I4D,2
TG-AOWE1RQJ7,4
TG-NABWQ4YT7,5
TG-WO1G87OLD,3
TG-KW82BMTWS,5
TG-1R3CRG12K,3
TG-NUL30M0LX,4
TG-VB7J6Q8BS,4
TG-0LA7XFDJV,5
TG-HLYACO6TF,5
TG-ZQ70GE1K3,4
TG-0H9DOMFAK,4
TG-77ND2JE1V,2
TG-CQHTTW9TU,3
TG-1XQF17QKO,5
TG-O91H5Z1C1,2
TG-B25EMESR5,3
TG-2YWK7P7EA,3
TG-W8W7U3JIH,4
TG-8O5KCMXRU,2
TG-0OHYLXAEC,3
TG-4GPT5NS67,4
TG-YPLV5V3Q3,4
TG-QLPSTO5A8,2
TG-2PX9AJV72,1
TG-DZKW78CCU,4
TG-2FLF51GZN,4
TG-QKMGZR2JD,4
TG-50YLCFM6F,3
TG-4VNR51UGN,2
TG-EEVINY4VU,3
TG-W4V5UNIJL,5
TG-F9WY77ZQK,3
TG-D9XSX003I,3
TG-JMC51NM4N,3
TG-834C0RS0I,5
TG-1JWCE3ALA,5
TG-FCXLNJN0Y,3
TG-NCF8TUBXZ,3
TG-RK2GIX98W,2
TG-02W9C16AB,4
TG-PX0883ZN4,3
TG-6MHPMB3S9,3
TG-SVZDI6KP7,5
TG-JRVFT0VOM,4
TG-W1LDZQ2E6,3
TG-3Q3ZNP7YI,2
TG-A5GUBTIUP,4
TG-A1ZJOCLT7,2
TG-S6CGOPBN7,4
TG-HBKAMQCI6,4
TG-PKSKT0OI7,3
TG-H75QE7XV7,4
TG-O06EDN85Z,3
TG-FBD3O8VKM,3
TG-XVURXLH4S,2
TG-XCOOJ7VZH,3
TG-OSHQGTKZA,5
TG-L5S08Q70X,4
TG-RTJW7A51N,4
TG-74S1ZVKSN,5
TG-LH07V3HPE,1
TG-FIQNILVJX,3
TG-IGN9NDF54,5
TG-P2EDWXOZV,4
TG-ISHBRE7QO,2
TG-T0WGWBDP4,4
TG-JQGL7XVMW,4
TG-WOOYFIR70,3
TG-JNM3SJM9B,5
TG-VU9NX9LT9,3
TG-B1UX102W4,3
TG-J6PW73SVS,1
TG-RDQN62LXQ,4
TG-BYE666SP7,5
TG-3BH3MVS0Y,1
TG-QZIA3RZTV,3
TG-MR1OQC4E3,3
TG-AVLSF2IQO,4
TG-7FIW2LJ4J,4
TG-8X0CVWJI3,4
TG-PGSGJGIE0,3
TG-Y1XV5NYAN,2
TG-6CNBB6Z6A,3
TG-JMT0XDPCP,2
TG-HQ8R9BAVE,5
TG-MVH97KAE8,3
TG-6AKKPRW26,2
TG-YDFDWTG4G,2
TG-D105KNEA4,3
TG-IJVFG9JTN,4
TG-W0IDJPFHW,4
TG-QNIZ1EOD2,3
TG-61Z33XNUI,4
TG-YAHIR11DW,5
TG-IY7M64LNV,3
TG-BP64RLYY2,3
TG-XNNNMFMOI,3
TG-BRTRXM9CX,4
TG-8O70WTREN,4
TG-ZGNS7GQQM,2
TG-CXG9XGVKP,3
TG-TWOB8C63V,4
TG-XPIN84DDW,3
TG-0G3F3BYTG,4
TG-YGP7NRJWD,3
TG-AQUS4E9IK,3
TG-WS3W3IL9R,3
TG-RBTH35087,4
TG-PK04Q0JGK,5
TG-RYKEU5YJ8,3
TG-W4K4L08VO,4
TG-1LS6QMGPO,5
TG-3XWC17209,4
TG-D03B7IFT7,3
TG-5GRJ9CNK2,5
TG-J8884J56D,3
TG-W4JBZU1UU,4
TG-MSJ7UIC2K,5
TG-Z5S9GFT53,3
TG-Z49NAW72A,3
TG-5UVXEWKNQ,4
TG-IHZXGPXMO,5
TG-7MYG3X7KN,2
TG-WV7RVTABA,5
TG-491CZQQI6,5
TG-VP2ZHT4R9,3
TG-WDK9T7LEI,4
TG-60583OJCI,2
TG-Z21KCYEKE,3
TG-409G01VQP,3
TG-7Q5TX7TCM,2
TG-2BIOZ3YQY,4
TG-DOEZ26QJA,3
TG-YDN04JJY8,4
TG-VG8J1YQ4A,3
TG-RIF3DX95K,3
TG-A8AAAWBLE,4
TG-VJLTBTK4H,4
TG-ZCDIH46WH,4
TG-CKGV8NGG0,3
TG-4B6TNT7YQ,3
TG-YKZZT9EF8,3
TG-DDKTU2U3S,5
TG-05B7TBRP4,3
TG-Q4P4C7Z96,4
TG-G5MVX4O4M,3
TG-HETVCMIHM,3
TG-SMEMVYLAV,2
TG-Y225LQ73P,4
TG-Y8TET6CIJ,5
TG-FH1FLFUSA,4
TG-OMXQ82ZDR,4
TG-MXSRFEF7B,5
TG-19IL8BSPY,4
TG-WGM0OJ91Q,3
TG-N1BV4SUMN,1
TG-3W8G2J5H3,5
TG-ZDW9J80XC,5
TG-19NVQ9UGF,5
TG-2USHAGU38,4
TG-0BD2E8QLV,3
TG-VQ9JKGB16,5
TG-28PL4Q72X,3
TG-H4QNI17Y7,5
TG-77VGQ00QT,3
TG-LW65CACZY,5
TG-DOJJACUB8,2
TG-QJZOHZZIA,4
TG-F6CL8KFDY,4
TG-SZ21IJ0ZK,5
TG-WNU3WMLER,3
TG-EV6CSRO5K,4
TG-O7NJC474Q,3
TG-GBW9DI25O,5
TG-ZDCIIQB1H,2
TG-FLODP57UJ,4
TG-N2DFCBA87,4
TG-QN7SOYML4,4
TG-LNV5O8SGT,3
TG-2C9VFNDC2,3
TG-KEDY1GUOX,3
TG-SB9UWSYQA,5
TG-C56MBQQIZ,3
TG-9JJIZHHIG,2
TG-53WE6IZH7,3
TG-NOZR3G1AY,1
TG-Q593JUE7M,2
TG-GCEM6G727,4
TG-WD125BCGQ,4
TG-795HH5FXQ,5
TG-NQGIHKJ6J,5
TG-V7KEIIHOQ,1
TG-BXXLGJ03B,3
TG-MFYJ6I6PP,4
TG-0839S3TBD,2
TG-9K61RH7FP,4
TG-T8ID4USKH,3
TG-9ZRVVUTQ0,1
TG-THY9VFBK4,3
TG-YEJICFE2A,3
TG-YUFAMANHF,3
TG-IXR7CPXC3,2
TG-RCEBVN8XW,4
TG-3FXQ45FYL,5
TG-S960G70VP,3
TG-E9WXR50XA,4
TG-Q9XHS292Z,3
TG-GCKXEZ7C5,3
TG-97RQ9KQBN,3
TG-9GWQIR5EZ,2
TG-H7YDKUZRW,5
TG-EF5NZFR4B,2
TG-L6H6HPCAJ,2
TG-GJRAKBZRQ,2
TG-SVHHQL2BU,3
TG-UP1BWPNY8,4
TG-7XHLJOM9G,4
TG-RNE2RBUZF,5
TG-0UR9FIIJN,2
TG-8RAKI9M9Z,3
TG-16GOLPUYG,3
TG-2VFU2HMI7,5
TG-XT9GXT6Q4,3
TG-GZLWD1J0L,2
TG-4YMOQGP7C,5
TG-GN2EUXRH0,3
TG-HURB44TA0,2
TG-1L8KX3KS4,3
TG-9UMFTWFQ6,3
TG-QP5HT1TMI,3
TG-X3X28CS58,5
TG-L8S03CH5U,2
TG-UDXU2RWU7,5
TG-DAU37TM8S,5
TG-3QYJIBV1O,2
TG-8IYLHG3J1,4
TG-GU00AI9OX,3
TG-UN7GRI5GE,3
TG-8XY8MBE6G,3
TG-A2HDSYQJN,5
TG-1T2NIWT3U,3
TG-G17BZ35HD,4
TG-VEG7HDNEE,4
TG-B21TV5SM3,5
TG-MBFNEUW98,3
TG-YG0D5MJNZ,3
TG-I441DFBDG,4
TG-IGNE5FIO4,3
TG-D1W2CIJQM,4
TG-MIBM0HQ44,2
TG-ZH5WDKATK,4
TG-XK6VOCVD7,3
TG-DZ25WZGYE,2
TG-MAQYJFENP,5
TG-CEZHQOI44,3
TG-64XI6CJ1F,3
TG-HE7YNGSLV,2
TG-EY4PRSB79,5
TG-XW8R5ZXUL,2
TG-BPTGXK5ZY,3
TG-YIP9RIGEU,1
TG-IR7VKCQFV,5
TG-ND6MOL7AO,4
TG-MRRXJOEB1,4
TG-V1CYQZCKM,5
TG-1A00RW3MP,2
TG-7NDEVG567,4
TG-UEFUTGRLT,2
TG-VCO9AKZQ4,3
TG-MOZ3S9CF1,5
TG-VAOQ4MG7W,3
TG-84BG6TOLP,3
TG-IPJFHP4U5,1
TG-SYALHE1RO,5
TG-VMOJCVW4P,2
TG-XXE62MGA3,4
TG-MA81H46XZ,4
TG-COG1TYSWU,3
TG-Q3Q6BL9E9,4
TG-GZHZM3QW0,4
TG-I6T7NNLY0,4
TG-ZRP7NPGYY,4
TG-0GJKH51GW,4
TG-J3KO94809,5
TG-0JU007LI4,2
TG-XOA7SWP5I,5
TG-LES8KZS2D,2
TG-FUVGQ2YEU,2
TG-QRXGG4IBU,2
TG-3DWCR7V4A,1
TG-A9QVULR9R,4
TG-OMEK4RCEZ,3
TG-7CKV330F5,3
TG-DY3N56TRN,4
TG-J6D8E5K36,4
TG-UIO14I9G7,5
TG-SQAB6BCOD,3
TG-8E3S49L6R,2
TG-YVVLQVRCZ,4
TG-U10EZ5ZK0,5
TG-1T2LPXIYV,5
TG-F6275G7Y1,5
TG-QU95CTU1E,4
TG-RB0BY4CG9,4
TG-YNBD4C780,4
TG-E6DPNTAXL,4
TG-K30CO05TR,2
TG-TPBOEVLH8,3
TG-OGVQG3H4E,4
TG-YR7LUNFSS,4
TG-ONFFYZY2W,4
TG-54FOC4URW,4
TG-NIEP9067B,3
TG-Q33KXL1QW,4
TG-L6BTN3A3Y,3
TG-E1E8TIW9C,5
TG-SZLT9YQB7,3
TG-2VS2RBRG4,5
TG-ET9SFJBWI,4
TG-B0VBWHHTK,5
TG-14CAPITUZ,4
TG-PK1Z391JS,3
TG-MPIW6HWZD,3
TG-ZINUN3OT1,4
TG-VTDVMAPP4,5
TG-2V1HDQQGX,4
TG-6LKL7GH9E,4
TG-RTSGCO6BG,5
TG-3Q0R0DZ5W,4
TG-XLOQK30YH,4
TG-JIFJUAO6Q,1
TG-7UHW3JOSK,4
TG-ZFHQ4ZT94,5
TG-IGVIKOB69,2
TG-JECOL9AHY,4
TG-LZ09KBL9W,4
TG-FBG378O86,3
TG-FQDH2FOOS,5
TG-VCESDDFYE,2
TG-WVC1YJ7ER,5
TG-AGD3V2321,1
TG-L2MPGC66Y,2
TG-OT17PJATS,4
TG-MEIOK8NN2,4
TG-7JVF9IMDH,4
TG-3R6XBDHLF,3
TG-274CCQABR,3
TG-9JNF9VF61,5
TG-WKL8RGVBM,3
TG-PPFDII1HV,3
TG-4A15SSC91,1
TG-7WJC76JZJ,2
TG-39Q4VXQOW,2
TG-6O15YM3EI,4
TG-3WQ045W56,5
TG-EAZ046S31,2
TG-7RNTPRUQM,3
TG-XIG02OXBO,4
TG-24RXDFV04,4
TG-R423CW4RX,5
TG-NE5I699JC,3
TG-HJYOUEWWI,3
TG-R2HFHEEC3,5
TG-J8Q833ZKH,3
TG-7UVPNPPUA,2
TG-Z44SAIT67,2
TG-UWYU6YCNB,5
TG-H2W5T0BX6,2
TG-OEW7FJ38N,5
TG-EKHSK9G3M,5
TG-1R85G0EHF,3
TG-XF3WTZ5J7,4
TG-9NB54AWSG,4
TG-WWPD6NQ3U,5
TG-1JZCPG69Y,3
TG-GG4MW2GNI,2
TG-1TMF3P2HW,2
TG-IUGYBPFZ8,4
TG-BWYIU9OJI,4
TG-K917J66JK,2
TG-40GTCO2TT,3
TG-AAODJRIID,4
TG-HMAOFMZXV,4
TG-GN1W7YG2W,4
TG-0Y98UC0JP,5
TG-K6MZS314S,3
TG-7U4CDMFW0,5
TG-TJ10GKSYB,3
TG-615AGPIJ0,4
TG-LBTEB34PH,4
TG-BCR499IY2,3
TG-8CIC0MA48,4
TG-8R8N5EACH,3
TG-SDCUTPDEG,5
TG-1QUBQ84G7,3
TG-QV8FBMTB3,4
TG-5W067WMGI,4
TG-O5YALHJUB,3
TG-R4OKALFL6,3
TG-7W4AFJK5Y,3
TG-ZXMCM20BP,3
TG-DROQYHINY,4
TG-SDLLS9CIF,3
TG-1Z2PE9NI3,4
TG-GBAVW1QLY,3
TG-U0PUK24GS,2
TG-GCO68ULMO,2
TG-5R8XSHNK7,2
TG-2BA0QH92D,4
TG-JCQ9BZXBG,5
TG-1IZD14HOA,2
TG-P8ZJXFL81,4
TG-NM00FLPBC,3
TG-T8KSI7VP9,3
TG-AJIVFEDFI,3
TG-HMN1V5VK4,4
TG-M1IKRE5XS,3
TG-QZPMPYQ37,4
TG-MK10AU9B5,3
TG-DNTLNX811,4
TG-BAEJ5HR7U,5
TG-UTKW6DQE4,4
TG-N0OQOCAPQ,3
TG-3SW413MEX,4
TG-A0YU7X2S3,4
TG-8938X69DT,4
TG-5IH39X0UN,3
TG-YSJ3RW8M3,2
TG-J4TZB1IWE,2
TG-6FTDLSDGK,4
TG-25B03SOIV,2
TG-FY7Q575Q5,5
TG-P8N262X0U,3
TG-Q2RYAZXR2,2
TG-VB92PW2ZP,3
TG-NQKSMC4B8,2
TG-72G657JRF,3
TG-20V2K3V7U,5
TG-7CIMO7TUW,2
TG-WQ4EBF2WD,2
TG-2FKBA525E,3
TG-A0GT1CF6S,1
TG-Q7YDFUWPN,3
TG-BO860ZUBX,3
TG-Y4780481Z,2
TG-WMYM90V63,3
TG-HOJVEXMCO,3
TG-6AICHLQTE,4
TG-7SK1JLARN,3
TG-M7KPXEPSK,5
TG-LCMD1LZFG,4
TG-N5797HHBZ,3
TG-5MV9DQP51,4
TG-24BMOCD8K,4
TG-IFOG3MYCL,2
TG-T4QIYG8QA,5
TG-RS6G5YMEY,4
TG-4S819XQ2Z,4
TG-CROC9T5KT,5
TG-2RAEDDIB1,4
TG-E2UMJBJ10,3
TG-RXP00XF6T,5
TG-TTKRRM6ZR,4
TG-XV7OFMYDX,5
TG-YEHTQC02W,2
TG-1L2CG6J61,3
TG-QH0NSVH0R,3
TG-TMZQ2RRLA,4
TG-JWH4IOT3X,2
TG-JEADV1WX3,3
TG-P4FBA48F3,4
TG-4XP738NII,3
TG-UIYYDID1P,5
TG-89GFO3LAW,4
TG-SDMIYYXS2,4
TG-3OJ2T6KIF,2
TG-VOS06MC1F,2
TG-PRNSP3PTQ,3
TG-JU4N94BN1,4
TG-A4PGBGSOX,3
TG-ETRWQMIVW,5
TG-Q173XLXTN,2
TG-9IQL5H86G,4
TG-H5O5M2B1Q,2
TG-MG2L7B7IN,3
TG-9PU4L6AUE,4
TG-QQKM629NZ,4
TG-3EMVKOKWE,5
TG-54AHVTVIF,2
TG-7B16HUFDR,3
TG-I2UA6I587,2
TG-58V5MMWNF,3
TG-AZ3CBQA1F,5
TG-H8ZUFSW6E,3
TG-9FBYR35XM,3
TG-BNKR4ZZ19,3
TG-F5CB0FETO,4
TG-L2XHOCOMX,5
TG-V5KZ7RP3B,2
TG-JXBRTCGJS,3
TG-S1YLKG4SM,5
TG-0CJP6EM37,3
TG-VJ88M8JKE,4
TG-UPWJ9K4XA,4
TG-C2SKERMMM,3
TG-HPXAO4VSF,3
TG-BO0AKPVIK,5
TG-8W32XRXKI,2
TG-3YJTLA4NJ,5
TG-0LKTR1U5W,3
TG-YU5U6DIZB,5
TG-IW90193HJ,2
TG-5Y2FTZLYQ,1
TG-I47NMG4TV,5
TG-BEUZ45V0M,3
TG-SOZPBUP25,3
TG-CPCIAHUH2,1
TG-4NG6PI2OE,3
TG-IALA2INLS,5
TG-Z8E6Z9AF0,4
TG-IOAJPELFO,4
TG-QKSBWZQRY,4
TG-ZUQ2M2PVC,4
TG-LQNEGO9NY,5
TG-RLCGTFLK2,2
TG-6S8Y5YFCR,5
TG-H09RH5HLR,2
TG-XW54YNYJV,3
TG-W5ALNHIPR,4
TG-NEZ6E2FZE,5
TG-1V7YN3L4N,4
TG-90J2VGUKK,3
TG-VOWK8L28U,3
TG-9QZPMLUH4,4
TG-P2OZX0X61,4
TG-M9QFQWNJ8,2
TG-Q9HKUDT5U,3
TG-Q95QMGXBY,3
TG-0BITU9DJR,1
TG-D9BNW8I96,2
TG-T3PK85GR7,4
TG-RLQEE6VR5,5
TG-AU4FIQNRG,4
TG-3XBM5TBCC,3
TG-3HHDSR7EH,5
TG-V64H822BC,3
TG-8H64NOIOV,3
TG-F0MHWRIUA,2
TG-GISC1OAMK,5
TG-I62VBJ036,5
TG-0RY32PRU7,2
TG-236ZX4R6F,3
TG-BXOSE265T,4
TG-JH56AVDG4,3
TG-G71KDDD5Z,5
TG-3D10NGURJ,4
TG-YA16SCXZQ,3
TG-FT8I160J9,4
TG-21PF9IWXN,1
TG-HJ36Q5W68,4
TG-5ZFAEX165,4
TG-O6I7RN9DM,3
TG-XLL8WWSUU,3
TG-CD7ZAVQKO,4
TG-CGQVITMSL,3
TG-9RUV0TI0Q,3
TG-MLGGJ4QHO,2
TG-U32JLRRC8,3
TG-TQCNH3MQU,4
TG-4A3L04Y04,4
TG-QD39VQJIU,5
TG-IYYT26INO,4
TG-A551XK09O,4
TG-VJJSCAR53,2
TG-LYTLI0SIP,3
TG-ICK37ZOHM,4
TG-ABOZ4GB2Q,3
TG-RFFUVM6LT,4
TG-3EH8G2QDE,4
TG-NHOK6FI2X,4
TG-Z49O45QBH,3
TG-CKP5JT7TI,3
TG-UXWNKO7L3,3
TG-Z5SZDSDP4,1
TG-2CO7PLSIN,3
TG-SOAC6SV9S,4
TG-DTRNR7M6G,4
TG-J7J43ZGI6,2
TG-B9YAMD4ZS,4
TG-HXWE4VA2D,5
TG-6Z7NWNDDX,2
TG-4Z6IGQW7F,4
TG-XX21TZ2WM,4
TG-ZLOEK9945,4
TG-WUI7AO4Q7,4
TG-HLHR6NUSP,3
TG-X267GE7QB,4
TG-FOMFZ58CR,1
TG-768J3YHEG,4
TG-OKJCB957W,4
TG-IEWVBVMEI,5
TG-D4S99NARG,5
TG-KICM2QTJ0,1
TG-S4VCJEOZO,3
TG-BH1U30WNE,5
TG-XSIKC4EDJ,4
TG-2VPH3NH7L,3
TG-31GXB0T42,4
TG-4K5QXIN2G,4
TG-ZFS8NK038,4
TG-3N79VMBL7,3
TG-T0C4N3EP9,2
TG-Y862TATKA,3
TG-VGUJ5JOSI,5
TG-46EGJFO7X,4
TG-T04YCJ8SU,4
TG-ML7WJTOSJ,3
TG-GQVNMH8BG,4
TG-V5UDOGORT,3
TG-UB08570M7,4
TG-G97GK3MLF,4
TG-0BS056TD9,3
TG-K43XHL7SP,4
TG-SDUAY2Z7S,3
TG-884WRCNSK,5
TG-NX0X5GB9Z,2
TG-RIHMOVHUK,5
TG-BQTGJE025,3
TG-U74YWJTMN,3
TG-B77X38XRK,3
TG-MPHIK6CKB,3
TG-AZ86EVCN1,4
TG-1JPQE40T3,4
TG-X7SILNJBR,5
TG-UMEJ1BB3V,4
TG-DRYUW92RI,4
TG-8QKT8QYVC,4
TG-NKUMYL16M,4
TG-1AAB1LMCM,3
TG-8YKTB03UA,4
TG-LI9U29MSR,4
TG-WO50OIC1C,4
TG-VJ5MEVOJN,3
TG-37YWB9183,2
TG-3I4WAYO1Q,4
TG-FJ7O1ZP7J,3
TG-2BVYC1IG8,2
TG-YYOJECIG6,5
TG-YVB9T62HE,3
TG-AV7FDADOS,4
TG-AURQ66NF9,4
TG-TMG49IIES,4
TG-UPY5SPAF7,5
TG-F0LLKOUJ1,2
TG-VBW79P0W8,3
TG-TYHH1I1QO,3
TG-ZKTJ62RLA,4
TG-3NT7C7GZ7,5
TG-HYN63CB87,2
TG-HBNDEPOAC,4
TG-FH1R8IBA3,3
TG-IQVNBURIL,2
TG-WHT3N2IIK,3
TG-0KVAWF4GS,3
TG-827JZXCEU,1
TG-UTPXYW5DG,3
TG-5CCQCOVHE,3
TG-SGI7HSKU6,3
TG-I4BVFTL6I,4
TG-6VMCGFCVC,5
TG-AESULMC6Q,4
TG-CY3COCPNZ,3
TG-3R0SL1CZG,2
TG-CWI3BUT3Q,4
TG-ANAHEYZN4,4
TG-C3J2GWEH0,5
TG-E4IA407TJ,2
TG-BPDU3SBHM,2
TG-VWH2OEUMT,4
TG-0IIQMW2KM,4
TG-9BV0BHF3B,5
TG-CDUAMSZYW,4
TG-ON5F8472T,5
TG-MXMZI1ELK,4
TG-7K3GHYJ0Q,2
TG-YUXXJSKPL,2
TG-QQSAU4D3M,2
TG-485P3164M,3
TG-TI5VPKCYK,4
TG-XVWYFY3ZV,4
TG-VW8EHK7OG,3
TG-FTB6MGKGW,3
TG-XCW67FDMV,2
TG-KIS91EK37,4
TG-6XO64CC8B,1
TG-KYHGR1EJ0,3
TG-MINDMVLVQ,2
TG-6GYWJ67C2,4
TG-X05X9K0ZH,3
TG-N2NUSG411,4
TG-K67EO3O0W,2
TG-T3UJS6LV7,5
TG-XNPBHLH31,5
TG-WTXCDN2GL,4
TG-IGHO0BH3U,5
TG-6JU9PZIFR,3
TG-5IIYR39CI,4
TG-JCA7WYKFA,4
TG-VHMZNZRB8,2
TG-0YZKI4Q6G,3
TG-UZ4I2V363,3
TG-O82XLLVY8,4
TG-PVCLQ7H7B,2
TG-RHXS4YMO5,4
TG-D23CFZ6SB,3
TG-5P6XOZLJQ,2
TG-JPPH5WW8J,4
TG-CLD790GV4,3
TG-KJK9YVOP8,5
TG-1THFG8SML,3
TG-O2254LWLY,2
TG-81GK9FR4F,2
TG-5SVTGZSBB,3
TG-IIBVDXVSN,3
TG-41KNZZCD6,2
TG-H9G1578TD,4
TG-ZEB2OHCDW,4
TG-PP886059B,3
TG-K1NU9QOW3,4
TG-OESGADVCU,3
TG-SH6YMEQD5,5
TG-M8GF59L7I,3
TG-G6BVCWLSM,4
TG-3G1VL47KE,3
TG-SUUIL4OKX,5
TG-EFV0056IB,1
TG-Q2XHW25H2,3
TG-W5UP7C43G,3
TG-7NKLJRF4K,3
TG-CTGUQBOK7,4
TG-M28VSOLFX,3
TG-4QD94AIKG,4
TG-G7BU40WFG,4
TG-LUSWPTT0F,3
TG-6QFZFKSBJ,4
TG-BVGAH7BEO,3
TG-01ED03HI9,1
TG-LXNDMR2HK,4
TG-EX25S4MWU,4
TG-4WBBW7WWD,2
TG-WNX2HIUL4,3
TG-EB3ERHXGC,3
TG-SLX142RD8,4
TG-S62WXI56A,3
TG-QCHO6BOPD,5
TG-ANAU63VVE,3
TG-B7DNONW7G,4
TG-5FQQG97NO,4
TG-UZB4JTUA8,5
TG-SA5P7Q38Z,4
TG-68AJ1VF09,4
TG-IJKHAYRN8,2
TG-I2Z3RS07U,5
TG-4FWUDAWBG,3
TG-LLY2XZ0B2,3
TG-XQXBTQ6Q9,5
TG-M1GHFDD33,4
TG-SLQ367C27,4
TG-B4T3IEBU9,4
TG-5MHXLJZ8K,3
TG-6IUN8WBZY,5
TG-VZ73VCL6T,3
TG-RGKPQ8LH0,5
TG-K3GG8TXLU,4
TG-1MZNTWOUC,5
TG-NYKS8G2FB,3
TG-CSVU6HBDG,2
TG-71TQ043XY,2
TG-X0YRFW878,2
TG-H212KH644,3
TG-44160NKA5,3
TG-0EIKCJ1FU,3
TG-YXRJC7OUB,3
TG-GVTY4AV2F,3
TG-47RZKS801,5
TG-AVTT5WSEE,4
TG-8DH29UK03,3
TG-G632HD8R7,5
TG-XMMURLR03,2
TG-W6ORV4VBQ,3
TG-O9232XMY8,2
TG-H6EFR4KNY,3
TG-2MNW61RJG,2
TG-0AT0D85PJ,3
TG-9NUWTTG1D,3
TG-B8DPLLCEC,4
TG-SW5SES4FH,3
TG-J4OUFJPC6,3
TG-NRJGH1ISA,5
TG-LMXBFBQDK,1
TG-9573UE0L8,2
TG-MVVBCSVA8,3
TG-L8ZRKASZU,3
TG-CZTEK1W3S,5
TG-GEFXGPSGZ,4
TG-AC8FY9074,2
TG-53P75L1EO,4
TG-SQRETJVW3,3
TG-ZDJ2H8E3O,5
TG-SZ53D90SU,4
TG-1ZT0EUE2U,3
TG-EJXPMX6KW,4
TG-GLW2QV400,5
TG-OVFVDV197,3
TG-1EJ8NP8DX,3
TG-AXWG4EUYZ,4
TG-S27751QG4,2
TG-MC9FB2OR9,3
TG-HKMJCA16U,2
TG-N2I16CTL7,5
TG-23LV5BGZ6,3
TG-MHVSVMX8L,3
TG-MKTSF4QUJ,2
TG-FD0RB8IKX,3
TG-FVFGOJ7J9,3
TG-940GEDM4V,3
TG-6Q1VQA2WB,3
TG-G7EZXKYPS,4
TG-W8OA2A69S,3
TG-SG2IHQER1,3
TG-A48OGUJO8,4
TG-TOM4LR680,2
TG-85SLUKY5S,4
TG-Y9RE0FVXC,3
TG-FX8E8B0D5,4
TG-GOWPQ7VEL,1
TG-QYG7TEM7C,3
TG-EYRI06RV8,2
TG-LQS6SD9E1,2
TG-8WBGDTY7R,4
TG-DK42E2N1N,5
TG-NSFD4RE2L,4
TG-P8ZSV75M1,5
TG-CEL34O692,1
TG-RQNM7SKS9,2
TG-XAYHTNEKR,3
TG-CQA5QLRRU,5
TG-A886G5GE0,5
TG-ACKQZJ54T,3
TG-1TOUL6LAV,3
TG-RBM657NBL,4
TG-CAOO3W29L,3
TG-K0SSBHUB2,3
TG-RGR79I1EU,3
TG-LZL3VEYP9,1
TG-UUZYVJA8B,3
TG-Q0DS6ZL7X,2
TG-O40F1VBVK,4
TG-0NIHQNWUV,4
TG-WYKSAKJI2,4
TG-H274OTS6K,2
TG-N37CHXX76,3
TG-01T5JM0CX,3
TG-KVR1PKHI1,3
TG-LXXLNLGRR,5
TG-829H5JLIB,3
TG-WUABQVTES,3
TG-DLI4MCECY,4
TG-LQ39GIMKE,3
TG-QZ0HTM7ED,2
TG-MYXBEV0ZC,5
TG-V3FCNFMTK,5
TG-BI7PUUJ70,3
TG-BQ60U4OWI,2
TG-QNSF6D3CU,5
TG-T7F81NXQZ,3
TG-5PC6IHW1Q,4
TG-WGXTBVBG0,4
TG-DSTCZD5QJ,4
TG-1KPL7QDKV,3
TG-7FD12MYZB,3
TG-PTWNKWNCU,5
TG-W3DR5T4J1,2
TG-O01HYK2Y5,4
TG-VRVW724R7,4
TG-WS8AFIJSF,3
TG-7FSDEEERV,4
TG-ZZ5OJXS5Z,5
TG-Z4A73Y166,2
TG-ELPEFKQGZ,1
TG-46Q6J5JHF,5
TG-GSAR4M8LB,3
TG-0F2BAL1MC,3
TG-AVKE7POQZ,4
TG-M1WI23ZF7,3
TG-F7TOKH34W,5
TG-CFVTM540L,2
TG-F3I6U316C,2
TG-45MJ3YBKE,2
TG-EWIPA746E,3
TG-FSCJVWL3B,2
TG-MCK0OZ6GW,4
TG-GXUS2BF0Q,5
TG-XTXFXPK6S,3
TG-8BWVQJB7N,4
TG-M4P64A9PS,1
TG-Z3381U5ZD,4
TG-IFYRYOOE2,5
TG-79N9QXK3N,3
TG-DYO0PY110,3
TG-SN1Y5AO3X,4
TG-IY1NJHP7R,3
TG-I4V1XQSPC,4
TG-TXUEY312O,4
TG-N0DQ79E16,3
TG-8LA6QQ6BN,2
TG-R460JTW1P,4
TG-9IGHWRDCP,3
TG-1LLK4FHZK,4
TG-WH8D10Q7F,3
TG-XG63B55PA,2
TG-N69FUHFNM,3
TG-N0JRGDYU5,4
TG-FL4JUFEY6,3
TG-7D5G6FH0W,4
TG-5HWW6XYVX,5
TG-IPVPFG9HA,5
TG-0VQ5OU4RE,2
TG-VJTJEGGYN,3
TG-T2XK27YGC,3
TG-ILKFKS8IS,2
TG-GCT333N6W,2
TG-E4YRYDO8V,4
TG-SZ3S0B0YX,3
TG-3JXACK2GT,3
TG-9G71I5738,5
TG-6JJ0HUJMZ,4
TG-VQUB2K9A4,4
TG-PCFYXZLLM,3
TG-XVFQ87PAP,3
TG-XQ04USJEC,3
TG-XANARBGQF,1
TG-RAMZ6W4HY,2
TG-RQRBCMRKA,3
TG-68Y8MCJ2H,2
TG-0KZ47F95U,2
TG-AE9R3TY38,3
TG-XPIP7RU59,2
TG-PBT2UZ3HK,3
TG-JS26I1U3H,2
TG-5Q5QQU3OS,4
TG-C80NTSHT0,5
TG-VVJQCWG65,3
TG-XNME4KW0U,4
TG-LZIMGL9IH,2
TG-N6RADY625,4
TG-1S2NPRNIN,2
TG-IVZGBC9K1,4
TG-MLKXQT999,1
TG-59QI2WE7G,2
TG-UZOQCR94K,3
TG-BUPYYE03K,2
TG-S2QXWY0T3,1
TG-G5ODPAUWD,3
TG-9UJZ5M146,5
TG-26BNRJLWO,2
TG-MJ5DVYZG7,3
TG-95ZA1SBEE,2
TG-CSNFM6NMS,5
TG-ECTQK465I,2
TG-HUP7674XQ,4
TG-KX5Z3PUBK,4
TG-EHWJZ330X,2
TG-C1WPOWFKT,2
TG-OGS4TLDS3,3
TG-W6059MW2V,4
TG-UAIW9PRD3,5
TG-U1BCFGLOF,3
TG-J4UFCCBHX,3
TG-UQZK3SIQ5,4
TG-NI5H5W05M,3
TG-7L86MAZ6R,4
TG-01DDRRRY0,4
TG-MGKIUWL0R,3
TG-742G1M0LE,3
TG-TL9T97KBN,3
TG-DDWCELO9M,3
TG-TXAHAWOSY,5
TG-W0N85BBQ0,3
TG-KWARQADST,4
TG-I46TOGMEO,3
TG-KDIN8XHXJ,3
TG-Q69E21ZCV,3
TG-W3460IX9S,4
TG-F14MEVHMO,5
TG-YTD7Q4QBP,2
TG-PRNS699SQ,5
TG-5HNU4K8MS,3
TG-SQG8UPYJZ,2
TG-XI23V8VNA,2
TG-71J5DN4HF,3
TG-F20Z5GKA2,4
TG-8MJU8XJKX,3
TG-KBIHHBKLZ,4
TG-F0PTUL7GK,3
TG-UGU32YOOJ,4
TG-F3D3P1DQZ,4
TG-LGXQPG9QN,3
TG-LLTLVNN5W,2
TG-IAL8W08W3,1
TG-MTT37KOHN,4
TG-YK27QTB6A,1
TG-3GL5O8RM2,5
TG-77GDZXWQX,3
TG-0YRNWQCSV,4
TG-RBKT63ECK,2
TG-Y5J18KF7D,3
TG-UO2QXEIFB,5
TG-TS194EVOW,4
TG-LJTJQZK7E,4
TG-LUV9PE8O6,4
TG-5SA4LZJ39,4
TG-Q08E9CSGH,2
TG-NQAVCT8F4,3
TG-XXYIA6H0K,4
TG-AZ981FWYX,3
TG-3D2X2PCDQ,2
TG-V8O5T1VE8,3
TG-EGXA63PCZ,5
TG-0PSPZQZYL,5
TG-ESNOQ1KJ6,3
TG-PYYC6J0GQ,3
TG-CWH5PCX6U,3
TG-YLLMKHD8Y,3
TG-CVS7JOMRF,5
TG-LC7GPNDA9,4
TG-UR1PMADWM,3
TG-Q0IZZFYKU,4
TG-8F0TDO8WJ,3
TG-V8YGIKTFO,4
TG-NSOSVMMSM,4
TG-QJ1ZT6NCW,4
TG-PY4BQBKC6,3
TG-KHSEDN61V,4
TG-4M03O0AFM,4
TG-TFJ93XP9A,3
TG-QDFNYL6LL,5
TG-0Y76H4GQA,4
TG-0PHQ64RCR,3
TG-XLEO7STCZ,4
TG-KZQXT6Z76,2
TG-YI61XC745,2
TG-RQJRUW73F,4
TG-BOZPYGLPD,4
TG-6M8ETIY4C,2
TG-2MOJIJ8R3,5
TG-5UIAZ94OL,3
TG-H25V4W1KU,2
TG-3CQ4AGDM1,1
TG-BFPY4NQLQ,4
TG-PGZU28MB0,2
TG-ATCFK2K18,2
TG-O18S7T18T,4
TG-Z70FYB7GY,3
TG-LGLY6HN49,4
TG-ZFMC138XM,3
TG-QI2XNS54Z,1
TG-SDWAGR3D0,4
TG-JEEF8D50X,4
TG-845R5E21R,3
TG-SU06UI68N,3
TG-5GXSFCPJF,4
TG-04VQEMDJ1,3
TG-45FY7M4OI,3
TG-5O97PDLTI,2
TG-WMDYPJXRL,3
TG-652I94VU4,2
TG-LYMHDXCY0,3
TG-GEK4SGMYP,3
TG-6J5AK2FL6,5
TG-BZ031G2Z3,3
TG-EP8RKTBL8,5
TG-LNZ9LL0Z2,4
TG-BX5JYQI0B,3
TG-3W6GP5BX8,5
TG-GZCPSBSM7,4
TG-FRQVPONTL,5
TG-HCLMWFOH7,4
TG-YJD5GECHQ,4
TG-KJSKBR08I,2
TG-NS8F2YDME,2
TG-O8PW242GF,3
TG-77DHLW9ZW,1
TG-GM7TFRTPM,5
TG-C4JENM15Y,4
TG-WOCTU0PKM,3
TG-FOQRMOJXL,5
TG-PC3H6TM0V,3
TG-K8OORYOX1,3
TG-QCZTX6S8P,4
TG-G6YPAM1PE,3
TG-YVRI59OWA,3
TG-84JDD2WTJ,4
TG-VDCON5TTP,4
TG-E3K0DUQ1N,3
TG-O4Z2U30YP,1
TG-HWQCWBZGG,3
TG-E7TOEV0O6,3
TG-GDK705EFI,5
TG-XNUIVBO1M,4
TG-MI9NN0IC2,3
TG-C79JRZYGM,2
TG-ZK5FGEVHB,2
TG-4IF6NS0EL,3
TG-6R0CS4X3N,4
TG-NKW1QQWYX,2
TG-2OBKO0CZC,4
TG-FYTTBPQ4Z,4
TG-OYPAJF1HH,5
TG-3LFWE0OZ2,2
TG-ALELWK5HL,3
TG-MRB5QR1NG,3
TG-YH1YZ7FKZ,5
TG-FSIQ4F3ZC,4
TG-KYXA7SD5Q,1
TG-0EEFFPTU0,1
TG-Z7GFISNM7,3
TG-EY6E0M6U4,4
TG-XAVYLWSLV,5
TG-D37WQQHXK,3
TG-O0V72Q24T,4
TG-8SBSV5W7A,3
TG-MO0IV1PFG,2
TG-DFELS5RS9,4
TG-B2V64A3TR,3
TG-Z9AZ3UCTP,2
TG-2KYUM47YJ,4
TG-TZ8X7O7JK,4
TG-LQ8AL1VQ0,3
TG-P0N9MBG1C,2
TG-OW3PP1RR2,3
TG-QSG635MQG,4
TG-9VIHR48JS,5
TG-6GKVS1MMS,3
TG-2GX9LR0CQ,3
TG-BKM4EOZCV,4
TG-PCZYGCVS7,3
TG-LFF9OT9JA,4
TG-P2BVXUTRM,5
TG-IEVQ3KRDP,3
TG-S9HDE3FMK,2
TG-BNKM2GAUL,4
TG-624J56T1A,2
TG-PTEBV1BTX,4
TG-Y8G3IAQAD,3
TG-M6GKHYFH5,4
TG-NBY9ZMD7Q,4
TG-O6OIYVTCL,3
TG-CM9KR7WBB,2
TG-MGKVF8FVU,4
TG-YUGDD8RWI,4
TG-37LGWY1XJ,4
TG-JC2B6MG0P,3
TG-Q63YHTM6E,4
TG-SVFT3H73G,4
TG-SM0T2C532,4
TG-3T8FF7F45,2
TG-50844ZGYQ,2
TG-O3Q8JGKVA,5
TG-HJ3UI7Q9A,3
TG-JEFBLMLIW,4
TG-CW7P970TO,5
TG-HPCMLK2F7,3
TG-3BEZ0E3P6,3
TG-SBUN4JAXV,3
TG-22KC5NOPY,1
TG-U7KD6519J,2
TG-0ZWX8NJCU,3
TG-JTFSNK8PO,4
TG-ID0XVYHSU,3
TG-Q5XQAYQX9,5
TG-HQOU1P534,3
TG-AQOJB98CO,3
TG-NWCAJF9Y5,4
TG-HTCJTJU6Z,2
TG-X1KWQ53ZO,3
TG-BX0JTC3DZ,4
TG-NJB8J92GF,1
TG-YNB1ANPKA,5
TG-B4LD0VALX,3
TG-KWWPMYHJ5,3
TG-IAR0OTJ8Q,4
TG-KYBS642CL,3
TG-K9ADUMSLZ,4
TG-3XSG6UDKX,5
TG-V89PCCNRT,3
TG-3J397VEH6,5
TG-VWIMXI4D6,3
TG-1J026H2QN,3
TG-BINO4IG0D,3
TG-BN64A8NVR,3
TG-XGSVEOD9Y,3
TG-FRV68EWW6,5
TG-AJNW20QNC,3
TG-Z7CHUZ82F,3
TG-HQH9GL4ZF,3
TG-FZKUMNUQH,4
TG-KI0DW08O7,3
TG-5YRQO4SFP,3
TG-2KJKNDJJS,3
TG-5FQ0V3PWH,2
TG-MMO6JJZ4U,4
TG-IXNUECCXI,5
TG-4W6E7HGHJ,2
TG-N6223PKX7,2
TG-ST5G05A2G,1
TG-XIJ0QFJUH,1
TG-XAOFZFYFA,4
TG-MQPERS0LO,5
TG-5W54C9YSN,4
TG-C35C0T5BE,3
TG-HCBBQ0GAL,3
TG-4TYRKYOL4,3
TG-GNZ9YARIQ,4
TG-0MUP0DQI8,3
TG-DKQDQEJ7A,3
TG-HKUSD426R,3
TG-M494WCSV8,2
TG-UUR3NZOP2,3
TG-JCYVKGJS9,4
TG-X7V4QN9QZ,5
TG-LLYRQO60X,1
TG-D1O27OSYM,4
TG-S57K0LVZL,2
TG-8EI2T7CP7,5
TG-U71KWRR7C,5
TG-DJ33A550V,5
TG-971M1T2J9,2
TG-D61JRHCP6,3
TG-V36KXJCTP,4
TG-BA1KE7WJB,3
TG-PZMF0PWQ5,2
TG-TDO0RAAMR,5
TG-48LXTZEVA,5
TG-SP8LA9KKX,4
TG-BTSWS20HL,5
TG-2XVZ0TYMR,5
TG-KS0716CBR,5
TG-D5QJ2GP6H,4
TG-JA95EPQ34,5
TG-HD7EAHAZD,3
TG-I42EQRG43,5
TG-C3II94HQ0,4
TG-1BOKASVZT,5
TG-IVENS698I,4
TG-FDOIWUBOM,4
TG-2E9GNRSVY,3
TG-J4FSCPCOK,3
TG-QOG7WVD53,3
TG-CT55N7C51,2
TG-FU4ZUSSJJ,3
TG-28FRWAP8R,3
TG-IYOFMDPZZ,4
TG-TX8Z0TBPN,3
TG-Q8CJ8B4EK,3
TG-BGCKXMRUG,5
TG-DMI557674,2
TG-DX97IYO8V,3
TG-ZXGB5N1DG,4
TG-5CWUV6RZ4,5
TG-NT1AELXGW,5
TG-QEUOETESH,3
TG-3S1LL7SW4,5
TG-NGYTMU0HW,4
TG-AZ4ETTV7V,2
TG-F43XJIS50,2
TG-57QTGZBBM,4
TG-FAVQNYUZM,3
TG-CXOCP35QN,1
TG-NJXR7U40D,5
TG-STF9G2SEC,3
TG-QPMBS3XUI,3
TG-AM05AXEAW,5
TG-YW6D8K0T0,2
TG-CZI2O8IV6,3
TG-I2RKWVCKK,4
TG-II85J91QJ,2
TG-ATEUQNHAT,3
TG-GZ9A2ZPRI,2
TG-OPC9OO1N6,4
TG-30I389ZO8,5
TG-WDF57Q8VW,2
TG-MT4MS2HW3,5
TG-U7LSJ7J9M,3
TG-GQ755UUHG,4
TG-KG4BMVDVI,4
TG-Q52G93SCG,1
TG-CN3CK1BCZ,5
TG-PNRXT190U,3
TG-SUSMBOLC5,1
TG-0DK7CQCE6,3
TG-B96JXBRJZ,4
TG-LCPKWL7N3,4
TG-2PUH8A3LP,5
TG-U6DPL9Z9Z,5
TG-QZGIYDBIV,4
TG-86TH1WCHO,5
TG-HQOY0UJM4,5
TG-U6SWIWFG5,5
TG-5GYXQI57D,5
TG-GC9SF35DV,4
TG-WTYQKKDKQ,4
TG-8ZWIIF6ND,3
TG-WLXICX05Y,5
TG-WWQ10M59A,4
TG-OG2V1T5PW,5
TG-T3NX23SXZ,5
TG-RAIQNZ1DG,2
TG-VN1LGYO68,3
TG-Q92CE321H,4
TG-X3QPCQ50S,3
TG-JPI953VYF,4
TG-KDZO24G0O,5
TG-IT15VV8EB,2
TG-HTW95MC36,3
TG-EG1Q37VJO,3
TG-F7396RHMT,1
TG-FR3HXE3WJ,3
TG-06TR6GABO,4
TG-CFUGIN7FP,4
TG-L77RJAEND,3
TG-MJSN5HIQ3,3
TG-5WUOACQRG,3
TG-KIPRJMP9T,5
TG-IAYQVRDJ4,2
TG-0H0PSDP47,3
TG-7Q96PBFY0,4
TG-VS479YDVK,1
TG-U0FDH2TIH,4
TG-72O426TFE,4
TG-WPVR2ETFV,4
TG-VIV8HOQ5S,5
TG-WT617I5AP,4
TG-L4UZMMOMW,4
TG-701BXR3EZ,4
TG-V4CQKIP1C,4
TG-EUFVXCK3C,2
TG-YABLBKGFL,2
TG-BY8R6W81N,2
TG-JO7KMYKXA,5
TG-6B46EVXLP,4
TG-706YMAQCH,4
TG-HSA1NGQZN,3
TG-NPM4BRSJY,3
TG-J5Y5VEMNN,5
TG-D35WMR8Y0,4
TG-9IB1SNOKA,3
TG-127ZLZWYG,1
TG-OPCQWR84V,4
TG-F34HGQLGL,3
TG-WR1MZEJKJ,4
TG-OJRFE8OBK,3
TG-EOQ1IZW33,3
TG-59RCYH60V,3
TG-1BES5K6BH,2
TG-26R6RR4FI,4
TG-S6M8GG39M,2
TG-AC4XWR5ID,3
TG-89GO3GO6S,4
TG-T6MXQKLKW,2
TG-SE00B26HK,2
TG-N1A9QV9TB,1
TG-QK9HOMPMN,3
TG-SK93LGX51,4
TG-AUOF52V5B,4
TG-44YAK6XBC,4
TG-9VVI9XL3O,2
TG-LKJA4OGW3,5
TG-95GEEAXNA,5
TG-S8W7RJQA3,2
TG-FXNU8Y91V,4
TG-YKV9WG36W,3
TG-NO24K21VA,3
TG-OL0PKWFUB,4
TG-BZLCDK2NO,4
TG-SIA52147Z,3
TG-VO839MWJW,3
TG-6DUG1I3A0,3
TG-BQ1LPCG0R,4
TG-8CRB465YL,5
TG-E9CJCTDSS,5
TG-1NO3W2KRC,4
TG-SJ654VHRK,4
TG-ILIEYD0R2,2
TG-635YZVXFM,4
TG-0LVM4UV8D,1
TG-YVJA85TUG,5
TG-QR075X8DH,3
TG-HG9T7SIBR,1
TG-KC72MKBBF,4
TG-PUOQFI9BC,3
TG-4LW9OMBL4,2
TG-0MDCZMOLU,4
TG-B0HDEVH72,2
TG-G4CDJ75FC,2
TG-2IDV7IWTT,5
TG-OYKH0RP9U,5
TG-K6LXC9TLL,4
TG-2OYCZPG2J,3
TG-G25GUIVEV,1
TG-VR1DYWKJ1,1
TG-IRAUM301J,5
TG-9AEDN2JUI,4
TG-6I6MAN9VN,4
TG-KWKLG06B2,4
TG-AR6XI7RYZ,4
TG-TPDDWJOMU,5
TG-KCW5PYYQE,1
TG-6TA3EGW46,3
TG-K3WWOLDME,4
TG-JDQ0L5VNK,3
TG-TSEN2FW4C,4
TG-BY4JKMMIE,3
TG-MUT53HIZ5,4
TG-38QZJ8ZDS,3
TG-PW1POV8MW,4
TG-78ZX59AXQ,3
TG-L9UD8IE39,3
TG-0CT5DUK7J,2
TG-9TXZQWOF3,4
TG-VXE3LAINT,3
TG-5BD52TCV8,4
TG-56ICIT3CM,5
TG-MJK5WT418,5
TG-S1OTERXS4,4
TG-469YBCY65,5
TG-7HSM8CZK4,4
TG-PRJETZ2V3,5
TG-DYFY3E0RQ,3
TG-7SZWLBCR0,2
TG-0W2XXI850,5
TG-BFWW46FK0,4
TG-HS5WYS04S,2
TG-PEDZFQ544,3
TG-89NMNIRKK,2
TG-3M08ARVSR,3
TG-G08BE56EJ,4
TG-AUEM3VQI6,3
TG-1UTFY1P9Q,5
TG-6OGXWD79V,4
TG-OI4H43SEF,3
TG-ET0S1XKPY,5
TG-8N7G6T4IX,4
TG-SMN7PGOGE,5
TG-FUCG2KA1S,5
TG-VOFJH71WM,4
TG-DO7XKLAB6,2
TG-ARFA0M2XW,3
TG-N6T7P8XZV,1
TG-A2Z5I10HK,2
TG-CZV94FNDA,5
TG-W3JBRHO8K,2
TG-6JL69B2WT,4
TG-DPK7VYFM9,2
TG-60QJUCU1Y,1
TG-KLHXSYYOF,3
TG-16YJ47ZNP,3
TG-V3J4C537I,3
TG-9O9YMWCKG,4
TG-9A1UZHFVD,2
TG-91ZYNLUWZ,5
TG-WPX2UGV4W,3
TG-C5G7Y7ULR,3
TG-UKBPKKL90,3
TG-4VZ2QF7XA,4
TG-NSRUTA9KH,3
TG-WINXCFTRQ,4
TG-DIHLQANW4,4
TG-OXJGA9YLD,2
TG-X36OF4L7O,2
TG-S1JNVNZI4,4
TG-0OYCCHF3T,3
TG-LESWFPNAE,2
TG-N6KJAFF0H,3
TG-5TDWOHKJ3,4
TG-DWSWVJ9N1,5
TG-YEXH87MJ4,2
TG-GN63548NC,4
TG-9COC94GQ7,3
TG-ERGMK2ZG6,3
TG-N9N7HAR82,2
TG-7IRQI2PDW,3
TG-S4MNLYGNT,5
TG-FBDFJ4HG8,4
TG-L7KV50IMM,1
TG-RPI7B7AU4,4
TG-9S2XDENLD,3
TG-QWQ4AI4HX,4
TG-BL2A44QET,4
TG-5CFAJ3N60,3
TG-CMXTYG46R,5
TG-4K3Q8SW5A,3
TG-58EHEW0AB,3
TG-MWQPOVG2I,5
TG-ZERY952RP,5
TG-L86SYAAOB,5
TG-84C16ZFJN,1
TG-AKWOQ96X9,4
TG-89JXNAAZT,5
TG-FUPWJD4C4,3
TG-KTWCE0NPO,3
TG-VGXC8CAUZ,4
TG-XXG7Z7C89,2
TG-SW9Q1HYJ3,5
TG-LCHZK7GIA,3
TG-1ODZ27613,3
TG-5QD9V5K6Z,2
TG-8PPI4L586,1
TG-5UCY8K7F9,3
TG-IJTUPYOEH,1
TG-9RZK5EUFN,2
TG-GMNXW7HHU,3
TG-PJIW0ZFBL,3
TG-ZGJ252G36,4
TG-5VBU60I9M,4
TG-JJ9RUASGP,3
TG-BXRKBP497,5
TG-TLU7CZCRW,3
TG-W3PH7U67P,2
TG-I29MNJMDD,3
TG-MRVHSUF81,3
TG-KJ0L6RZJM,5
TG-82U0JEET6,4
TG-O7CQ88YWZ,4
TG-UAA2FXESP,4
TG-UHQVJXEYK,3
TG-Y57DBV532,2
TG-AEOFW09UW,3
TG-IZXD74F6K,4
TG-0W7UTWCX5,4
TG-7V42BO9VJ,4
TG-1Y1Z2HY04,5
TG-2HHUC9NRS,4
TG-BEFJORJPS,3
TG-STUGYILJP,3
TG-DD6Q50HBH,2
TG-RE06KJY0X,3
TG-MVQ8HUJZ6,3
TG-U2T37W4FE,5
TG-8ZVPH1QZI,4
TG-LP9SLEIYY,4
TG-CT8QOBOV9,2
TG-162XC25EI,1
TG-44ZMU4T5H,3
TG-ONODVKEGL,3
TG-TNP1F83DH,4
TG-YLZNV4OPB,5
TG-E1HZ5F5NM,1
TG-SPIAKOBJ7,3
TG-D51BY4Z38,4
TG-EREEDYLTK,2
TG-H2H1PLW6N,5
TG-ORSPUVWR2,3
TG-KX7U9W4YD,4
TG-FA0J73H94,4
TG-3Y0EXSO54,3
TG-JLWI73AO1,2
TG-OVBIFCBLL,4
TG-12C647E9P,4
TG-ME2US38K9,4
TG-97NN5DUPX,3
TG-E8G5XNKES,3
TG-QLPO76HLK,5
TG-TUD1ZF905,2
TG-LSY83FJRB,2
TG-J4666BQMP,3
TG-9LZLBHUSB,5
TG-TNJAV5DQ8,2
TG-VLLEVR80T,5
TG-7SDFI5NII,3
TG-Q86CSW8LD,4
TG-JQ7WB3PHM,5
TG-PFLUYW4OU,3
TG-42DEXW7I7,5
TG-JP0GFY2EW,2
TG-P3ZFH8ACP,4
TG-IZAPIVJPS,5
TG-7WMF6AH19,4
TG-2P6CM8U05,4
TG-LPOKR4AKP,3
TG-QYZMW0SEH,2
TG-34G1BWA52,4
TG-RP3YQZCZI,1
TG-7D1VZI9YT,3
TG-6CV8UG6D6,4
TG-YM4P07H88,3
TG-3OQCLGFKO,4
TG-WB6AAWIRW,1
TG-E7P4U08KX,2
TG-C5LEIJ5FU,5
TG-IRT5OOH19,4
TG-ZV7LYLREV,2
TG-Y65L5VYP7,2
TG-8198D8B56,4
TG-OQ8Q0XASB,4
TG-NMED6H2QB,2
TG-4GDCB8NP6,5
TG-AEAVN4FDQ,3
TG-R502ASG65,4
TG-4KQTXOO02,3
TG-T3D8BSW14,4
TG-MP0VVJK86,4
TG-F28G04U3D,5
TG-8CHZPEOVW,2
TG-ZCJYK6OKW,4
TG-DVQWRRW7P,4
TG-Y5JGT10UE,4
TG-TB11BBFGB,2
TG-L4CBIH8G2,2
TG-IBQVV79NH,5
TG-SKQ74GB0T,3
TG-FWJZXWX4W,4
TG-YCOMALE8J,2
TG-TY2Y5H3DD,4
TG-OQ8K4AL5U,3
TG-6VEKB3PU4,5
TG-8KS2Y1TMC,4
TG-0L7EIG7B2,3
TG-4FOAQRXC5,5
TG-M5CQRVDLS,2
TG-HF96C33QZ,3
TG-H56PJF453,2
TG-QK8J1BDLM,2
TG-WBHR3ALNI,2
TG-XHURVNO3K,4
TG-R2D26T59X,4
TG-TRZV2CG29,2
TG-OHRWF164F,5
TG-X06Z8NIEJ,3
TG-S0CO8O1BK,5
TG-5Y6H8X834,3
TG-YOKW06C6R,2
TG-9P3PI522B,3
TG-CD9JM90QB,5
TG-UAY1Q3G0S,2
TG-8RRUBO8BY,3
TG-RO7KDDWRY,5
TG-CMW78EPNP,4
TG-WONLK9HYU,1
TG-KDG78G9L0,5
TG-MG2K8JBIO,3
TG-YCRJN8CFO,4
TG-XBS7H9THY,1
TG-5FZWVGUVW,4
TG-0FKIXQ69J,4
TG-7EF2IHNT5,3
TG-4F93UESIZ,4
TG-OGQPIHT9T,3
TG-UDU0WUT5Q,4
TG-NT5XXWJNP,3
TG-NJWI9N0M6,4
TG-DC5N7RSZM,5
TG-OWEON5VNS,4
TG-GYKXNUIOJ,5
TG-XQIYEYYQN,5
TG-V3DAGT5Y4,3
TG-20YFXZWJ8,4
TG-O2ZCSZVWU,5
TG-4LE47XLVN,4
TG-E7L7QDIWO,2
TG-HK5ZZPHRM,4
TG-3M61R8T7N,3
TG-XYXSIH2H9,2
TG-ONQ7RBTA9,5
TG-WK23305U8,3
TG-PPG71A09P,4
TG-6LCIM5QZX,2
TG-6MY2ODNWD,4
TG-BVULO4WZ9,3
TG-Y2LSKA7NC,4
TG-6055CSD60,3
TG-3R89SIBQ6,5
TG-SZHCDHI5R,4
TG-NTXJ30Z9F,5
TG-0Z9WASRZ2,2
TG-6CM8D1LH9,2
TG-ROTP26DIE,3
TG-GDFRFRNER,2
TG-7VN5BQGSN,2
TG-65K4ZNVYP,3
TG-0LCAOK63E,4
TG-5XJP662LO,4
TG-YTSFIS0R4,4
TG-Z10GB8N0T,2
TG-TW60O0YMU,2
TG-36DHLZ4GA,3
TG-C6M2W1UMI,5
TG-T44M4S444,5
TG-ILLA4MV4G,4
TG-VELTEPGC9,5
TG-9WR2YE6B2,3
TG-8I74T7PM4,1
TG-9JCM8OZTU,3
TG-ANBG6QZD5,5
TG-UJOGAGTSP,2
TG-C7T05UE9Q,3
TG-TIMKN8VV2,4
TG-UVOPLFLEG,3
TG-15MS8GG2F,4
TG-WL7XO7R1A,2
TG-7GP8FPFXU,5
TG-7B1X9HK56,2
TG-6OD1E9NUP,5
TG-O0TTI3BIE,3
TG-KAFOYBTR0,5
TG-NHMN0CR12,3
TG-C5PS6EFBA,5
TG-K0W954O9A,4
TG-PCPKJJACD,4
TG-WNSRM8CEK,3
TG-TNMR6UA4L,3
TG-HJTVPGV55,5
TG-2VJW3DGO4,2
TG-ATCXM286G,5
TG-SJ8QHWWWS,3
TG-C3WTC2FN3,3
TG-HPJ777UGX,4
TG-1HY2GS3K0,4
TG-616BQPGF8,4
TG-ZJXD22DJY,4
TG-080LSSF5P,4
TG-0HVUK4DSL,4
TG-X0UUH2V5G,3
TG-W4GTNV9H3,5
TG-QCXAJWP3M,2
TG-NL1TD3JLZ,3
TG-20JHZAR0B,5
TG-ZRPQXZC15,3
TG-XFRPX05XL,4
TG-GKGPHSZ7V,4
TG-K1ONEV2ZN,5
TG-F5OXV33HO,5
TG-89DSHDTPW,4
TG-4EXE0365P,3
TG-OAJE6JQA8,3
TG-ROKA57JXL,5
TG-DNQGL8VTY,5
TG-85TB68MIC,4
TG-KGYMTPTRJ,4
TG-MHST0Z6AR,5
TG-722W5PJPN,4
TG-KXEL0Q7TN,4
TG-ERWUZ1ET7,3
TG-848DV0Q57,2
TG-VK6D7LNMR,5
TG-GX0GRFG5J,3
TG-X4B3J3DGA,2
TG-5DX4T4U37,4
TG-3SN87ASBK,2
TG-D74MRIXLU,2
TG-8EVVOEZU3,3
TG-LJLMLUWPB,2
TG-Z4QHE4JYZ,2
TG-B0J795K7C,4
TG-HHVZHTMAL,2
TG-RED22ASWE,2
TG-0Z2XVLQM5,2
TG-UPU9LJKWB,4
TG-GHX3G0VWG,4
TG-NWL4WW807,5
TG-FTPWPQWY1,4
TG-A8K33UOT1,5
TG-I9KCTVZJR,3
TG-NKYII667S,2
TG-2ZKMEGOXT,5
TG-F3U7F2X21,5
TG-DCOK3DBH5,3
TG-2589FBRKX,2
TG-XY6ZTHVW5,3
TG-B0FQZ8A2N,4
TG-RCKOFJWNN,5
TG-4P4N6J41X,2
TG-OU4X5U96D,4
TG-X2I7LYU7J,3
TG-SDZIJCF8I,3
TG-OOASJFLLE,4
TG-QHRBBUGJ3,4
TG-2AM0U1OBU,4
TG-DM6O2ZBYQ,2
TG-0Q2VIBCPH,5
TG-0N7UYB9N9,4
TG-I1QANV7TD,4
TG-T0TO14DUX,3
TG-06EJ1UU53,3
TG-CIX7VDZ33,5
TG-D1D4QDXUF,5
TG-9ZWLDWCTI,3
TG-HC5MCENF4,4
TG-F3AX9P55Z,3
TG-4MCJW9SFU,3
TG-AFNKRW9XE,5
TG-HWRH5ZRHC,3
TG-M5NM2SDIM,5
TG-UCVF3O8OC,2
TG-151D6KM36,4
TG-I249RUSX7,3
TG-8C35FP1A2,5
TG-IWI11C0ZD,2
TG-PXOSCNMXD,3
TG-LFSXVTQ0I,3
TG-7EH06NK0M,2
TG-TETAQ748B,5
TG-FY94F0MAV,4
TG-6754GWE7D,4
TG-YCYTHVMB2,3
TG-PZDLOC6DF,2
TG-MCAEYY6XE,3
TG-VIJRIZVU8,4
TG-282QQOC3K,5
TG-EYUYW9E9K,3
TG-BLACC45ND,4
TG-XYTMTP78Z,3
TG-7EWL8OSZH,3
TG-J6SYO8SS9,2
TG-9BNDBYK8H,3
TG-563OUW4ZK,3
TG-XZYTVL0LE,5
TG-GNTVXVQTL,2
TG-YYI5H1HNF,5
TG-0M4W0KRJB,2
TG-KN9YT6ZC3,2
TG-GXEOIBRAF,2
TG-5ALRM38O6,1
TG-8EAXF888P,2
TG-EGJSYQXRN,5
TG-ALNHTBX8X,3
TG-EI46MEBF9,4
TG-8UU2WD9PC,4
TG-VOQ4XCD4H,2
TG-GVY9PY1GN,3
TG-IFERRS6K2,5
TG-SNSE588PU,3
TG-Q4DEFOBIU,3
TG-LVFLEIZFL,3
TG-RT9E62I8V,3
TG-37ADSVXY2,4
TG-TLMUFW5T4,2
TG-MQ80ZY0XD,2
TG-VGI87G4QW,4
TG-CV50FHT6S,2
TG-W7ZLHCE9J,3
TG-1KL5YQ7LU,1
TG-RLEKZGFO1,3
TG-MV067XZJF,3
TG-NBITFIKDM,5
TG-UAYNZFCAZ,2
TG-B444INUTJ,4
TG-SCD1GG6ON,2
TG-IBP4W45XW,2
TG-JV23ETS0K,5
TG-JH4Z6CC5H,5
TG-UON0OVQKC,2
TG-5TTEXNETG,1
TG-6PH1QEV6Q,3
TG-Y9P4CYG8H,3
TG-QAHIC1DW8,4
TG-LK2S624K1,5
TG-OA7ERQUUM,2
TG-4HQITMO54,4
TG-NWTHULXV4,3
TG-V938FYU58,3
TG-2J8LZ62XY,3
TG-D41ULFVDT,5
TG-WSZQIRKU4,4
TG-Z1CG6OL98,2
TG-D9J42C862,3
TG-WC0F72YFF,4
TG-8SI1JGY5P,1
TG-ISLN1R0WJ,3
TG-60B0YNVZG,3
TG-422ZKDF3B,4
TG-JXAW1D06H,3
TG-BD0YA69EQ,5
TG-FZFPSKB0X,5
TG-ANNX0QAB3,5
TG-PVWH1T9A8,4
TG-CVJOSNTAI,3
TG-ERWDVZG7J,4
TG-U4N9FDZLS,3
TG-N8G7SGZ5X,4
TG-QCUQPKX43,2
TG-760GBS163,3
TG-0K57BM3D7,4
TG-FT70ZSP0L,2
TG-NTXQBKBYY,4
TG-FO9ZKTT3V,3
TG-VZDL95NKG,4
TG-9H8KIDB3Z,3
TG-W3S2AOJBJ,3
TG-C0MMRBYWF,3
TG-LBUUJ4VMY,3
TG-NP4VA45D3,2
TG-QS0IBMUHJ,2
TG-RTC6SUXKR,5
TG-FMIPNS4TJ,3
TG-L4FFGWB9A,4
TG-J6SE5ASRJ,3
TG-4BVYM0ZYR,3
TG-CLEVRA44N,5
TG-HT2MHK8OC,3
TG-YLDEH59LV,5
TG-SOLM63N74,3
TG-Q4Y8A6VZY,5
TG-K2M4E3XBW,3
TG-AUIY0IPKY,2
TG-R773QH2Y1,3
TG-8JCSZA83D,2
TG-RBY7CI1O0,2
TG-ZIPVTAKFZ,4
TG-O09TCF5TS,3
TG-GUE376NH4,4
TG-FM4O2GUNE,5
TG-8U4EXG9R3,4
TG-OLVTQ0M3C,2
TG-BI75DRPJS,4
TG-78H7M3B4B,3
TG-IMQSI1Y1A,3
TG-5FICSXC5O,5
TG-WDXUKMWDF,5
TG-JVU74QUDB,2
TG-NT5BPUY3N,2
TG-Y6J9PR98E,4
TG-EMPW3V9MA,3
TG-W5WJBX28J,2
TG-SFN09D337,5
TG-FSUIM7P4J,3
TG-GXBGPSFG4,3
TG-S3K0KSN9E,4
TG-LQO0D8CAL,1
TG-2RCNZJJMM,3
TG-E5D4COUPR,5
TG-DHS3GQDMD,4
TG-Y4QFXTYE0,3
TG-GXLB1SS0M,3
TG-N6N0GUEGO,2
TG-JW0YQERP5,3
TG-4P5MYYZBU,4
TG-OYQSYPQBA,5
TG-981JK8BSO,3
TG-FK5WT9K2Q,4
TG-WTTYWNHUQ,3
TG-X1U8OJYSQ,2
TG-KQ7T3D26A,1
TG-9L3HSPJZG,3
TG-8P7R1KQHW,3
TG-KYBQKE65M,5
TG-1LB1P2JF1,3
TG-MJQ7FKJB9,5
TG-O6KQZ5RCN,4
TG-1KBF13FWO,5
TG-9MHBHJKDV,5
TG-I8VTRCAD7,1
TG-XYE9S1KD6,3
TG-G4G6EFH35,2
TG-MEYKWUX06,3
TG-A42SFCS7P,2
TG-6Q9KIFAKC,3
TG-RHRFLNRDJ,3
TG-E77QHZ5SP,2
TG-RQ3FUDUGG,5
TG-AZT1091IZ,3
TG-WW5EUWQO6,5
TG-AH7XX7GQP,3
TG-OIJCF5L5E,1
TG-M68SC450V,4
TG-KUIXFA6LX,2
TG-M2XRAXI7J,5
TG-1LSWUV7LH,4
TG-A69XPSBBH,4
TG-PLC55OQ7E,2
TG-JBEQI6R41,4
TG-6VC845X5V,3
TG-CQ564SI16,4
TG-KMJKS7A18,4
TG-10SI44UVR,5
TG-8CF4CEGE6,4
TG-1QGRZDQ72,5
TG-J0NJ14J6Z,2
TG-U35JT7K97,3
TG-7TJLGKFGG,3
TG-M70GY5RRH,5
TG-Y002AEJP3,2
TG-C4UY872O7,4
TG-XUWD3S5U6,4
TG-3MT5G5E2O,2
TG-AWUJ1UDWP,4
TG-QY7NRC4ZB,3
TG-IYONM6NFS,3
TG-R1Y57PTE3,4
TG-S3E35WI4E,3
TG-CI7J3MY7I,3
TG-AQA34VV4H,3
TG-CEU32FPHH,4
TG-TV7TDDO3V,4
TG-AASGYRTNV,3
TG-56BLN9KR7,4
TG-B17DMSMN8,4
TG-6CKRB7LGQ,3
TG-BJL58WQ9S,3
TG-DCO45EDBA,4
TG-BNM13L70Y,4
TG-APHQISUIP,3
TG-BKN4SW0ZW,5
TG-2CZX4LG42,5
TG-A7PRRA3DG,3
TG-0WG9YOYQC,5
TG-IQ7VGEYP1,5
TG-SYIELC0AH,4
TG-0NHP58GFK,3
TG-HC6VOVLJS,2
TG-9AA0CL3NS,2
TG-PZEQ10FQK,3
TG-OQWA3YT3W,3
TG-M8H1DBLQG,2
TG-CU5USSFE5,3
TG-WC0CEOMS0,5
TG-8WX1B43NM,3
TG-YL4BX6CGC,4
TG-GVZLQBIPW,5
TG-PGZPTW9AK,5
TG-ST9Y137G6,3
TG-XTIY5JXWO,1
TG-MFBE4B2Q9,2
TG-DLTQ3KFO1,3
TG-6ZDEDKQSX,4
TG-JCC1UKH69,3
TG-2SH5N0EAZ,3
TG-5VW9LJIQ6,3
TG-9KD6MZNM0,3
TG-QI812YB87,4
TG-3RJQVK3II,3
TG-U3SZDPY70,4
TG-ESBPY5ZTV,3
TG-T8I6D0VMP,4
TG-5A4SBYQIL,3
TG-FAT4GYMKD,2
TG-RN8E06XM2,2
TG-5VZLR7ZG0,1
TG-Q5RAT2BZI,4
TG-8BXPPM82X,3
TG-5BTQ5T1MK,4
TG-ZN7TYM3AK,4
TG-N5S0EHM07,3
TG-X59G5CZO4,3
TG-K4FJFN5SR,3
TG-DMG2XPNLH,5
TG-TCPKJ2O7L,3
TG-BIEM3P3JK,4
TG-UCLNCBXKR,4
TG-AQJGLRXG1,4
TG-RMSHNS5PS,5
TG-0Z3XT7BH6,4
TG-PAG7PFQD1,4
TG-Z070XPUKS,3
TG-21P6LWBHN,4
TG-1LWJFCCQ0,3
TG-8LH7NV0J8,3
TG-ATBB6JIS5,3
TG-G4EAS1USC,3
TG-R9HS8SYRD,4
TG-S3TN9MNI1,4
TG-3BR9X7EYL,2
TG-UDVC0645Z,3
TG-FFIIOA3C3,1
TG-IAG6YBZGL,3
TG-LSG6Z3IAQ,3
TG-859SS6E81,5
TG-52J9U10XT,3
TG-AQ3SEYWSC,4
TG-HCMTLOJQQ,4
TG-RSB6KGE6U,4
TG-6CENQC1Q2,3
TG-SVMGOQVJU,2
TG-IWT6885GD,2
TG-O1DG18LM5,5
TG-ZTHSG8KX7,3
TG-RDSLZJ80W,4
TG-S0D60JS9X,3
TG-SYM7W5KMM,3
TG-4QK01RIBJ,2
TG-6RQTUCFL1,4
TG-4MXDR9YLV,3
TG-RH4EXJEEZ,5
TG-SPE6ZY3SV,4
TG-WLL4D459B,1
TG-2U0UV14GX,3
TG-9W32Y4HYY,4
TG-OMT2G0RID,3
TG-JVHA8AJGY,5
TG-KB5B3X75S,4
TG-1382BZQ1C,2
TG-XYZ310U5Z,5
TG-57ALE8I69,2
TG-24JRBOO4G,4
TG-03CUKAAYH,5
TG-EPVVH3TE8,4
TG-AU7S3HWYI,4
TG-548YVSUYK,3
TG-88EEA39Y3,5
TG-9RJKORITE,3
TG-313HXLS2B,4
TG-QAW68R26Q,4
TG-WHNJK8KAR,3
TG-6EY7PHW58,3
TG-NA88KK3M5,4
TG-OO3MO3IVM,2
TG-GKQQ74N4V,5
TG-L7I7XD49O,4
TG-TWAV9WBK6,3
TG-UHFI1QBYC,2
TG-O3K51VFW4,3
TG-2DVLMN9FV,3
TG-6QQBJZK0K,3
TG-LU9PEHAFB,5
TG-NU1I0VWUO,3
TG-92NK0QQGJ,4
TG-7CVIVWQOG,4
TG-IHPZPEX5L,4
TG-QE1N7CSP2,2
TG-0A3QRV1UA,2
TG-F6LULYDXW,3
TG-Q15TWLUAE,2
TG-RMH7ON3C2,2
TG-UJV8SK9AK,3
TG-JBWASD4V9,3
TG-OA7XPHSHT,2
TG-SMEEFF1QN,3
TG-Z95QBHHDD,4
TG-TURVW3GYO,2
TG-AOJYIG91S,4
TG-OJWTZ46FT,3
TG-7TC12J94X,2
TG-LDYSM9UP8,5
TG-PZURC60G9,3
TG-ZEPX5TVZX,5
TG-YDX0L43SY,1
TG-O1LW7KVBQ,2
TG-KUT4TRCT5,2
TG-KRDZC5QZU,4
TG-U811V0PL0,5
TG-WP7DWU0GB,2
TG-UOLWVLM8C,2
TG-8XHEQ7YLX,4
TG-NV3Y4EL7W,5
TG-YXVQVWKDX,3
TG-AZU3MXELR,2
TG-3DK0PZF3N,1
TG-26ZIFX68J,4
TG-Q4F7QW7RE,3
TG-Y9XGUK9FQ,2
TG-6MEAZOJGX,1
TG-66KF3F5LW,1
TG-441Y8CCA2,4
TG-8DZ7HC9E3,5
TG-UOUSJT2JE,4
TG-9TW5WAU1G,4
TG-TECOTUHVG,2
TG-ADO1FF2XZ,4
TG-2OGW8SXFE,4
TG-XK0S6AMZT,5
TG-07WRA0N1L,4
TG-YFMQLJB85,3
TG-K2HA5X301,4
TG-3MPBJ0OQA,3
TG-7H2JRPZYY,3
TG-1SQ2U58SF,2
TG-KTLZGI6YI,4
TG-IH9L7158N,2
TG-CU9NNYFAI,2
TG-CX7WU1PXO,4
TG-49WKTJCH7,2
TG-OCB8NPIKU,3
TG-EG68Z2U74,4
TG-9QZ6TCJC0,4
TG-IEFFWVSM6,5
TG-SHPPM1MGQ,3
TG-HTCU0MPDK,2
TG-GBO2RTH5Z,3
TG-LEP1RL13B,5
TG-MXJB38TKF,4
TG-GQ1V1ZMTP,3
TG-1YO4G05VF,5
TG-X8GFBYU6F,3
TG-NKUXU79U3,4
TG-AI7M3583P,1
TG-ARBX85MX2,3
TG-XLPT0ENCB,2
TG-YL35F6ZZL,4
TG-3ER4W3Z0T,4
TG-5NCZK8PRH,3
TG-6DXF9DND5,3
TG-GD63LANLT,5
TG-NH6LTXZIL,4
TG-5XCQXW1HW,5
TG-0PYJT02GX,5
TG-HXJ1FONOG,4
TG-PQE71BFGQ,3
TG-GAY77F796,5
TG-90P1FG230,1
TG-9IWY3Q12O,3
TG-NWNS3GU2H,2
TG-PH01QVSCK,5
TG-DRJRV1DOB,4
TG-J574UN6II,3
TG-5T0DEGEAI,4
TG-M18ADWJD5,3
TG-3SU08DL8Q,4
TG-J6XVYCMZZ,3
TG-MY1ND2LST,5
TG-WLQ1ZUTCJ,2
TG-5LRZB3UQM,1
TG-OID2NKBCB,4
TG-663BX480U,3
TG-OR0L6JEYO,4
TG-5VGCGVL1R,4
TG-MCGJPSB4Q,2
TG-194GP4ZUZ,5
TG-05KB4T6A5,4
TG-64P4JK3ND,5
TG-K4E0S9DQ7,1
TG-8B5N3POR5,3
TG-G4CJSSGER,3
TG-02NKXJUGD,4
TG-VYIGBKWPH,4
TG-1630ATWFG,3
TG-EGAQKNOJM,5
TG-BZZCWM4JH,3
TG-10YDZV2VA,3
TG-MVH9X30PO,3
TG-YW7SXTUT6,2
TG-H8MYD05ZL,2
TG-MY9M8KVVP,4
TG-KFV4HQWO4,3
TG-SGL85AA4J,4
TG-L8ZOJJCP2,3
TG-7G87QH47I,3
TG-T6PV0I7AH,3
TG-RJDSHG7VZ,4
TG-AW3BKKWIO,4
TG-8ZZSU73YL,5
TG-OXVR3Y12D,3
TG-FV2FL1YH9,3
TG-X7H4GE3YG,3
TG-UNCPBGO4D,1
TG-JYC5TGZBE,2
TG-B5R3VEK63,5
TG-EBNSLFUBH,4
TG-63UKD2P9A,3
TG-QVP3IVF9P,4
TG-JZI4EJ8UK,4
TG-A7CJT0VOZ,4
TG-F3BFZ8I87,3
TG-89GTHNTNP,2
TG-GFPEQY6UV,3
TG-PLYVVVQFW,2
TG-1N47OLR03,3
TG-OBEHLD50P,3
TG-LJKY310F8,3
TG-4AEM0176Z,3
TG-L8IV6MFOZ,3
TG-PM0DZSGZG,3
TG-9SYQM8MGG,3
TG-25D19BC5S,4
TG-HLBKBOZFI,2
TG-NAPA6QPP2,4
TG-E55FE87BQ,5
TG-ALTA4TVCX,4
TG-9AY2ZBW7X,3
TG-DWROVMXV5,4
TG-ZJEL3SHAV,3
TG-SV6WSOHXI,3
TG-EU9IXVOAW,5
TG-TGBWTQWKS,2
TG-29MYHA91P,3
TG-18QGM2JO5,2
TG-8D3JX2J2E,2
TG-K6G06OKO6,4
TG-A06BKCI72,2
TG-WHZGDZDL8,5
TG-WUE0FOUGV,3
TG-78L7KE5PN,3
TG-A5LPD4G9G,3
TG-41DS1JJ4J,5
TG-W7L5O9938,3
TG-RYWR5U83Z,2
TG-X82YP8UW1,2
TG-CL84ZUDH3,4
TG-OMMPRXS2Q,5
TG-UWN7R7FJZ,3
TG-8Y7H6XGVK,4
TG-O5RDD2PRO,3
TG-2I9D6VNBD,3
TG-8QAT0EKHX,3
TG-BDGVF5GG5,2
TG-W84UI25VS,4
TG-KHLL3J6ZJ,3
TG-XKV6GJZME,5
TG-R121C2YIS,4
TG-3AH1W9W96,5
TG-XTWADGAQL,1
TG-ZWD2X1DPN,4
TG-VY972CROC,4
TG-SDDP5K07D,4
TG-L3RQ0ER67,3
TG-PJHI565NQ,1
TG-45U1HWX32,3
TG-W4QGTL9CO,3
TG-ZRL8NDO9V,2
TG-XDCDK4MUZ,2
TG-IAO8KOWSO,4
TG-PRER9GHLO,5
TG-OJUR4XIRF,1
TG-GAUQTRCZH,2
TG-0OM9BFP8D,4
TG-FZWTL8I9I,3
TG-AS5N0FAJD,3
TG-1K9CZX2HI,1
TG-1TEJHYZMV,5
TG-ME7U0MXL9,2
TG-29O203BIV,2
TG-ZOZQC9EWV,5
TG-Y961GSYMW,5
TG-B0J3T4N7E,3
TG-SEAMCP2IU,3
TG-0T582XC6H,4
TG-G1KOYW5Y7,3
TG-3L02SR3T4,3
TG-5TOHK6UQF,3
TG-YNEGIVCIN,4
TG-LWFNVAT0H,4
TG-05JVVTEXJ,3
TG-FYGPECAA2,2
TG-5U3QPVJQA,5
TG-Z594QWI9A,2
TG-JKTKQMLT2,4
TG-XEOBO5WOK,3
TG-ILZ42F0C1,3
TG-LBJFESG20,4
TG-TI8W6TMX3,2
TG-J9PY7B0PS,2
TG-2BIH616GS,4
TG-E0UFM8FAQ,3
TG-OQBR0A1JD,1
TG-72M1QQ93L,2
TG-6RUS0IDHG,3
TG-NW30VN5SL,2
TG-XIAMAR8XZ,4
TG-Z6VYM1SXM,2
TG-J5VN8FB6U,3
TG-K09EPA5KL,2
TG-KQFRGN6W7,3
TG-4X6VD5YTA,4
TG-BHB46HHTK,4
TG-34DVLW08U,5
TG-EERT0L5DY,3
TG-U6LXVNJ99,2
TG-MIBNVRKDR,3
TG-TXHHUMPIJ,5
TG-XEM4DX9CA,3
TG-DXOTLRTZE,3
TG-O5BU7F6AS,4
TG-7JTXEEA5U,4
TG-FOJFGYACZ,1
TG-PHUB1BVO6,4
TG-YO1Z6GCCY,5
TG-Y28A43PO6,4
TG-PS4EV476A,4
TG-E4LM00XY1,2
TG-MDH8R5078,4
TG-6GVF0L8SO,2
TG-HYKM6FY5O,4
TG-20B6HBBR9,5
TG-UFLYEHRVU,3
TG-HCSDE0H3G,3
TG-JFFFJGYA5,5
TG-RJS3YHVB1,3
TG-XB42OO0FL,4
TG-TMIOC6ZPG,5
TG-WIC96ZS9P,5
TG-2Q2GQZ5VD,2
TG-75D3BKIHF,3
TG-78D1TITK2,3
TG-NVHUCYAU6,5
TG-5UYSE3XAH,4
TG-0I5HIQCIM,3
TG-ZGNP34MR3,4
TG-VHK5RDDJ8,3
TG-51BE59VED,4
TG-AOHGW3N4U,2
TG-HJ5EG2TQP,4
TG-69Q3NKVQB,3
TG-15QY1YE2A,3
TG-MOS1O78Y7,4
TG-6CZWODBM7,3
TG-C0XRJCIG6,2
TG-TBK5B91C9,4
TG-4LSKCGGQF,4
TG-Z9T0FEH90,5
TG-CEDCUO528,2
TG-9PG612A75,3
TG-RZTD42VHQ,4
TG-BIJXWWHI3,5
TG-7STM124QX,5
TG-0QPH01SDI,2
TG-DF4QJS88M,4
TG-0NBM735Z4,4
TG-2IL6XMNNW,1
TG-3XXGMRBTH,3
TG-EHEXQS89R,4
TG-X86NCH7VN,4
TG-NMCANHE0I,3
TG-YPWZA4KWO,2
TG-1W1OX00NO,3
TG-RKHSDT44C,4
TG-S72RPKVP1,4
TG-STNXHVK4T,3
TG-CN9YZHSNB,5
TG-F15Y2VY5I,4
TG-N77OQOZCH,3
TG-O23HEO8SY,3
TG-S8G6DC20C,3
TG-UZYOBM7Y5,3
TG-HFKO4LKC5,2
TG-VNIJWH8R9,4
TG-WXFIVKI6D,4
TG-ACBPVWTPX,4
TG-TSG19W38V,5
TG-KXW9K9EGW,4
TG-2TSS4M67B,4
TG-MYFF8PFI2,4
TG-AJ4GIKBBR,5
TG-6JX14RN0C,2
TG-NIIX0OV8I,5
TG-7K32167O1,4
TG-SUULCU8IJ,2
TG-RTQREFN2M,5
TG-BZ24Q55WY,2
TG-UB9089P4M,3
TG-5OLFVL2JI,4
TG-OET58TC6X,5
TG-4R9CRUWJL,2
TG-XD5SJPEZC,4
TG-OEE9QX449,3
TG-07ZRDNEYX,3
TG-7LXHOO6WG,3
TG-JYHIYWMTE,4
TG-6MJFXAJ9B,4
TG-08C0FNZWU,2
TG-A3I766XJ8,4
TG-CFO1KM6V1,2
TG-SJJ0JJ9PJ,3
TG-BGPSCGD4T,3
TG-GQF4N7QL8,3
TG-4QMSOEIDI,4
TG-MEBC3R2HK,4
TG-YE4ABPZ3W,4
TG-9EM6MPEJV,3
TG-4RLLN94UG,3
TG-0MDMO7TA9,4
TG-NMY4BW9EP,2
TG-D4LLLR1Y4,4
TG-LY1QABUVL,2
TG-LUAIG2ODD,4
TG-OG30LIUL9,3
TG-0ITLV133E,3
TG-UH3VTFQYH,4
TG-S8ULWMRZG,4
TG-7K355UG1I,4
TG-GHP6DGJCF,4
TG-APJL0PZI3,4
TG-E6PTR0YI6,2
TG-WKLKDEL8J,5
TG-EUONNYWEW,2
TG-HYRVFEWS7,5
TG-T8BHS90OU,3
TG-D9SSY9HVC,3
TG-6EPQ5SB3K,5
TG-X7BF4VVMK,4
TG-6T4PWCONH,3
TG-KHDA4EWTU,5
TG-BLB9PVZKB,3
TG-VTVE9JK50,2
TG-FJK0GGHV8,3
TG-3G0OYV55Z,5
TG-D0JP4BOCF,4
TG-0Z9L5N5QR,3
TG-TFAHUS5UE,5
TG-TCOQGN8PB,4
TG-AWN9ELDPL,4
TG-GRQBSZTVF,4
TG-JP9BN0IGC,2
TG-3IVRFXTSH,4
TG-DX5NU7YTF,5
TG-JVM7M158M,3
TG-JFW0CB7U4,3
TG-QDT2WZS8G,1
TG-MBGG0K2ZA,3
TG-0XC3MRNBQ,2
TG-LF7WX2H7U,2
TG-CG3RQA8I1,4
TG-WASKDSX9N,2
TG-763T29JMS,4
TG-707M5UAWD,5
TG-DI0UVTAUC,3
TG-BNHU57H5I,3
TG-EUP05CDH5,4
TG-O5FZTKVJ3,3
TG-BGVXFU9QG,4
TG-AHUGA7YX6,5
TG-APGJGZ4XH,3
TG-E1CFBKQGC,3
TG-QVF0EZZH9,3
TG-FPR2N1QNE,4
TG-RZ55G5MUG,5
TG-Q5Q7DEY4P,4
TG-KW9SM7XMJ,2
TG-4A96N4F5H,3
TG-PGOJ0ACDZ,4
TG-VKUNI8LN5,4
TG-AZJW4S6W2,4
TG-JENXUGQBE,3
TG-T210AJVTH,4
TG-KHK5YDZC0,3
TG-OZTJPQTTG,2
TG-5ADOWPWFM,5
TG-XGOC4ISBS,2
TG-QTOLBBP4B,3
TG-8PV79BE7C,3
TG-VCJDJJD2V,4
TG-1F8SORUXG,4
TG-7T5S5N6YK,4
TG-5B4T96CL0,3
TG-0SIR7KJMG,3
TG-A4INST1BT,2
TG-0067G9332,2
TG-TTB0KINRS,3
TG-TIUPCA0KD,4
TG-JF0XL03KS,3
TG-UWMWJV82V,5
TG-G7T06J6ND,3
TG-6YYEY64C5,4
TG-XNEFCPVZZ,3
TG-1YBD91FK7,3
TG-NZTD9Y71P,4
TG-N6N0J8QNR,3
TG-YAEXA92VK,5
TG-015QZF5RM,3
TG-KMG9OC2UX,3
TG-D6OUN48UX,4
TG-PFGQPUUO8,4
TG-ZY9E8RWI5,4
TG-N74EFUCGR,2
TG-64WYY0VYA,5
TG-T6TG6ZLO4,4
TG-YO1HEYOX8,5
TG-EPNS293M1,3
TG-J44VSQI6X,1
TG-ENV6ULWJE,3
TG-LSDL0YTGF,2
TG-6EJHB6SS2,3
TG-65K23LFKJ,5
TG-WD0BSYT6S,5
TG-LNV87CIVP,5
TG-S4CNYSIIH,3
TG-XNH5H5ONW,2
TG-2B8FI7L3Z,2
TG-YYT7IRHVD,2
TG-MLFBU71PB,4
TG-3D5VD9T41,3
TG-75UANCGD3,3
TG-AH2RHMSUL,3
TG-E6P4ZWIUV,4
TG-DN0NXCQ6Q,4
TG-JNR7XH2NZ,4
TG-HLD080PRZ,3
TG-AT66QDQGW,2
TG-T4JVIC22Z,3
TG-IV6O60GZG,1
TG-5OUC18G1L,3
TG-EZQO4ZHVT,2
TG-XXYCGP1Y1,3
TG-QB0E66WQZ,3
TG-BB37HNM2I,4
TG-9YKD0DHMF,4
TG-4CRDZQNYI,3
TG-I3Q0YAH0I,4
TG-DWR7P9AZY,4
TG-1F4LF4Q9U,4
TG-3ALP2TNEU,3
TG-VCWWK826E,5
TG-VZPKEZ1BD,2
TG-A2U3X2JNF,5
TG-OWLXRO851,3
TG-A4WT9PSSV,5
TG-UF73HCMRL,3
TG-9TAQAGW2V,4
TG-EGBN6XW2M,3
TG-F1XE8UROI,2
TG-L2M5YTOU9,2
TG-L9NM5LYZC,4
TG-2E3Q7SWW0,3
TG-Q6SZWR5ET,3
TG-M7XKH6JQ7,3
TG-NQA82A6IJ,5
TG-UKDFELVN7,4
TG-5LVNL1N2I,3
TG-I7OKBRJ3O,2
TG-QXLDT96MU,3
TG-MJ3MUKOXC,3
TG-7QQLO7W48,5
TG-L7H17Q8F8,4
TG-HRVCP7U2U,5
TG-RKF4NV1B5,4
TG-RF2NEEJYP,4
TG-ANR5TSN62,1
TG-ED5QC741F,4
TG-MOEGW3ENP,3
TG-F4KYEWB7Q,5
TG-QMDHIIAL8,4
TG-M184TVAE2,3
TG-1HUXHJN3H,3
TG-MQNE86ZBA,3
TG-3KTKOP83M,3
TG-5OZWUZI94,4
TG-N6490AF1R,4
TG-P0XJQE8AM,4
TG-EDIFN0RD3,5
TG-VT2GY6DFX,3
TG-4BB1IRI3F,4
TG-WTOO30DZI,2
TG-C5ISUWEP1,4
TG-GJMZE6PDA,2
TG-JY6QQQAT2,5
TG-D2PE8S1B5,4
TG-F1W4TSCBS,3
TG-TSNLXDYHO,3
TG-2PT9CWA6E,4
TG-0K6BB7HHV,4
TG-5BKOWX7EK,5
TG-4YLKZHEBG,4
TG-5HPUDID4T,3
TG-JBOO71HCS,5
TG-25BAO32OP,5
TG-VGBRSINNU,3
TG-613ENOKBS,3
TG-8OH0B9KFH,5
TG-UBML0OMW7,4
TG-NSZ3JCS5J,4
TG-LBE01IG2K,1
TG-PQQO9I0E1,5
TG-LN9XQ1T93,3
TG-0MQXJB34N,2
TG-OR155VP51,4
TG-EP2D7JXJU,2
TG-SKSJU6WD7,3
TG-JFPY83BP6,4
TG-FU2WMI2IF,3
TG-KDLCXMDM0,4
TG-DPX6K7EF3,4
TG-PMZ7EY6HA,3
TG-VAM1PN7B1,2
TG-D7URIHI99,5
TG-JK5E2KG0F,4
TG-5FJDM55S8,4
TG-5WG3UZKPE,3
TG-G43YT7FNU,3
TG-RY70V8Y3Y,2
TG-8BLP87E5H,3
TG-G4N3BVP6K,3
TG-RYL9FI8MS,3
TG-2LG9KOQO1,4
TG-NVD2O95D5,4
TG-M7XVACOM2,5
TG-Q018766H7,2
TG-B7HTF6N9K,3
TG-MHLD64FR1,2
TG-KML0OJKOD,2
TG-X4NNFHQSS,1
TG-PGCD7T8X2,2
TG-HQ6HA10RI,2
TG-CWC1GKF1H,4
TG-UB3ACPQT6,4
TG-7ZWGM6BIL,3
TG-R6A8YW2M9,5
TG-95DBYYQS7,4
TG-29UPINXP6,5
TG-G4Q1VPUG3,3
TG-83WEPPPHV,5
TG-L786H0KKR,4
TG-XHFEPRSZU,4
TG-1M9U8OPCB,4
TG-XRO4R91CY,2
TG-NG5VYEA0F,4
TG-WQS9J8Q6X,3
TG-M1AN5CUF5,4
TG-WWAQQTPPR,5
TG-LT0WGXW0S,3
TG-FAWDSI3NL,3
TG-ESWUNELRM,3
TG-0W7I7QDYV,4
TG-9HBOHWZHS,3
TG-PDJXNPJ3P,4
TG-JEZ0PWCYL,3
TG-HGK7WZSYS,4
TG-WEJ4N7LPD,3
TG-VF6VCLXL8,2
TG-M23SVX72G,3
TG-USEH1ZE5G,1
TG-OD1Q3Z4AN,4
TG-6OAU11L8M,3
TG-TQN3GPRH9,1
TG-16M9S3N0K,5
TG-NC02B6M81,3
TG-AZV4NMIQE,4
TG-POU8YCBCA,3
TG-ELK7636G3,4
TG-QRA7529TU,3
TG-SQMNPV9JL,4
TG-DI3C0F7J6,3
TG-TH23K3JLQ,5
TG-SY9HXZOLH,3
TG-MR7ZJGHCX,4
TG-116OQ4Z64,3
TG-4YDV8KSDD,4
TG-4UC6QJFZU,4
TG-4YC314ZCW,3
TG-CTJQ7JFSR,4
TG-97XA3L2V2,3
TG-FJFSLOSTU,1
TG-WBJC2AVJF,1
TG-V63IOZ2AF,3
TG-DD0RABSXI,5
TG-0DE4A159R,4
TG-3TUPE2JD7,4
TG-7KNVKVM9A,3
TG-FD2WTUO6Z,5
TG-URQ1O4KZ0,3
TG-IWAL85MO2,3
TG-YF80UD9AD,3
TG-ML1R7UIEZ,3
TG-NQJOKZTSD,3
TG-4FNBNIAEE,3
TG-B2P6H11Y3,3
TG-B06JEW63X,3
TG-JK67CCVJZ,2
TG-RYVFHV3FF,4
TG-CAYEPDZ1A,2
TG-RRD8E9585,4
TG-FSM39RQAF,5
TG-O3ZXLS99U,2
TG-KWC2E0TQS,2
TG-BB9X5VJWY,3
TG-YOKLFHVW9,4
TG-BCJAQ1SMV,5
TG-PCJBU04JI,3
TG-IR1L4CSQ6,1
TG-IOK5AGLG4,5
TG-FL17HL29W,3
TG-CQNHWK5GA,4
TG-2NOH7CZWE,5
TG-QY45MTF8K,2
TG-CVKOLYVG5,4
TG-V89NZFVHE,3
TG-859MQYLDK,3
TG-NI67U7S5W,3
TG-ZJ8U3TTN9,4
TG-9DTTHDEX3,4
TG-O93FN2HF8,4
TG-ZSZEVO5FR,5
TG-JFQSZ9WJW,3
TG-L9WP2CKIO,4
TG-3A16CA2RH,2
TG-V6MJKCINW,2
TG-SQIF6BRUJ,3
TG-DPFW4E7NH,2
TG-CFP97EQZ4,4
TG-F9W3K6W3C,3
TG-OIYMLIACH,4
TG-EXWDDG30T,3
TG-NJRNSDNHF,2
TG-6E0XMS9P6,3
TG-Q6IXE3MJB,3
TG-2OI3JT27S,3
TG-9LUNNKQ02,1
TG-CK1IAY6JD,4
TG-UMMTL5AGW,3
TG-K6ZY8XVAD,5
TG-EQB6041W0,2
TG-TGJY8TBGI,3
TG-L2YK8A3MS,2
TG-DKP9F8RHS,1
TG-7A7W8RZR6,3
TG-ETWDALSZB,3
TG-WE2KE7T18,3
TG-U0LJZU55J,2
TG-1O8CNVU5M,1
TG-5TNG135LQ,4
TG-4LTI5XWSO,4
TG-BSX2B0WMX,2
TG-R2WFLQLUX,3
TG-FGZHKR6OW,3
TG-H16QENILW,3
TG-KFWTY72R0,4
TG-4P6ZQU1HD,3
TG-WAJPBTZNN,3
TG-R5OBBHF65,3
TG-1HMXPJS4T,4
TG-9P60YD27X,4
TG-IMQ1QYVUF,4
TG-MGUA5YVX2,3
TG-FC7KPPDQW,5
TG-SW8HELHFF,2
TG-U74XW8UN3,2
TG-YY2GZFK4C,5
TG-SDFWQNX0A,4
TG-1B21CCR19,2
TG-2PPNIMI1D,4
TG-430ARU1VZ,3
TG-Z603JJGVH,2
TG-UO1JWDHSD,5
TG-QWTU9GSAJ,2
TG-5GY8BLRX5,4
TG-W2DDSKCG8,2
TG-K0UZHVKRT,4
TG-HG0OFRIOO,2
TG-OIQXMSSW6,4
TG-KJE55P26W,3
TG-636YFMJZV,2
TG-0J1CQ6PYV,3
TG-XZW7OIH0K,4
TG-VTKSOQQEQ,4
TG-9K4MNG4PE,5
TG-ZYZA6RUNJ,4
TG-U779VU8V8,4
TG-E0P8W6XFT,5
TG-X5BT6EDHI,2
TG-AD4C22XSY,2
TG-FJSNSL9KK,3
TG-ZBILIUT21,3
TG-HUNMW7HKV,4
TG-6Q2D9FSZH,4
TG-LAV81SJ5E,3
TG-AEANU5CXN,2
TG-UOKS2JV6Y,5
TG-CXB2EYBQ8,2
TG-QTTKMY55P,2
TG-VN1P4AVWU,3
TG-5Z4RV6APB,5
TG-X7HXQ16VN,4
TG-2JASBWZDR,3
TG-XB1KPC51T,5
TG-8EKC0LUC2,1
TG-II9Y70G96,4
TG-5H3D3AIU7,5
TG-V8764EBJJ,3
TG-FH5TSHAUM,4
TG-1EX9XHQOW,4
TG-UWZGLDO0M,2
TG-9YGGF0NGE,5
TG-TUFUTNKX9,4
TG-PRA13UOVP,5
TG-9Q95OZWNN,3
TG-6VMHBRDFX,3
TG-4C6S9JD9Y,2
TG-C1M2UHAV2,4
TG-1KMSB3P27,3
TG-CKD5IZ96T,2
TG-KTLX2TSB2,2
TG-MMQX75GX4,4
TG-HA1HMQ160,2
TG-8OBAT8Q92,4
TG-S7LGUE7DL,3
TG-PTURBGJF2,5
TG-QVM0LHLA1,3
TG-UAOLI7E5C,2
TG-LEW0BBX9F,4
TG-HW7AK4IPA,3
TG-MUOD53XP2,4
TG-5BLZ0MBTW,4
TG-422FJG1DG,3
TG-CEQB90RSB,2
TG-ETS0W286V,3
TG-36AUQ1DT2,4
TG-YXOHLSNZ9,3
TG-3YSK3B9Z6,2
TG-ASA8FCCCY,4
TG-0XYSEIE54,2
TG-AV4SUUP3A,5
TG-XFGOVQLH0,5
TG-A77BEZ5K6,3
TG-KRR2YW3P7,3
TG-K12GYFVZC,2
TG-Z8E17VBT9,3
TG-NWP3LLEEA,4
TG-F2D7OJ5FA,2
TG-G8I9BICIB,4
TG-X6F2GQAN6,3
TG-ULZE2M1FA,5
TG-5UX6ZYD7L,3
TG-83ZJS2JML,4
TG-07XL817HV,3
TG-A0R87E5RK,3
TG-ZJ2TR7V36,3
TG-6N7RXZ9KQ,4
TG-QGG2P70SN,4
TG-QFPT0YG5F,3
TG-G01MMKIRR,2
TG-8BR9VBFC6,2
TG-6IH8YKX4S,4
TG-Z42R9F23U,4
TG-UBDYBFZNU,4
TG-TNJB3AR36,4
TG-BYS4LEWM9,3
TG-3OQZACK9N,4
TG-9YJRYVMZ2,3
TG-SPSCMU66B,3
TG-PLWYSXSSV,5
TG-ANV4ZKLQT,3
TG-L6TY4AUTI,1
TG-H1PI9YF16,4
TG-8EVYVO6GA,3
TG-L1WMZOWNR,3
TG-2W2M30Y5Y,3
TG-5EY7AQISJ,4
TG-PTAJT5EWX,2
TG-R3KH7SYWZ,3
TG-BEPEXR4OU,4
TG-BJGCK73UV,3
TG-FRAA053P8,4
TG-4ARNWS2LG,3
TG-62J5HDO0H,5
TG-EK3ZPR7QE,3
TG-O2LJ2NYS5,3
TG-TRCAWMIMO,4
TG-Z37S364R4,3
TG-0RCLPW4MC,4
TG-QZ4R7WLP3,2
TG-MBSTFEYLF,3
TG-MPGB2EXE7,2
TG-KS9U6KB3Q,3
TG-T8GWTT5PX,2
TG-35S6JPNUJ,3
TG-DHENNQMPP,3
TG-6RDRG737I,3
TG-9M1PHPK4R,3
TG-G9PUUVD4X,4
TG-80ZDI9PIR,2
TG-C005Z2UNW,3
TG-E1Z9J5VEB,4
TG-T79F77MEL,3
TG-33KWM0T9U,4
TG-T3W0VCK08,2
TG-ASOZUMKV2,3
TG-VV4JSKWZG,2
TG-PSR2YKA4R,3
TG-YK39RKE0U,3
TG-7DXP3JARL,4
TG-9WFQDPYOR,4
TG-GSU89S7ZM,3
TG-GUCXSPH66,4
TG-K0DPDBEUT,2
TG-B9ZLJ52XT,3
TG-U1F9PGQNK,4
TG-GIS9N72A5,4
TG-R9YKDRGSN,4
TG-M4SVVNOUT,4
TG-G239YOT7X,5
TG-P7ONEO0F4,3
TG-37OOCUXLO,2
TG-MK0B163WK,4
TG-DZ101PTR5,3
TG-DZHNA3YJ7,4
TG-S9MDIPB4R,4
TG-5GJAO4MUT,2
TG-ZC46L0X5N,3
TG-3W42Y5R2K,4
TG-SMI2Q0GSV,2
TG-Y7HHFQ09D,3
TG-04EMSCC9B,2
TG-19F4G7WX6,3
TG-9IJXC2OPU,4
TG-H7S1C8OYE,3
TG-WLRUSLHC1,2
TG-BYRJ4JWLX,4
TG-EEOM190GK,5
TG-A9AW315FJ,3
TG-VBF851QAU,2
TG-D4R3DWPEQ,5
TG-ZCGPFGNY6,3
TG-AHYC64QMP,5
TG-0VKU3UJ0S,3
TG-KZANAQMX8,3
TG-6CLB2LQ71,4
TG-878OXC9XN,3
TG-F4BN4TM4L,3
TG-HJLFL3IMK,3
TG-EER9JFU2T,3
TG-C64RMYMYS,5
TG-GUFAWMBCJ,3
TG-AJ0B2V5ET,3
TG-FLY7AWL3J,3
TG-RRKJG4KY8,2
TG-M6MP1K9LQ,4
TG-6BN7OASKX,4
TG-WJOFK8X4T,2
TG-RCBT1CW2C,3
TG-WKLHP2D52,5
TG-34RD5B4RR,3
TG-9O09OOIYT,5
TG-GJUQL5ISW,2
TG-BFF7EYC2X,3
TG-NOM00H0CV,3
TG-31O5D4GEV,3
TG-FZOR92FWB,3
TG-1WDBYRC4Y,3
TG-UKCFZPNRY,4
TG-TFWGKX89K,1
TG-B43Q5NS6C,4
TG-ZJC2KZQI8,1
TG-6NN6XAD61,4
TG-W0QNGPQ6N,5
TG-5K3NRR9DB,2
TG-A1FAN8KS2,4
TG-UBEHHCGCK,4
TG-24WG43JN4,4
TG-T2K3LL1SZ,4
TG-YLE1I01N0,4
TG-C5CFUW7SV,1
TG-CHPS37WTR,4
TG-8A3ZXZL7I,3
TG-78T3UDIT3,4
TG-J2WDQLUFS,3
TG-7SJBQNCWT,4
TG-SYNNL8RHQ,3
TG-R5VL8FOXY,3
TG-DWPQDVOPL,3
TG-MXHXS9FVD,4
TG-3PHMU3DGM,1
TG-YNS1GTBBR,1
TG-KNE1ZGABE,5
TG-4USB2774A,2
TG-7YC6C1221,2
TG-XBFK47XDW,1
TG-ZE1CH34PV,5
TG-GMPEIU7JT,3
TG-P4M952F9G,3
TG-WNCZUCUOB,4
TG-XZRY2VZ8S,2
TG-F1KJPIOT3,3
TG-YL2GM9IZT,4
TG-FRYAWYON0,5
TG-4I43PG477,2
TG-FIZUKJYEM,3
TG-T104JHN94,5
TG-9DFY82C5Z,3
TG-XNUXWZSNZ,3
TG-7U9O1EH4U,4
TG-SC38A3YAP,4
TG-P18WP2QU2,3
TG-26SX14VEO,2
TG-LC5RNBHJ1,5
TG-QEMO5VU6P,3
TG-X192PE849,4
TG-CEMM3QZ0X,5
TG-PH81VYBZE,3
TG-S13I87DMC,4
TG-U50U6O5VG,4
TG-O6YXJCIQ0,5
TG-4WE9QSVX3,4
TG-0A85LUOH2,4
TG-74ZVA1807,5
TG-1IEVE9LAS,4
TG-CAF06AADF,3
TG-BH9I18B1Q,3
TG-XTOAOA9UY,4
TG-HFNUX8E5R,3
TG-IZW3KEU96,3
TG-KT4CCG313,4
TG-5UG6EPJKT,4
TG-UX4J4KPTV,2
TG-AUA3AHR2G,3
TG-GO2TVB793,5
TG-55YACKLKJ,4
TG-XW3K8HR63,5
TG-HX84UGO1Y,3
TG-LC981JEVW,5
TG-7VNLADSDY,3
TG-YL1WG8C74,3
TG-Y0E32B10F,3
TG-RPKOREL76,4
TG-LI5EFOMT9,5
TG-ZP7JY61PV,2
TG-TH2U4H1DK,5
TG-KN6SB0ZCM,5
TG-CYTLHPB15,2
TG-VGSGXQF9Q,4
TG-XW8LFCTSH,3
TG-DJCMAPZZH,3
TG-WTOMOLS7H,3
TG-6P88RZ5ZH,3
TG-0VGP3KG7H,3
TG-AX68EKRRF,4
TG-8LX132483,2
TG-YFFBLJCAL,3
TG-SWKT0X8ZU,4
TG-NE0SU93MY,3
TG-RCVAQTSNR,4
TG-7CSXYQHIS,4
TG-H79KL59WM,5
TG-05406ON4Y,1
TG-2QF0J6B06,3
TG-M3WHHLKBV,1
TG-NV8X57ZBZ,2
TG-C64R8NISF,2
TG-SS8TR7CW3,2
TG-8DGBPYTHV,2
TG-2W0CLZSHB,4
TG-7ZTGZG6W0,3
TG-5P0OAGXKJ,3
TG-HSVALF4W7,2
TG-OSXEXFXB0,2
TG-TPC3KC7UR,3
TG-UY7CNHMO1,4
TG-9CBGTR4HP,3
TG-W36W93TT1,3
TG-5G1UB7H4F,2
TG-862FC0L85,3
TG-JN9LENX68,5
TG-ZJ5818Q8C,3
TG-6N5DE5UJM,4
TG-376MKIXY0,3
TG-BJP62RFST,3
TG-DRUH6198B,3
TG-L62252LDR,4
TG-HXW2Y21XZ,4
TG-76418UUW8,5
TG-35AZAKZOF,4
TG-T3RP0OCC8,3
TG-64F71F8Q3,3
TG-EDOA5NSRL,5
TG-G2QBL9NLQ,3
TG-PE6WV3OG3,2
TG-RCNWB2R31,4
TG-8M7TVCJWI,3
TG-8GXC2TI57,3
TG-B3WDHFOON,3
TG-BPX93EEBL,5
TG-WK8V7VLIN,3
TG-PWOY2GUCV,3
TG-TYAHPOOQL,4
TG-CXWN9DA2H,5
TG-EG656FLKC,3
TG-E65AW522C,3
TG-0S7BPKHQY,5
TG-6ZHZ8UPBB,4
TG-0X6FW0IT3,4
TG-XJPL971GI,2
TG-2RPF83G7N,5
TG-W5BOD53JN,4
TG-I6RYPVG37,2
TG-ZY7MHP5QC,4
TG-CSRO4DHGH,4
TG-99184166Q,4
TG-PJS3DT210,2
TG-7EIOX66VN,4
TG-GHPRQ8WMC,4
TG-ZFWA5JBWV,3
TG-6Q0AHTFCZ,2
TG-4SGW6F39L,4
TG-RND2RFMHO,4
TG-0PH3EEFSI,4
TG-EEMUYWOLB,2
TG-Z965OOHW7,4
TG-S50OA4CHE,4
TG-TRTF4URV7,3
TG-H9VP6J0GH,4
TG-47XVP74ZL,3
TG-P6JFPLNGI,4
TG-BSIHAJHXM,5
TG-YI8ZZXSMT,3
TG-VDBXY2SNP,2
TG-GIFEMFIPX,3
TG-K87WYSBPO,4
TG-MBZBI7ECW,4
TG-RCARGB23H,4
TG-5EJJIK35O,4
TG-JXIBFQDMQ,5
TG-7SIXARS4J,4
TG-CNXFKAR6V,3
TG-31FP4TE0M,4
TG-GDU7I42IG,5
TG-LI1QNNDQY,3
TG-2MR3G7OP2,4
TG-JRUTF2DAN,5
TG-JGD6XC34I,3
TG-9DV2YKQXY,4
TG-IUE5QMJL7,4
TG-7YPMX5FSA,4
TG-GYZDNZHR6,3
TG-A64U0LYKK,5
TG-9ZDJHSY7C,3
TG-RXOIA3BQH,3
TG-M71CN8S4S,3
TG-AC8VTS1SA,4
TG-I1CL575J6,4
TG-5WCPFKVP3,3
TG-4WI979T7Q,5
TG-LT99Y6WHE,3
TG-16LLDAYK9,4
TG-97AFQPXNC,2
TG-BRFJADQO4,2
TG-UX8GPRSS5,2
TG-HP8PBY89H,4
TG-BT2TMSS3L,2
TG-RONEY0O22,3
TG-FI3IDYHUU,4
TG-3QA4VD9OH,3
TG-Q3AEVSSN5,1
TG-9B5V957Y8,3
TG-KHVORKG6W,3
TG-GICWC9V6G,5
TG-PQCKX91DI,4
TG-FHO5ZM8PN,3
TG-62W7T2I0N,5
TG-DQ19OEU1D,3
TG-NU3PBY8T8,4
TG-K91H6OGRS,3
TG-QZ7DQGOX7,4
TG-WHTME4VSM,3
TG-B7YZIHU6V,3
TG-6OFK75LRY,4
TG-T7JEOZL75,4
TG-DJBS7ZH8X,3
TG-M05D7NZB9,1
TG-KNXBCY43Y,4
TG-G74T62U60,3
TG-7EDXOBF4B,5
TG-XH5IMYHSM,2
TG-U00MTD1DS,3
TG-7OYY104WI,3
TG-7A1BJD2MR,3
TG-TVAX08ZBT,3
TG-K13FOU1FF,4
TG-ISENVU2N6,3
TG-Z7T367A0C,4
TG-VIGIG2G75,3
TG-TZXO20N7Q,5
TG-Q3S3TJWI9,4
TG-LJ9PJMT8G,5
TG-UQ4QFIB5E,4
TG-V4DAI5MZF,5
TG-YONLQAEAU,3
TG-9VOXIILKE,3
TG-NY4VRB2C2,3
TG-ZO2WHDDDH,3
TG-TD8A2YD7L,5
TG-POG68TDHR,2
TG-OCNTSVY60,2
TG-FFL2G3J8U,5
TG-ARB6HVEJJ,2
TG-M9Q109LU8,4
TG-YT6DGV1J0,3
TG-9KZYCLG8A,5
TG-AABX4X87P,4
TG-HU7EJ29WE,3
TG-Q9W24O14H,5
TG-FFXGTHX4C,5
TG-WE9029L3P,4
TG-YR3HA7N2I,4
TG-GVPL86AU4,4
TG-PN5SENQYR,3
TG-WQUPSSF1R,5
TG-1C4HJVNWX,3
TG-GFM8WBINA,5
TG-05EF30F6E,4
TG-CS1GLFYWB,4
TG-2SF6D27CR,3
TG-U1SBRMCVL,5
TG-DJ5LB3H4A,4
TG-JL0K7BXHB,5
TG-EO7FC3NNK,5
TG-JGZ5B6PX0,4
TG-F0WDYHSZU,3
TG-GG6NEQQTX,1
TG-57BUAETG3,5
TG-R6E2C8G4W,4
TG-2AVQCIYF6,3
TG-E5LG2ZCFW,3
TG-EVYDYM058,2
TG-DLC74LX55,2
TG-3MNKEUK35,4
TG-Z5BQO7OXP,5
TG-LV40Y21Z8,5
TG-TFJRPFTWG,4
TG-0BBL3FZ6P,2
TG-RUZNP4AWL,2
TG-YP0LLF7MJ,2
TG-J6TA7BL79,4
TG-K5YS9CYY1,4
TG-WOF00CSNB,4
TG-A9I8HIVAL,3
TG-5XWUX07FZ,3
TG-379GF5FCC,4
TG-LIJ1QQUKU,5
TG-IXQ227AWZ,3
TG-791FNHDVO,5
TG-8FHNAIMRE,4
TG-KNXZWLNFL,3
TG-D0GIGYDX0,5
TG-7G3MBK1KU,4
TG-TVAEXT9C3,3
TG-QT6PW3PG7,2
TG-0RRJJXKVX,3
TG-RLYLEQ6S8,4
TG-IYZ6UQA49,4
TG-EHDH9XPR5,4
TG-MZR1OFFA4,4
TG-WVNG87J10,4
TG-U6JIWVR5R,4
TG-F6JFC3227,3
TG-OA9MDHV3O,2
TG-NQ7N3JDAV,3
TG-BET3CW6FJ,4
TG-YHFPIFVSZ,3
TG-OL4ZINR8T,4
TG-DR3EJM1YY,4
TG-OOXFYZPZU,2
TG-Z1034QUMQ,3
TG-UNMP1FHB2,2
TG-D6Z7WZ6RJ,3
TG-5WH81XH3F,4
TG-9G9LDHZ59,4
TG-N7XR8QKSQ,3
TG-18M90DAIB,1
TG-BJEX6E9G6,3
TG-9HMRDWIF3,3
TG-U6QJ4BKZO,2
TG-2OLEFIIO2,2
TG-YG8BX1GU3,4
TG-A2N55CY6B,4
TG-P81CT2C0V,4
TG-Z4VESIR6H,2
TG-ZZRI8QACS,5
TG-UUS030U0Z,4
TG-53U1QBFQP,5
TG-OX7FNT190,5
TG-VMT2U9SB8,4
TG-P3KK2EBNW,2
TG-1MR00S6NA,2
TG-R2N8678L6,3
TG-V2XQWS65R,5
TG-7E6B0NO88,1
TG-O314HL3JT,4
TG-KOJA49C9F,5
TG-QOQMZ2DQT,2
TG-MBZ2TL30P,3
TG-QS1LAL858,3
TG-VGN7KTFBK,3
TG-LKKUY9NE0,3
TG-94DLRX69R,4
TG-VGLUB25VJ,4
TG-EP8XSDSSK,2
TG-4PF42ZEOI,5
TG-SMVO2QJYF,4
TG-CKUTPWXRN,3
TG-UO84MUA52,2
TG-5X5RU9G8W,3
TG-PJJZS2SYO,3
TG-BGM926XP5,4
TG-ITFLEOXM8,5
TG-89BJOY7NW,5
TG-S4TFRCA8A,4
TG-IDQEST5DS,2
TG-Z0N9OTBOI,2
TG-SI419IL8Q,2
TG-K92Q94ZF3,4
TG-REM898KJ7,3
TG-JLKY15VN7,5
TG-QM47FFDH0,2
TG-J35TRNMT3,4
TG-UJCSJF9LR,2
TG-3ULJJBY2C,3
TG-RYUY0EEG9,2
TG-Q4XMWQSQL,3
TG-PB7PXIV9F,1
TG-02BDGIXN4,5
TG-KQYU620F3,5
TG-EWDFSYI9I,1
TG-P0W39EUHC,3
TG-7ZXD5BKLG,3
TG-SZMD3KV51,3
TG-8CTWEBYCQ,3
TG-BAI66AWWK,5
TG-23CKPJTLS,5
TG-J12UEG00M,4
TG-H2Q2F1AI6,5
TG-40W9TZS0Q,2
TG-GP6OPWGBK,5
TG-TT2EWATZ9,3
TG-E9IE9JAZD,5
TG-XXZU63A40,4
TG-CN9G4A603,5
TG-SJ24J4776,3
TG-ZSYFI1YUF,4
TG-D2F0XIP1E,4
TG-44WXFLMQR,4
TG-PQUC20FEE,4
TG-F9B3MI6V0,4
TG-N5RHK7IG1,4
TG-VOG1JYKGU,5
TG-1QSHBYCYI,3
TG-WQ9BGUEUT,4
TG-7WM79VH5S,3
TG-3IK59QDDO,3
TG-6ATA2YGIH,5
TG-QKIDC7K8D,3
TG-LQZ9XBIJE,3
TG-85V4LKSAJ,2
TG-YKG5RK0QF,3
TG-191Q9KJUX,3
TG-39UX5YWV9,4
TG-8DFHZCTDV,4
TG-UE7K7YNIE,3
TG-FO03B45P2,3
TG-PK1XM3MUA,3
TG-CFKEJJ29P,3
TG-GKNB186DZ,3
TG-H83VKEPMS,4
TG-RGRAPEOK5,3
TG-RJFZSWE7J,3
TG-Y9ZHF1666,3
TG-7G9WXIUM9,2
TG-VT60V3JYH,1
TG-O7XAWHRWH,2
TG-2CGYVJZ2L,5
TG-AITK5KRQK,1
TG-AXZ5FJTE6,4
TG-7G950PK79,3
TG-BA6NEOFAQ,3
TG-FFWXGT3XH,5
TG-PLXS0X0K9,3
TG-DLKK3L03X,4
TG-EB0BNQ2OZ,4
TG-DHD16GREF,3
TG-OWSGUBE8L,5
TG-AU2HAH5XJ,2
TG-F0V4LZAOA,3
TG-6LGV8K5CI,5
TG-0E7BY1O6I,1
TG-WUU1WMTEC,3
TG-EX86LPHVH,4
TG-SYLU36CBQ,4
TG-L7FSRYOHC,3
TG-7ZA7ICMKG,3
TG-TOO353NJW,4
TG-617OCLNSV,5
TG-OVKA40IDR,3
TG-LGEEA14JH,4
TG-LT9VJZBLM,2
TG-IZQDGKR82,3
TG-RWPJI9KJW,3
TG-WMQGQWXC0,2
TG-QHLDAWGJB,4
TG-34BYJA03N,3
TG-73ACEQ5WJ,3
TG-RB00TWR15,2
TG-9865C5RAQ,3
TG-9FU9TDUNK,3
TG-Y4ZW4E9DN,4
TG-CJT4W8P13,4
TG-YD7AMVYNF,4
TG-05R4FZ7OB,5
TG-0NIGHL9P4,5
TG-VRHEX5V68,5
TG-A83OTQ6QB,2
TG-0J7J9Z3LW,3
TG-IF1UPYLFE,3
TG-E598KN03B,3
TG-VSEBDI36G,3
TG-ASZNFKGYH,4
TG-37309CCQP,3
TG-UEYXVXPUE,4
TG-6ULVB166L,4
TG-M9YEYODA8,2
TG-BCEBIUCGS,2
TG-86M5AU7L5,3
TG-PTNB9FOKQ,5
TG-HL132UH4M,3
TG-LCYPWQZHS,4
TG-MQCBFNJR8,5
TG-SGWPXVX94,3
TG-EXQWAO7MZ,4
TG-XTDWJM4UC,2
TG-CBEHHZQ7R,2
TG-XMHJJU6AX,5
TG-JT2ISX15B,2
TG-NBDB5XSOM,5
TG-2Y1VETSTJ,3
TG-1712HX2VT,4
TG-GEKAOBXY4,3
TG-5VS53VFUG,5
TG-EVA8GNIQ7,4
TG-YSMHYJULM,2
TG-B5BG9IOI0,3
TG-T8V16O2XP,2
TG-OKCV8LE0O,3
TG-G25SAKM2N,3
TG-LIETEZPYV,2
TG-Y22CIVORF,3
TG-74QKEQ48H,2
TG-JE7UU4B8N,3
TG-EHFI7B7VN,3
TG-E9I66BTK4,4
TG-GTK9S5R27,5
TG-WSLCJM3YW,3
TG-TLORD97F7,4
TG-9LN4TFXGV,2
TG-AUUU3GJEM,2
TG-F7HLAKBE1,4
TG-DOQORO7AJ,4
TG-M8GSY2R7C,4
TG-UVS4HD4FW,2
TG-GB3KONW5R,2
TG-B2PDASL9S,2
TG-674K3H5WA,3
TG-257HIWYH6,3
TG-5PE38X5AY,3
TG-6IZGHZO6Z,4
TG-65N0YN0LG,4
TG-0UX16PSP6,3
TG-EL5FW414Z,3
TG-VEQGRX5VA,2
TG-HH9OF0V6L,3
TG-KRXXXC2AI,3
TG-VZU7V8JAP,5
TG-KUEVUN0XM,3
TG-ZCMS4FNJW,3
TG-2SFQ0O8QC,2
TG-Z4KD7E5AC,3
TG-Q129MGQS5,4
TG-C9CBMZBF8,4
TG-WD00Y3KGO,4
TG-U56BAZF5Z,3
TG-1HT7AEWFI,4
TG-LSCSDOJI8,3
TG-3CE1TSGLX,3
TG-22DMZWE9A,2
TG-LHTBBDH4C,4
TG-WBWQC4QM9,5
TG-BPMHHMOAM,3
TG-3VN0IOBKZ,3
TG-KRYNEKFSY,4
TG-EE8L488R0,4
TG-SQSI5DF0R,5
TG-O9B4TXC5W,4
TG-ALF3TRBSS,4
TG-P9MKRO4W1,3
TG-7K8QZQLPZ,2
TG-ZUWYTU01W,3
TG-ZI54LOSIM,4
TG-RT71S2VFA,2
TG-9OCNTW6DT,3
TG-KKB9P0XL2,3
TG-88ZIL5Z72,3
TG-9DTULUKNP,5
TG-77GVE7SEW,4
TG-EVWNR5E7U,3
TG-7P5BWWK7H,3
TG-D5SEGNMAY,5
TG-RVN8K7SLD,3
TG-TO25X5EFI,2
TG-X8MAC72AJ,5
TG-UX4R3WBTR,3
TG-E6KS04VZB,2
TG-7Y1V8F7VU,3
TG-CZVMH04U0,4
TG-V11W1TZBP,4
TG-F80C4GU1O,2
TG-IIE1BLLH7,2
TG-AT450ENG3,3
TG-P7I823MAY,2
TG-9PFP5CDV2,2
TG-Q2HYI5OAQ,2
TG-TREZL3BJQ,3
TG-JC06BXMK8,4
TG-4H3UNPL6O,3
TG-S7B3GCW71,3
TG-BBVN67VQ7,5
TG-2MCHCB703,4
TG-YST6R78GB,5
TG-KZ16VQU6D,4
TG-UIW3PVR5U,4
TG-O0YGY90DO,3
TG-UBY44MC9U,2
TG-VGSNL4JVH,3
TG-D2PUPMIB2,3
TG-MD6N1FUO9,3
TG-WRGOY4TCC,4
TG-22PRY5V9E,2
TG-NWH1R3TZR,3
TG-QDOZMD90I,2
TG-HVGZ5QKIR,3
TG-XL242RCXS,2
TG-1B2M35WTE,4
TG-J7PZP33UQ,2
TG-30R0TG2ZZ,3
TG-CXO20CE57,2
TG-9Q3JSNUKZ,1
TG-9Z5VMC3JD,3
TG-5RLAK3R6E,3
TG-LZRHJHIUP,5
TG-5EXQJMQTP,3
TG-35GFG3QIY,5
TG-KB502T1VU,4
TG-XMTY1U3NP,4
TG-MIZI7EJMP,5
TG-2ZRZPO1VV,5
TG-5IW2DP49W,3
TG-T5Y63KRQK,5
TG-T8N7CIJER,4
TG-1TXPJ6B1D,5
TG-65GHD8O5N,3
TG-TN0JFDHDF,4
TG-C88IRXHKH,2
TG-SEKKPNS26,1
TG-YQWX00A68,3
TG-KB3MGNGJB,5
TG-SDLXHZ0Y3,4
TG-8SQOG8I10,4
TG-OPE0N42DB,3
TG-27JUZ1F8Z,3
TG-JLXSOYI2R,2
TG-SQ10S3E1U,3
TG-GQTKAHEFH,3
TG-ARSIPQU9Y,4
TG-3WKPUSSXJ,3
TG-G9P1LEI2H,3
TG-ZADEB9LY1,3
TG-ODE6HF2VS,5
TG-2ITA31HDT,3
TG-31GKE1PMU,4
TG-OL2YKYILT,3
TG-U0FKLS4F4,3
TG-2VWWL1BLQ,3
TG-DVH8Q7C14,3
TG-LLMIBEUR5,2
TG-N1EOGWO39,2
TG-OJ4MKFBYD,2
TG-9MX4EFCVZ,3
TG-3P30M2WPK,4
TG-TJR35F45V,3
TG-Y5BVWSBBT,3
TG-E8POH5MA9,3
TG-KJK3BTF7Z,3
TG-G6HEZXO6L,3
TG-D2KYPITGM,5
TG-899AYM0TQ,4
TG-Z529IJZHJ,3
TG-9FK7XB36N,3
TG-APCR2JLW4,1
TG-Z2SYY274Z,3
TG-M51KCOBLL,3
TG-ZQIU0MM35,3
TG-74Z8T854U,3
TG-JM2D07FOR,4
TG-3ES4F0E6M,4
TG-512MNGZYU,2
TG-L4T1ISPS3,4
TG-WIZKNP3XK,4
TG-1KIX50IIV,1
TG-OYKR7U7IK,4
TG-RUXGIRRCB,2
TG-1R0ME7OIL,3
TG-BNO1V6ZFZ,1
TG-T1OWZL3RS,2
TG-L6HUDZMX5,5
TG-DDR5NA5X2,3
TG-RG33V0BVO,2
TG-FRZD4U7AB,4
TG-6BA6IQBRN,2
TG-IBZOSYKME,4
TG-NB5ZZUNCO,2
TG-T1SWNOS3B,3
TG-6JJU59QP4,3
TG-UX200KI5M,2
TG-Y4UQCG97Z,4
TG-56CCO6GKY,4
TG-XDSBC9WBI,3
TG-5X5DI0L9N,5
TG-VUC9LRCAN,4
TG-I1WCPBX39,5
TG-6V6KPN26C,3
TG-GZXBJF657,1
TG-DF01GRDVM,4
TG-701FJQ8EM,4
TG-2KI0NNGNX,4
TG-FFYUJ7205,2
TG-GU424NXUZ,2
TG-4RQTOW9BH,4
TG-PTM441TTZ,3
TG-HF4DC7BI5,4
TG-ALB1R230Z,4
TG-29HDS6WL0,2
TG-JDSS351DT,2
TG-UK0B17AHY,4
TG-NT3IK7E3W,3
TG-3MKAQED5B,4
TG-E5DMR1CW1,5
TG-SY66QPLEO,4
TG-3FCJKFY3Y,4
TG-WD2VOP4YJ,4
TG-TPY48V1X6,3
TG-R6CGUQXKW,5
TG-A8NCSEUV0,5
TG-R5GF2XKPZ,3
TG-I8PW5J92C,4
TG-ONQ9KI21L,3
TG-1ZX9UF3L4,4
TG-D60PFPW9K,5
TG-DB2Z9FK8S,3
TG-BITXS4AEW,3
TG-PJ8JFYGXT,3
TG-UNQNOST03,3
TG-T9ZT2M8M1,3
TG-V7LL7WSOL,5
TG-MTNMP8XWU,3
TG-J95F29SHG,5
TG-P6N88Z0U5,4
TG-OMFM8K5G4,4
TG-KSL8JJSZQ,5
TG-38BU69DMU,3
TG-2D6XEBUUY,3
TG-WAG7I3BVN,3
TG-R1OUCSK6E,3
TG-9JXT214ZO,5
TG-T8O6QQH0N,4
TG-2RZ0ND1BG,4
TG-UXGNWF5LI,2
TG-7H7NC8ZZ1,3
TG-03WI72I5P,2
TG-2CDSG60WA,3
TG-1FF5VQ1V1,4
TG-MKD7R2KFD,5
TG-LVYXK1P1F,4
TG-CG0JQDJUS,5
TG-0ELAQY00X,3
TG-DBC66YRE0,4
TG-SQWYD61XD,3
TG-9KCNSP27L,3
TG-16UKAE8IH,2
TG-6GXHVALAO,4
TG-4VAB3A7ZU,3
TG-2S6Y4CGRP,4
TG-GUKU1N7XE,2
TG-38RHNBM45,5
TG-K9KHXSMR8,4
TG-4TH12WKSC,4
TG-XEA0CACPM,4
TG-ASSFWO075,2
TG-Q2LZF5U2E,4
TG-2IJ3BWKJJ,3
TG-24VDNA0S2,3
TG-3AJYNAOBF,3
TG-0SEFFZ8HX,2
TG-WFFDBUMB0,3
TG-5FT4VFGKB,4
TG-58Y5EJLIJ,2
TG-6KT5N2NR3,4
TG-7DUE9Q6B8,3
TG-ZF6478R8D,4
TG-YQNB4R193,3
TG-MMAWPIE01,3
TG-ORNP1ENJ4,5
TG-EH6O0B89O,3
TG-70WVPPZXK,5
TG-W8KMVS9TP,4
TG-P0K8P4ENC,4
TG-HZ2U6MQB1,3
TG-JUFOPDE3M,3
TG-QH1LGOTU4,5
TG-FYLGQVPZG,3
TG-5X97WD3BO,3
TG-AXYG0WM3Y,3
TG-NUCTWH8DF,5
TG-8A0I73NK9,3
TG-IYTFA3ZZK,4
TG-CV6GDBWCY,4
TG-YERHKZQ69,5
TG-7LS5S72GU,2
TG-Q8W25KSVH,4
TG-99KRR4FLP,5
TG-48T0OQU9K,5
TG-MGKZOSK88,2
TG-MNFBFWKYL,4
TG-YWUQ03PG3,3
TG-ACBQ3V9ES,4
TG-EB4QNP8U8,5
TG-97VF19BA9,4
TG-33AO9T8DI,3
TG-G06GWM66C,2
TG-1XG1D3TWV,4
TG-3UPO7TZIE,4
TG-6ZKAAQMQ5,5
TG-CMGU54P7K,4
TG-LQOS1OI7V,1
TG-04YCJEJTY,5
TG-6RZE3R0LC,5
TG-48EKBD8CZ,2
TG-3J1RCU0TA,3
TG-4SCPKRYL5,1
TG-JHQWYY91A,3
TG-CAQIB8LJT,2
TG-952AEDZ4L,4
TG-1LXXOOD21,3
TG-S229A65VQ,2
TG-NC3QGOLC1,4
TG-3LXM9BEUL,3
TG-UUB4LAN5A,4
TG-SXE20TT6U,3
TG-1BRNEUT0U,2
TG-YE29O4QPN,2
TG-SEF04UPL1,4
TG-YUGGFEEGD,3
TG-8NBSNAF0U,4
TG-NGH3TLBIJ,4
TG-9BFCXTGU8,4
TG-L0QCSVUIV,3
TG-LW15DOKY3,5
TG-H2CJACCOP,3
TG-RA7RKJCDW,3
TG-0826BLXJA,3
TG-8NZMZ01WY,5
TG-5CFXQ1QF8,3
TG-4IPNZLT5A,4
TG-OEEKAUEOD,2
TG-RW5A01DVV,2
TG-N9GFS6E9I,4
TG-UO12HP0UG,4
TG-X0OSP4IBJ,3
TG-LKGA8HGVI,3
TG-I5SIBPV8B,2
TG-BGTKZ3TUF,2
TG-1ITB8BJFJ,3
TG-3GNL6P9SU,3
TG-2W03JAJFE,5
TG-O5CLAPUFM,3
TG-6A9FY2OXX,5
TG-ICZT77IZ4,3
TG-9E7WOO4VT,3
TG-9F470TITQ,4
TG-T55TL8AFF,2
TG-7JXOBSAXC,2
TG-94393R1G1,3
TG-SZTD9KGAU,5
TG-2PPP8Y3BG,3
TG-0JWTT5P5N,3
TG-JBSPIB01I,3
TG-10LROM8YG,3
TG-DGBP2E7VD,1
TG-FKSW3TZRW,5
TG-U9D1J2BVR,4
TG-IAFDZV85R,3
TG-933VKCTG6,4
TG-KO5KKJM21,2
TG-6AM2WIGB2,4
TG-S5SX4WO3X,3
TG-7WPL5PJIK,4
TG-IGW18BI04,5
TG-A5BBTLDBF,2
TG-I8SL61P6H,4
TG-B46683EE0,2
TG-MM5SFZPOJ,2
TG-9I5C9E2B6,5
TG-GZVH175VT,4
TG-MUQZBSV4U,5
TG-TEXBUCU05,4
TG-Y9QTQLT09,3
TG-V4WGXJLKP,5
TG-5GF0QQJ6T,3
TG-TFR29PC4L,2
TG-8MYJ1UULC,4
TG-RCXR9B7YR,3
TG-XPSAVNTHZ,3
TG-VGJP49MLI,3
TG-BTYC89I0X,5
TG-YK1WD5LZP,3
TG-S88KCU9V9,4
TG-R53X3VMHR,3
TG-T92A35E5O,3
TG-QSN2I9X7D,4
TG-RGEFU9FGS,3
TG-RTY69B67N,5
TG-91U4QQ8V7,3
TG-8RNX3XDCG,2
TG-HE7ZDGL66,2
TG-MZXTW07JT,3
TG-ZQLCYTX5W,4
TG-7AYK77KAD,5
TG-0IGBGSXEL,3
TG-98HTKOH73,5
TG-VKBF5G5CH,2
TG-BF702KONH,2
TG-AJ6YWJGDI,3
TG-V14LSFAX5,4
TG-FTFG38WVF,3
TG-KLA0ZAT5Q,3
TG-HVOPX7PDG,3
TG-EBXOKZ56U,3
TG-UYQJORJVN,4
TG-BNPBJNXH7,4
TG-5VRZL9YAW,1
TG-SLOSPFWKH,3
TG-1YKVZR0Q6,3
TG-OC8PKZPAU,3
TG-LQR5KUVI7,5
TG-GPXM6QZXO,2
TG-21PQSKUR7,2
TG-VW00TAB1Y,3
TG-7HUIMBXEI,3
TG-AKYLS4PQB,3
TG-Y10ZFJ9JY,2
TG-71O95HFJJ,2
TG-9D0V268MV,4
TG-JDS1YKX1E,4
TG-QGLUWMJ51,2
TG-4VZK4XTZE,4
TG-4V5G3T9ZT,5
TG-PUB28836W,3
TG-D6E1JUE55,3
TG-O381RFC9D,3
TG-9KVVYVAOT,3
TG-EEDBSPEJZ,4
TG-5JE5SM0BT,4
TG-IMH8ZVIUC,3
TG-PE1JAXR1Z,4
TG-DDLEV8QY5,4
TG-CUC2XRYGQ,3
TG-ZDWKOLLC4,3
TG-609TLXMDS,2
TG-NH2X2MW8B,5
TG-CL7IYQNQM,2
TG-2LYLSRALW,3
TG-431QPC46E,4
TG-WRKL642T1,3
TG-8I9Z6JOS9,4
TG-E7C6FKMHV,5
TG-DTV85V8HS,3
TG-TEOINR41E,2
TG-9TSA3ZQWJ,4
TG-KY71XP3DO,4
TG-RIGM0ATMN,2
TG-NCF33UI7Q,2
TG-HEH8HS313,4
TG-1CKWB7SY1,4
TG-M9AQ2UHW0,4
TG-IPVONQ1J1,4
TG-R8CB7W5BW,3
TG-BGLGYKPHS,4
TG-7X9V55DFG,1
TG-72NDZS4DH,3
TG-O7AKPT96S,2
TG-F7J9Q0AUS,4
TG-J3H5E2CLZ,3
TG-M33B9S0ZJ,4
TG-UZF9ZQ1II,4
TG-WICU24XRY,4
TG-H61LVHKYL,4
TG-ZP3WKA3PO,5
TG-57R18P4GE,2
TG-5XTVF11BN,4
TG-429ZV34KA,3
TG-TQY9860PP,4
TG-QZKOUVJKA,3
TG-HU2OLZJV2,5
TG-OFR3JQ5KX,2
TG-6ZIFR2Z81,4
TG-3HOW3IQPI,3
TG-7OQ53J9LA,5
TG-T3V1VB7JA,4
TG-2K5AHBIEH,3
TG-DWPOKJDKV,3
TG-99TNQW7QS,2
TG-01GM7D9UW,3
TG-P2GM097IP,4
TG-AKI3RA8AI,3
TG-V3970CV1A,1
TG-TIV52X8D8,5
TG-2LR5QJQF3,4
TG-7EH632BT5,3
TG-UHK4NLIHZ,4
TG-EQG6ETIT4,4
TG-EMA40BS40,3
TG-8CO4LQ8FI,3
TG-HTKB7QK1X,4
TG-WIL9L0FOU,4
TG-YKS0O28OY,3
TG-MGMLI3VV8,4
TG-3WYQINIE1,3
TG-NCPDZWF8L,3
TG-VXJ4PQH5T,4
TG-USS4DGJAE,4
TG-LVOJTPS0Z,4
TG-4UUN1B8RC,5
TG-N6YBO593U,4
TG-TDRDB4VU0,2
TG-8N7BJVSOK,3
TG-6QQZGA6KW,2
TG-PNBMUTOIV,4
TG-3AOK1VJYJ,4
TG-XJCLLH3HU,4
TG-EJEWKZRW9,5
TG-JBKN7C3KG,3
TG-SP3JM8TGE,1
TG-PL91AJJNX,3
TG-0MDEAO9HF,3
TG-RRA500FGN,2
TG-DYRNKE1NJ,3
TG-N8I5TCRHW,3
TG-5UULBOFZW,2
TG-1QXDSF2SZ,4
TG-5P0PYOVT7,3
TG-F26X2MFIQ,5
TG-0FPY39CZ1,5
TG-2M5XJH1KI,5
TG-1L7YT9B19,2
TG-DE91MWQSJ,3
TG-LKGP4PPKT,3
TG-MV2UDFSMM,3
TG-B8R3PPDG3,4
TG-8YI8SXY53,5
TG-H2FDYWLDL,4
TG-0DEA87M7C,1
TG-I6NUWHO3Z,4
TG-5WMF9RLVD,3
TG-RS2RHEGIZ,4
TG-8ZLSQSRWL,3
TG-TWITYDQ88,4
TG-DB89R5EIW,2
TG-H2RXR576R,1
TG-0WPEFBYCX,2
TG-5DCBJG83T,5
TG-TKILVSBR6,3
TG-MQJ43BSKZ,1
TG-8MNA5V24D,2
TG-8XJQYXNVP,3
TG-W9XE78K4Y,4
TG-W090C6PBU,2
TG-LIMN2K81D,3
TG-X29LRT9C3,5
TG-OYV4EMY1E,5
TG-G4VR6YV7J,5
TG-BK2EWX14I,3
TG-XJQWQ0Z1M,3
TG-IZ8NJAJOP,3
TG-4SFTEW7JB,4
TG-GA9Y8U798,2
TG-TI75LFMS6,2
TG-AX9QN5T0T,3
TG-AN6ZM5HKH,2
TG-SUN359R4D,3
TG-89E1JLVXN,2
TG-BIKQZC9YK,4
TG-0XHS3WJIY,4
TG-Z2O14SXTV,2
TG-1IT667DL3,4
TG-S1HORNDGP,4
TG-AGMG0U4O7,4
TG-RM9FG073R,4
TG-5852MSJUW,2
TG-0VRCM2F5X,5
TG-3MDEWK2CK,2
TG-PR59J3X9M,4
TG-5EYIYWCME,2
TG-FM4KY8IXE,5
TG-KI0MB7SK8,3
TG-9C7K4XI3E,4
TG-2SXODJQ7K,2
TG-Y4WUPRWIY,5
TG-RARDBIOD3,4
TG-3EXQIBR2I,3
TG-AKLGRPQXH,3
TG-AMTUUD5QI,3
TG-Z5VWXLKOC,2
TG-NPWPCYCXJ,3
TG-4QVY2G2PZ,5
TG-F12KB6W7Q,3
TG-AY84TUBYC,4
TG-BZAF8SDJG,3
TG-7YR005QRV,2
TG-J0MM9L94O,3
TG-HFCQZ42G6,2
TG-DNAKWGB6M,5
TG-FNXABT3CC,3
TG-ZPSMSPAQ1,3
TG-B3XYO6B1N,3
TG-UKVJ45WNG,3
TG-TREAFE5MU,1
TG-R5PPKGOO3,3
TG-WXSSG1IYD,4
TG-M4PCCVCHU,4
TG-4026X52ZV,1
TG-OHH5Z5BNA,5
TG-KICALDYBP,5
TG-60U8ABB25,3
TG-FIXJ101V7,1
TG-OL9U0D4Q2,3
TG-G0FJFHJ8B,3
TG-X7FF0TGFC,3
TG-THPOD8EYM,3
TG-4Y0OBEKTT,3
TG-C62P3EE0A,4
TG-IQ9NVFLE7,4
TG-RGZR64VGX,3
TG-N9BM7UTGW,3
TG-ZIGLEJ8CQ,2
TG-GILMAL1NG,5
TG-HHSGCWHP8,3
TG-02228CGIB,3
TG-1RFPVOK1R,5
TG-8TEHUX65R,2
TG-2XHK4JKG7,3
TG-62JZ8KTTS,2
TG-ZILXIT64G,4
TG-AHRNAIQMS,2
TG-T8YTDXQFJ,5
TG-SOXH349UO,3
TG-E9V7SXY60,3
TG-BD6UJLIW2,4
TG-W7J3ZZ55N,3
TG-D4OZ357IF,3
TG-7F0JF42X5,4
TG-J2XW1T5G1,4
TG-JZN19IATT,2
TG-50OIJYKJB,3
TG-AAAA9JUY6,5
TG-NMP5I2QUP,5
TG-DMGXHCON4,4
TG-QL5FEPJ17,4
TG-9JPDVPHSH,3
TG-EZ9UHHJQ8,3
TG-2B7LIDT4Z,3
TG-PK8OESF97,4
TG-GFYSYU02W,2
TG-LXB1PSD98,4
TG-9G1KDKWUA,4
TG-UXO2CJWH8,3
TG-V310ENGEG,2
TG-4VLW33M3H,3
TG-YS8SNBTIX,4
TG-962722LF8,4
TG-VTNQVKUUM,5
TG-D0ODV4YIB,5
TG-EEG7GJL61,3
TG-0U94YRB1W,3
TG-UL9V1Y78B,3
TG-YTQ6LFFQD,5
TG-6QH0JRF4G,5
TG-IOWIJH02T,4
TG-N8GTSRTI7,5
TG-ANBKYX0S7,5
TG-DZNW1OICQ,3
TG-QCOTQGRF7,3
TG-YJRLP49IB,4
TG-HVZ9IPNX7,4
TG-13NDXLM75,3
TG-GLMZC5IKN,1
TG-88UTAF17W,4
TG-3BDODWMSX,4
TG-W43DZPFVH,3
TG-UGXWJIW15,3
TG-4WZDHYMSK,4
TG-3009SVLGE,2
TG-S72OA4VBX,5
TG-5GM97QJF4,4
TG-NUUP8NWKP,3
TG-72RGH6BTT,5
TG-BUXFNOTZ3,3
TG-AKRB4E869,2
TG-ZJ0QDTJH3,2
TG-C3OLFZYU9,4
TG-YCWGBJNGR,3
TG-N1DXB8QHO,5
TG-WEVMX10QX,4
TG-IGEFDTTNJ,3
TG-P0E66Q4XF,2
TG-A821RZTTW,3
TG-19E5N0OEA,5
TG-2TQAWHO29,4
TG-WYMRXACPM,3
TG-R84Q011KO,5
TG-3MBW5AIAL,4
TG-ZR8NOE1HA,4
TG-6NGPIEA5M,4
TG-63308W8H6,5
TG-1A1J64PJY,4
TG-QI2W1E6OX,5
TG-ZU7X0ES02,3
TG-NU3N6I7ZL,2
TG-R4I8NZV28,3
TG-S2CJMJ13A,4
TG-WJQALAXN8,3
TG-K88QB5XZ1,3
TG-D1HZ2YX21,1
TG-FED4H2H7K,5
TG-MKG3UE9PJ,4
TG-K3GW691M6,2
TG-M8OTFOI8T,5
TG-NK3FQB1T6,3
TG-AIAOXE0Z6,5
TG-N0A5W0JFT,4
TG-JSRO8EC7O,2
TG-XIC0CZVPU,4
TG-9UY4JEQYF,2
TG-1ZCYUVNYP,2
TG-FZRIPGB1B,3
TG-POI2D13MZ,3
TG-K91VFDQIJ,1
TG-281BYJJWE,4
TG-OMZ5Y8QUX,4
TG-IXWRMA3HD,3
TG-LX4MVR419,2
TG-PGKJT2Z1Z,1
TG-01VCJ0AQX,4
TG-SW9OX6KRH,3
TG-6PHW65VSB,2
TG-5VNF4Z3V9,4
TG-FSOIU6BIT,5
TG-XQNURRIYB,3
TG-VLCK2Z5SV,3
TG-DOD1SNS8T,5
TG-SDKK95YKD,4
TG-9TTW93JLY,3
TG-VXTCQIKGC,4
TG-J91ZQXN3B,3
TG-VRGLDZJSL,4
TG-053WY5IT4,3
TG-GGILNDFJG,4
TG-GE2LMQLQ3,2
TG-IFTF0IL8V,3
TG-HDNHCS20B,4
TG-AB5S5PIEU,1
TG-ICZR5ROIT,3
TG-F25M2Q2RD,5
TG-4W51OG4AK,4
TG-NCRSE7TEE,4
TG-S8TD4IYHY,4
TG-05879RQ1T,4
TG-HBZ00HPV4,3
TG-1HDEF1BRC,4
TG-SVEUK4JW6,4
TG-DOMUERHRP,4
TG-62YFCCK20,4
TG-8IWLJI31R,4
TG-UJL60RUGM,3
TG-YTUASNDS1,5
TG-KM0A3EA8W,3
TG-RKX301UL7,2
TG-G7EHYM8BF,5
TG-M555RNGQZ,3
TG-DVUMSP13O,4
TG-F2OVGYH4V,5
TG-JPJLRUXJC,3
TG-DBT0BW7NR,3
TG-C57TA8A6V,3
TG-SD1I4OZUT,3
TG-62E9WW0KU,4
TG-FI6CSLLIW,3
TG-F28FC798I,3
TG-CR46XLQ9J,4
TG-7INKRUMFP,4
TG-Y0C5Z3HHJ,4
TG-SACVE8GUO,3
TG-CEMWDOQNX,3
TG-V38698ON8,3
TG-5BITMVJ4P,3
TG-NS8FEST20,5
TG-2B3X0KD2A,4
TG-R4BIG86QP,1
TG-6JBA5KB80,3
TG-4EDQRXAN1,4
TG-27FNTXJGS,4
TG-Z2U0HQDFI,4
TG-593F9S6J9,3
TG-HTR0D8T5K,3
TG-W1LJZ1YL1,3
TG-P81XKNRKR,2
TG-JLR677RXV,4
TG-T2PY06IU7,3
TG-GMGXDU164,5
TG-YIF0271EY,5
TG-DYT72GFPD,3
TG-WQK9KYF2Y,2
TG-T7SK9V8YS,1
TG-M1QFYUBAE,3
TG-2GZG1KNIH,4
TG-9YQXKUQ3H,3
TG-4CHXHBEXQ,4
TG-R0Q3OR9VP,3
TG-ZLF6Y1G12,3
TG-XI0J33UVF,4
TG-XAT4T4J5B,4
TG-OQ65KYXV8,4
TG-VA9VVS7YN,3
TG-3PLEC2NW7,3
TG-L7GBCRBSZ,3
TG-W19I9E5Z3,2
TG-4D607HIBV,4
TG-OHUPV2EFV,4
TG-CU3WMYCWJ,5
TG-HRH2QEIT2,2
TG-Q96130KAH,4
TG-MSGAL5IWS,4
TG-7J4LMVZZ1,5
TG-7OAKOY3CQ,4
TG-I0TD1247B,3
TG-UC6O1IJ4N,3
TG-SR4KGOO2E,3
TG-A1BB6LE02,4
TG-B54ZQHKBZ,2
TG-GHJ7FFIN1,2
TG-IDID84PMM,3
TG-KRCMLRS2M,4
TG-JSV4LMEN0,2
TG-GCNSZIY2S,3
TG-DRYDY793T,4
TG-KPPG4T60Q,4
TG-8TLUEOWG9,4
TG-MLYBXK6IG,3
TG-L87LZ9LNM,4
TG-7J8JIC6XO,5
TG-0ERUIO7YF,3
TG-FQ9NPOVYZ,4
TG-AESNMHJ0I,2
TG-7EI8BOOBA,4
TG-I6PECWS5V,4
TG-RPT4FBIJP,3
TG-P64B3ZHFH,4
TG-3VZLYHDJW,5
TG-Z8B620O9Z,5
TG-25BER0HMG,3
TG-OY6981JXV,3
TG-O27ET29F0,4
TG-PC7LYYBYN,5
TG-C95BPVRV5,2
TG-KRZH01ANY,2
TG-ERO7Z1NOV,4
TG-0PKRP7IQ9,2
TG-Z81GVUGV9,3
TG-R0OLOP3YM,4
TG-SF2XGFIQD,4
TG-Y6FB3U6EH,4
TG-6A19VOK52,1
TG-E1HI5JDVH,5
TG-DBYBQXNF5,2
TG-1IRV0986S,2
TG-3BKL59OZY,4
TG-8XD1ZY370,3
TG-S8A2667OD,3
TG-XJQKLGCDW,3
TG-5DREXHB1K,4
TG-NTCO2XR0G,5
TG-NHP7LHG12,2
TG-8UB6X3BN6,2
TG-820JC5IG4,3
TG-SOACEUMR1,3
TG-6SJLKJKHQ,3
TG-AFKSSM353,4
TG-F6J37K3IE,5
TG-2DXL1NNQT,4
TG-OO6GAL8OJ,2
TG-U6W273LH4,2
TG-C95YJC68M,5
TG-96FOUCPHC,4
TG-3IEZ0CBL1,1
TG-NXS2T9CWV,4
TG-0AZ5QL4LX,4
TG-C3CJN5V6D,3
TG-OM9GDES1K,3
TG-A284STQNN,3
TG-0FLDV0I79,5
TG-O04MUYD6Q,3
TG-8MXUCSS1F,3
TG-8B9D5KR3E,3
TG-36FVFZ6FV,3
TG-W9K133DMP,3
TG-92G9GPFRH,5
TG-LHJ0Q1GYS,3
TG-O3P7DQXIT,4
TG-FRH1BDLFK,2
TG-SRTU088D0,5
TG-3V4Z0PV6T,3
TG-5J8IFF62F,3
TG-X1NCNBU0U,4
TG-JO3QS763Q,2
TG-MVFLFFE5P,4
TG-R83CU707A,5
TG-R7FAUY4DE,4
TG-GHVRWZQK8,3
TG-NRDWC743L,3
TG-VOSH0RMTD,2
TG-8N2F9UYF3,4
TG-CTO5XEQ96,1
TG-E5HJ220UA,2
TG-GIHYD3SCL,3
TG-RKQ8MZ7OX,3
TG-U5RSC89IY,5
TG-PKFN3BOT7,4
TG-J0WZ9JWIT,4
TG-E1SRRTM4V,5
TG-6HZDZBAG0,3
TG-D6U25QU8N,5
TG-4TM3XYR82,4
TG-HT5TJBLWD,4
TG-S7WHRHDRZ,5
TG-86N7ZJQGP,3
TG-BJDH9AELG,4
TG-AC29E9V4U,5
TG-SQVC9E991,1
TG-E2MJ9BAWI,3
TG-0GH5JQNWD,2
TG-16AY5YL5C,1
TG-SYQOPSJG0,3
TG-MFDXOBTT5,2
TG-HDV8PR1IY,4
TG-EUIJLDWOH,2
TG-RUXYO3R6N,2
TG-TNHW3LF9F,3
TG-OMVVZP1FB,4
TG-LCHWPTC42,2
TG-FAEDTT5IY,4
TG-9IFM4QGZR,2
TG-ALMPSR56T,3
TG-7PWC6NTLA,5
TG-01BEIQLB5,2
TG-ZDUEIU3LP,2
TG-VT8FKN3I2,4
TG-9PWGWDFX4,2
TG-2MHWAOCOV,4
TG-FZ36HLV6V,4
TG-NHC8C9EJE,3
TG-69144MNT8,1
TG-G5EMY7R2N,3
TG-6US32EH4V,3
TG-XH1PNDSKR,3
TG-BFIEQLAD9,3
TG-0C9JW1B7O,1
TG-NGTS9KSXI,3
TG-H4MGWFIBR,2
TG-QB9C5PTRS,2
TG-OI0SJXZDY,5
TG-1T84HW37C,2
TG-QL4SER0PO,3
TG-CI677RVB8,2
TG-2G8URWET7,3
TG-BKT0C9JYL,4
TG-1TK9AET8P,5
TG-1982G7O88,3
TG-ZS6OGSX9W,3
TG-JU3YWQEE8,2
TG-UR1TTGA8X,4
TG-35W3DDSCB,5
TG-ZJAL32XOK,3
TG-4QMOFO9FW,3
TG-AY6T5DIUG,4
TG-7WNDIX2I8,3
TG-2XH5FMLIH,3
TG-339NBU7CV,3
TG-OVOZT07U6,3
TG-GE34ICHQ7,5
TG-R8H1X9EYO,4
TG-W402B11LC,4
TG-0BR6VVR8Q,3
TG-K87R3TEB4,2
TG-7M7UC7LZ3,3
TG-E3W3RKGUC,2
TG-SDPC34LAE,3
TG-LHGE098IB,3
TG-JIBTJ8AW0,3
TG-2U75HMVD7,4
TG-DGPWPCDUU,2
TG-SMDJOR6VY,4
TG-WHQS6Y48L,5
TG-2BSSQ980T,3
TG-C2FBUYNTQ,3
TG-1Y2VDEE0Y,4
TG-40NFPQVEO,3
TG-KY67E1D6S,5
TG-QAXXKOLXW,5
TG-X0H65XHA1,3
TG-SNDOQEM9N,2
TG-PIJO9Q0GV,4
TG-XUYD3ZSUF,1
TG-HVHFXHMOT,3
TG-0A09S0STL,2
TG-QZ4BVOY71,2
TG-LCIFNB6HD,1
TG-ZK796J7D1,2
TG-MZCLR4IQK,4
TG-VC06JHHHF,4
TG-9HVQ1FW7N,2
TG-943CI5SP7,4
TG-GNSUQ1IWX,4
TG-1TZRAINK2,5
TG-NO0AXJKVB,4
TG-QFICLZAWG,3
TG-M1GLW3JGL,3
TG-7EH9TEOZI,3
TG-Z4PAQSRUT,3
TG-WD3S9JVFG,2
TG-UI86SL4FS,4
TG-EGFK546M7,3
TG-FJQ9WCTUM,3
TG-WB8AXRTUF,4
TG-NWRYCW7U4,3
TG-HIMDN3TWU,3
TG-HMQ5KIGP3,3
TG-NJLLVG1U5,3
TG-12ZFT1WSI,4
TG-PNFF5G3Y4,3
TG-4B28MLJWW,3
TG-6ALMJVPAU,3
TG-NEW5XQC97,4
TG-O2SRXSHUP,2
TG-CLRWBVFGA,5
TG-CILINTFM6,4
TG-ZPECM14DS,3
TG-4KC609CZF,4
TG-RQZJ2H6NS,4
TG-TRTQTT7XW,2
TG-APINDO4O3,4
TG-WET52VJGQ,1
TG-40J8DPOPQ,3
TG-NA0FRHYFW,2
TG-8J4WFJE8W,3
TG-SX3VFJCOA,2
TG-ZHA23YIBT,4
TG-EJUK8WZTJ,4
TG-VAFPFOSAL,3
TG-QQO7M15E9,4
TG-A3IC6DOC6,3
TG-LWJ5WQ7W5,5
TG-PG9AYRD9R,3
TG-Z8QE4I8JJ,3
TG-ZKZTD6N2M,3
TG-ZI5IISLA9,3
TG-74AG7X2TP,3
TG-FPEEBCL0L,2
TG-5V16LWI2G,3
TG-CQ5V93UC5,2
TG-0ZHPZAE9N,2
TG-PDP6LBUJH,4
TG-7KT6WEY8L,1
TG-1TVAFB4HB,2
TG-LTF49IYJZ,2
TG-J3LST9WJ5,3
TG-ELXJQEXZJ,2
TG-SR07K982R,3
TG-0EJOR6UUM,3
TG-GR8HMNORB,5
TG-PECB897I8,2
TG-H3C0K89D2,2
TG-9KFKT1I20,3
TG-TBB7IP5TM,2
TG-GZCX9NX1H,2
TG-SK95I1Y84,4
TG-EB8I8YDQJ,3
TG-ZNSEVZX20,4
TG-SO624P5CQ,4
TG-CD2GA6UOU,4
TG-RSI3SN0C1,3
TG-7HP5OT77V,2
TG-CLMLWV9BR,5
TG-51ATKI43A,3
TG-X8V033IHK,4
TG-85V4LS9IK,4
TG-ZK33O22UB,3
TG-C0X8K9M5R,2
TG-T3FOG6CC7,5
TG-3X114JHAJ,4
TG-UDDW0HZP3,1
TG-2SC502SSZ,4
TG-XFS2VXK3F,5
TG-U9ZH8H5MH,4
TG-0021ZMU39,5
TG-OPKCQROAV,3
TG-4DK49IXBM,4
TG-5Z1ZCNHJ6,2
TG-2P5AR8LBH,2
TG-ML7TCUKP2,4
TG-YTKNME5Y0,3
TG-4JW5OPJWZ,3
TG-EM65ITIN2,4
TG-FGK2003YG,3
TG-9XVZ55HSB,5
TG-JPB2Z1WW4,3
TG-DSW7V697W,5
TG-I3AJQSXAA,2
TG-2WRJAIJ1C,3
TG-520FEA23M,3
TG-TMER32GFF,3
TG-4E0JEEIY4,4
TG-4I1XCC8T1,3
TG-XN4XC2TPZ,5
TG-RH53E3FCD,5
TG-YS4V9K40D,2
TG-QNXPXZ0RG,3
TG-7GU8I01R3,4
TG-HQHYSMCE4,3
TG-NRAKSQCDZ,4
TG-HUW2IVHWE,5
TG-03716AYCT,3
TG-DB6TADJHN,4
TG-H7RYPXEC7,2
TG-EOH5Q3Q00,3
TG-0YN6SB0AJ,3
TG-4P8U12S3Q,4
TG-XGO69X4FX,5
TG-YXEWLT42T,4
TG-2QAS7CIGH,3
TG-9V1WH9XWH,3
TG-R5Y6E63N2,4
TG-O4QYVJ3S5,3
TG-RQORSIZYS,3
TG-NKN2BJ337,4
TG-8WX1WSHG6,2
TG-69ONIL9K4,5
TG-FCMG90XIB,4
TG-18E51AQ1T,2
TG-F91YHBSHN,3
TG-4CJL8AI9E,5
TG-KBPW3DQ0P,1
TG-AGHFP19NG,1
TG-0QRFNGGLJ,2
TG-4TDKM0EZW,4
TG-WBQJIHVQE,1
TG-0TZCNJT1R,4
TG-8Z2K0UPD7,4
TG-MRKCCRITX,2
TG-MMWI5Y5RU,4
TG-5G8FM7G7Q,4
TG-ATDCRHZEG,1
TG-U5UIUYJLZ,2
TG-0I7C7RXT7,3
TG-2GVKV1SRH,3
TG-6M797H4TQ,5
TG-F7DHX0KVF,4
TG-X5LVNYPZG,4
TG-5VWO4WDYL,2
TG-TGYOJIGHH,3
TG-SUUMH6UVR,3
TG-3R2U3OJ2F,4
TG-6S02DF6TC,5
TG-E3PIXZDS0,3
TG-6XNCPPWDY,5
TG-YKFJ6U33V,3
TG-EP8LW9I70,3
TG-KW7ZZOY7X,3
TG-QN0VUIRRG,3
TG-8EGJY2NQX,4
TG-EP7PMEF4A,3
TG-PF08BZUVM,5
TG-BVDPLY5NT,4
TG-Q0XF8YH6J,3
TG-FNGYHE01Z,3
TG-U5OYG439U,3
TG-DDOR3U7LD,4
TG-ETQDIXOGS,4
TG-5HPH6HEHD,2
TG-7DGXZHUPB,5
TG-L7KKG95QE,2
TG-LAMYNQDZS,4
TG-A7ROZJJHP,5
TG-60EPX0AKY,3
TG-C8VYIRU99,4
TG-FCJGGY2CF,4
TG-OF5TKEXAU,3
TG-6Z9FIWSR4,3
TG-35KB1RC8Z,5
TG-TQ6MGKDQ2,2
TG-2E235HQSG,5
TG-A3X5QR43Y,5
TG-2EM7J85U1,2
TG-RFI0AOZ5Y,3
TG-Q4BLTSGQB,3
TG-N0ZH1WPJR,2
TG-RSC1RRA7Z,4
TG-KD3EA4VFM,1
TG-JCYOB5Z7W,3
TG-CXZV2ULTF,3
TG-2O6WL2W3T,3
TG-8CVT806OP,4
TG-SJXKLB7WO,5
TG-TLPIIKZQM,1
TG-CVD6STSGL,5
TG-YPXGF3120,2
TG-BXOUA2VLA,5
TG-L8QBK8T1R,2
TG-GAO4E4ZMH,1
TG-TQ87NMPIN,3
TG-J8I5O3RO6,2
TG-BPT1LF3KE,3
TG-F8M6HRXYA,4
TG-4C879T7N8,3
TG-TVGVC55X0,4
TG-XHO8N1DS5,3
TG-ELQKN4DTV,4
TG-MQ5BYX5CM,4
TG-T5Y6JENDY,3
TG-VE412NSH0,3
TG-O4K7SAKLS,2
TG-C447XRWU4,3
TG-AHKWUGRU5,3
TG-PNXLHBKTT,4
TG-TLS6RBVON,4
TG-0OPN2ICW3,1
TG-YHTZ5FJJN,3
TG-73XK7MW4M,2
TG-SXPRMBX9F,3
TG-ZNHQS0UG8,4
TG-00GLEB556,2
TG-53BGJS5W0,3
TG-I61TS05EC,4
TG-HWXDZ4UHW,3
TG-G9X625KPR,3
TG-7BZ7TAAA3,2
TG-NEOK641KV,3
TG-WK2Y752LG,3
TG-XP0FB33CC,4
TG-90MX0XZS4,4
TG-E0FM13EKD,2
TG-VWF5IGAFY,3
TG-ASNPP7YLY,2
TG-OXARQW48V,1
TG-AYIMR0C1G,4
TG-SNLSZGJ7D,2
TG-2C3V4O1I9,4
TG-EHRXSBOIC,5
TG-VATT882BE,3
TG-MBL2IH8S8,4
TG-HR8CWDRO3,4
TG-9H6WZYUSQ,3
TG-M3PVYKL7Y,5
TG-J6KWWU2UX,2
TG-QVGOJ3HQH,3
TG-XV8U2BCZU,3
TG-81KB5ZZNV,5
TG-7UV87NEWM,4
TG-7BWM9ZUEF,3
TG-BRFKGWVY4,3
TG-I1MS1ACRV,4
TG-V9U83140D,5
TG-VDS7MZTRZ,5
TG-30SN2ZS0U,1
TG-Y81ZCZFJV,3
TG-CQWSRXB5I,4
TG-TDTWGVF40,3
TG-LQH6V4WWT,4
TG-UGN191BQ5,3
TG-6DBQ52RIF,5
TG-ZK42UE0V9,2
TG-45K5R2XAA,3
TG-1MH51L3WM,5
TG-MPR1TNI5E,4
TG-2TQS6GV1G,3
TG-UBO4DVJM6,2
TG-2OPR2M3C5,4
TG-I4E4KW0Y2,1
TG-TPOL1GHJJ,2
TG-MH20JW3KI,4
TG-4OTDPLX4E,3
TG-3WVO9747F,5
TG-V18ONRWX9,4
TG-WFN0QHCNX,4
TG-XCR5YCSY4,4
TG-0V5D8PV4D,2
TG-BSJXLVK5B,4
TG-BU07PTNF3,4
TG-ZHHZ0N4FU,5
TG-DEOOKF5KV,3
TG-VWW0SMQD7,3
TG-3UIT0QHGQ,1
TG-X9T5MDIVL,3
TG-NSNVEBUGZ,4
TG-C4R2HGDBK,3
TG-4XDIFKK3G,2
TG-6W5UTJTS8,4
TG-BTHJDMJGV,4
TG-74OK70N98,5
TG-PMNL7OPFY,3
TG-RGTGID1IE,2
TG-8QD9V3D6X,2
TG-TQ4Q05NH1,5
TG-HDK86Y1L6,2
TG-H43LGXHRR,3
TG-CRNDKBPMZ,5
TG-IAWOF2RSP,3
TG-XP1Q0I17B,3
TG-HZWHQIKGK,1
TG-ZBZGWCGOO,4
TG-QYLB81RS6,4
TG-24D2BF4AQ,2
TG-69HQBR8RO,3
TG-EYPX1U76M,5
TG-2IFXFXTMI,3
TG-FQ4ZSTBO2,4
TG-PB5WYPYIK,1
TG-QQ7UBAY1X,4
TG-EFYH5W5DY,4
TG-Y7PIM3WHJ,2
TG-17XF85YPC,3
TG-53WX0LSTJ,2
TG-767127KRJ,3
TG-QD7K04KIE,3
TG-VMZXCSY0F,2
TG-6R7MPCALD,3
TG-PXWBK10Y5,1
TG-S9GCLO8P2,5
TG-7ON6GP32M,2
TG-7OHRSVNDF,4
TG-5XY1H2HU1,3
TG-MD3YN3BTL,3
TG-TI1DYSV5H,3
TG-8N895U4L5,4
TG-VXYD2WAAJ,3
TG-MFX9XOXXF,2
TG-YP06S6OTH,1
TG-NQ8L2XQZH,4
TG-I2XQ7MMP7,4
TG-LTUZK7UPM,5
TG-D89V88INR,2
TG-JV2EAK3UM,3
TG-YND995TE6,4
TG-DVYQRF2U6,3
TG-6HLVTJPZJ,4
TG-XLUZ67S8L,3
TG-FHT1YJBLJ,1
TG-CCD4JCID8,5
TG-3BOPYUEGF,4
TG-WMVJQ2MJC,3
TG-BH3OLZB1U,4
TG-QMSOUJEQY,3
TG-0X5D25EAM,5
TG-ABL3OGHG4,4
TG-K34LOKDQ9,3
TG-6ELKHAYM3,5
TG-VH535W8DK,3
TG-B6HMBXYZD,3
TG-JEPH1BD31,4
TG-L5OFXLP3Z,2
TG-VR4CPIV0E,3
TG-QZX0H7DWX,4
TG-CT5WGWPQ4,3
TG-2ATCFC18J,3
TG-9WH9E05CA,4
TG-BP4C2YVTZ,2
TG-93B14PDLT,2
TG-3928BA7R3,3
TG-E9HA9SZLD,4
TG-EIGLE5BRE,3
TG-FQET4LUPG,1
TG-RCHZXTX0F,3
TG-2GJ4ML4PO,2
TG-IK6OGZUST,4
TG-1SIS1S2VE,3
TG-6GD63YKL6,2
TG-RLGX1AC87,4
TG-AZX0D3TEJ,5
TG-GI768PEPN,3
TG-61BYYV6VV,3
TG-ZJQLIB2A0,4
TG-KE90XS4W9,2
TG-E3JGQ6HUR,2
TG-PQ99HJCKQ,4
TG-KR2I5K46I,5
TG-TEFS2UVL1,5
TG-PVSVH92J3,3
TG-TGD1UBWWA,2
TG-5REER28V7,2
TG-2DC6D0LOG,4
TG-29B6CU00A,2
TG-05URK22J0,3
TG-98BJZPWXR,3
TG-JZI74LSQV,5
TG-0Q1XUPXIN,4
TG-Y7N6COEBR,4
TG-KTZDFMFDM,4
TG-R018RALEP,5
TG-LMH2LX20W,2
TG-14ZW59MPX,5
TG-DAFMHJO6Q,1
TG-T82SRDB2A,2
TG-2B3LCRJLJ,3
TG-ZCP1ECL5N,3
TG-8UFYVHF9J,4
TG-GCCQ9PRRR,2
TG-3N4CSH9P0,3
TG-4XMH48YRY,4
TG-O62CZRD5M,4
TG-5SWM85GKU,3
TG-PFHE9FSQY,3
TG-4F7LV03H8,4
TG-ME7RUB01Y,3
TG-O516YCUX1,3
TG-SN89GB2B0,3
TG-L9JYQPZBV,4
TG-VSABI448P,3
TG-UYGMM043Z,4
TG-RDHZDDI88,3
TG-KRN00XA7U,3
TG-HEWGC3SV8,5
TG-BRWODYB6P,3
TG-G97P7JZMS,4
TG-6D29JU50H,4
TG-AV0PHI9IC,1
TG-OFIFDA4KL,3
TG-ODNE1FCLY,1
TG-PXS6259OQ,2
TG-6YEU51SSL,3
TG-M1KHRAV7B,1
TG-TY8M88VIB,1
TG-T4KD974O0,2
TG-7Q71Z5TGO,4
TG-CNKO6DUXZ,5
TG-Z7HWP2J4H,1
TG-16SKOSHRX,2
TG-XOE9SQULD,4
TG-EUDA1DNRW,4
TG-H782PKK8L,4
TG-I06MEOC6Z,2
TG-SNXKZA701,3
TG-77557LBN9,4
TG-ERBYD6ZC0,5
TG-R49I5D7CM,2
TG-JL6KLV9OT,2
TG-BHP2LAJ6L,1
TG-N57I1N0ZC,3
TG-F3LJ4ICPZ,4
TG-R2I9PWKSV,4
TG-5KDN3HQ8D,3
TG-D49951K6N,3
TG-7QS8FPZBR,3
TG-I6POUALD0,1
TG-68BU3B9XT,2
TG-V6TRQKD3D,3
TG-GXPRBZ483,3
TG-XH6PQJPZB,4
TG-YV3TF0TNS,4
TG-0UCP01T47,3
TG-1U7O0H70B,4
TG-ITJJ40ZYB,2
TG-9K7EAQLV7,4
TG-WCHXJ7S09,4
TG-DXWGWK39C,3
TG-H5V4C2T5X,3
TG-QASHT63HF,5
TG-PUKN79SM0,5
TG-EK8PPPQVF,4
TG-TSSP39JY6,3
TG-FVA6KFWRM,4
TG-KYOGBFXUG,3
TG-OON5BATJY,3
TG-OJO0NKBCF,3
TG-1RXA66XBG,3
TG-YD4NFTFXL,4
TG-JRLNR2EOT,4
TG-L9BBQ4BIV,5
TG-CAG7W0BPI,3
TG-IR95983PP,5
TG-PIYQRVKWB,5
TG-GB22VNZDM,4
TG-FMMJ5NQYB,4
TG-K17M2XFBM,3
TG-OZ8AY74A4,2
TG-QI0399D1Z,4
TG-NGPZ8HAH3,2
TG-51L3A3MPY,4
TG-PKP0KQYJQ,2
TG-DA3J82EUD,5
TG-KV086Z5S9,2
TG-E31SUJZUM,3
TG-BCMONY831,1
TG-2MK469HBQ,2
TG-FYI3U5TT2,2
TG-E2VRTIX7Q,4
TG-LVZUD55UJ,4
TG-V4NE2GH7W,3
TG-LJWJNO7XO,4
TG-CFS9F1GEN,3
TG-6MW8PUOWN,3
TG-5Y1AGBH3I,3
TG-Q3IQ5OJSR,3
TG-QTVPKAS9N,2
TG-8RTDVTAG8,4
TG-0054KDHO5,2
TG-Y9XY4PJ75,2
TG-H59BWVW9Z,3
TG-891AZ7CXB,3
TG-OWRSRUTF0,5
TG-M41S3FSPI,3
TG-KNTMBLL9A,4
TG-MUMMCKGS5,5
TG-MF4BEIW4N,2
TG-48W1U49L4,4
TG-QZHZ9SK15,2
TG-A7TB9TSTW,4
TG-W5718A3UI,1
TG-NA6YYBGVH,4
TG-CDCH2C00N,4
TG-E158180YA,4
TG-1X8FWVWL7,4
TG-HYSVXX04K,4
TG-F2TLYTJDJ,5
TG-T0MWRFQTW,4
TG-P1ZJFTYAO,5
TG-D980YY3ER,4
TG-VXFH1GOPF,3
TG-QOQMWKDLB,2
TG-A47GJT70W,3
TG-R2EWZS80X,3
TG-EXYRSFG71,4
TG-WGWC16K7B,4
TG-LHKEV56HU,4
TG-6O0KP960E,3
TG-T69D1IF5F,5
TG-BGEGWTS1J,4
TG-OQ8JLU3BE,3
TG-CRSKAOJQ4,3
TG-VT8PY1L74,4
TG-FHB5JAC9S,3
TG-E7AW8NZ4X,3
TG-X5BR1P8YG,3
TG-91FHCH1TJ,5
TG-B0K3EPLZ8,1
TG-77ZWPYFVU,4
TG-T3DD5MNX9,2
TG-EMP3H45YW,3
TG-JDIX40DSD,2
TG-M8DK5K5I8,5
TG-P9UIHN4FH,3
TG-LJSL26DJT,3
TG-VRUGHU4C5,4
TG-WAL7U23OH,4
TG-1GCFIJTNG,2
TG-AIC3QPVSN,5
TG-X4G1OPB54,1
TG-GCJBIWZZO,3
TG-G0DKKRRNH,1
TG-B6UX1UMEU,4
TG-7AI6SGLRP,2
TG-NV9Y68QSX,3
TG-228XYN20P,3
TG-2QXZYAJEZ,4
TG-B631RQVYE,4
TG-CYFQ38VFF,5
TG-BN027HOKA,4
TG-AEX3WOL65,4
TG-P7VMOUW51,3
TG-MTSRY5CZT,4
TG-1VPUNMN5Z,4
TG-FMM38CX0S,3
TG-KSUAQJDJN,4
TG-5YVZSDDJT,2
TG-D700G145W,3
TG-2IJJT1KRG,5
TG-OA6OR52RS,3
TG-V0ZQZTSOJ,2
TG-YHHBF4G88,4
TG-XH7QKID68,4
TG-VKQL87XAP,3
TG-NBKDOFJ58,3
TG-OE3BA0HBP,2
TG-0P5VA24CN,2
TG-ZJCJF7GGW,4
TG-J06JXOFVG,3
TG-6Q9ETGK50,2
TG-LXBPQ10NU,3
TG-ZUXDFWQC3,3
TG-FV5A8R446,2
TG-7T3GIBMLM,2
TG-0PZEH1ZWJ,3
TG-RXEBNXR1N,5
TG-JXMM4A2HM,3
TG-YDSK4RJ3O,3
TG-VQWBF141W,2
TG-1HX5KGB4S,5
TG-6IHGNMXH8,3
TG-FO9NE5E5I,2
TG-WVXZTW22B,3
TG-EPPRNW1LS,4
TG-QUTH6QSIP,3
TG-KMHWEDRYS,3
TG-RDE6U3B9P,5
TG-M017YCU9R,2
TG-67FH6WZY2,4
TG-23J49TO2V,5
TG-2FJXE7YD7,4
TG-2M9LH9CNX,2
TG-L4RVIOFMM,4
TG-RZGRT6AIY,4
TG-S4EVUIR9F,3
TG-LV83XZJK5,3
TG-65M1IRVT1,2
TG-RY9Z0X8I3,4
TG-7SRDTQZGT,3
TG-744LZ32RP,4
TG-JAUOAXFFM,5
TG-G7J4D5XTS,4
TG-FIIJARTAU,3
TG-SDD83O043,3
TG-NXXKQ36VT,4
TG-LAFEZ8XR3,5
TG-B2CML0N2F,5
TG-FLO743DMC,4
TG-X9ML5VUTW,3
TG-59BB3JJCJ,2
TG-T4AT5HKBX,3
TG-0L3631IF6,3
TG-K67JYXPUR,4
TG-F9026MKP5,3
TG-OULGBUD5A,4
TG-JRIA6LYNE,5
TG-OOLQ4ZAXJ,4
TG-FYS6T1F0I,3
TG-TN4B2TY9W,4
TG-975YKH5RZ,5
TG-Z8MULUK4O,5
TG-Y8SQVRZ9H,4
TG-YNZMFOXEO,3
TG-OM4TGNWB1,3
TG-6MVBRBUD8,5
TG-XGUZRI5XV,5
TG-NY3TB9AI8,4
TG-NIAVMNWHW,5
TG-URZD1W20K,2
TG-GPNIFT9PZ,3
TG-UAMCK67Q9,3
TG-34QI5GFYH,3
TG-ES528OHLK,4
TG-RC6D7RKFF,5
TG-NES8VBP9D,1
TG-V3CCTR1O0,5
TG-VEFW3YDCY,1
TG-4ZWMWA2KZ,5
TG-56OYX7Q27,3
TG-GKKJJTYKO,2
TG-RXTHNRXWM,1
TG-1BDBW21NK,2
TG-S9QOAH6HK,4
TG-AG83OOY8Y,4
TG-5SKVHMQHU,3
TG-UAS6SLE2T,2
TG-OLEG095RA,3
TG-Z7LB1NH10,3
TG-RUBX6EMS0,4
TG-H3VNU034T,3
TG-2QT1X6WZR,4
TG-HEIGJZMYQ,3
TG-5XU8KR9NF,4
TG-BNY00OZTS,3
TG-A5JP9204B,3
TG-XJIVM3CYX,2
TG-9CNWP33T7,3
TG-FPSH9IHFY,1
TG-ACJCQSXZ0,2
TG-0LRHY3ZNC,3
TG-K3F7Q5C64,3
TG-4G4CTP2O5,5
TG-XLB0NPXA2,4
TG-YJBE53ZMB,5
TG-4819CODG3,2
TG-63QVF9ZSH,4
TG-LF9MKSQRW,4
TG-U0Z0232SH,4
TG-2UQ61VIJE,3
TG-3TJQ38IF7,3
TG-AAORHK6NO,3
TG-O504FZ8R6,5
TG-ZWMK492WP,5
TG-9U2LO6AXQ,4
TG-305VSAXUO,1
TG-MG1U8SQ9R,5
TG-YGSFC5XOC,2
TG-NXXK78M8B,5
TG-BB7DL6QGR,3
TG-5H9CK3EHA,4
TG-RW1DAWVEL,3
TG-ADOKTJOW7,2
TG-MU3UZ2KHR,4
TG-QLK83ZJ02,4
TG-9JSDDUH9X,2
TG-88YHNE0JU,3
TG-7QTWK5CG0,5
TG-1FNXQGLME,4
TG-QEMYEKNS1,3
TG-3BYGHMGES,4
TG-52EPI94CI,3
TG-7ED3QQ0LJ,4
TG-Y3D3N5Q9F,3
TG-V72YVCORT,5
TG-BFMCDKXM2,3
TG-IBSGRH655,2
TG-PW5E40RRR,5
TG-XPQOL7Z8D,2
TG-G3I0GEST6,4
TG-ONDR16RO4,3
TG-EJL8M1AZE,5
TG-OP8GDKB5I,3
TG-KQZWC0RGG,4
TG-7JNAUE689,3
TG-SG3PGLUN5,3
TG-B7C4KFLXC,3
TG-2Y3PXDPME,2
TG-YWYPSP3YH,4
TG-Z3ORCWL7Z,3
TG-83YU5W9L9,4
TG-3KTF8DNMM,5
TG-WSH6ZI06V,4
TG-MOD7G2JMA,3
TG-7A94AU4Y1,3
TG-9KCJTB29N,3
TG-BU4HNS00W,5
TG-YUOHI6FHW,3
TG-QK0PIBSC0,2
TG-TGU7KMEGE,3
TG-SJDC8L6Q7,3
TG-Z9J1BPXOV,1
TG-1DNLWBFW8,3
TG-AKYU3G68R,4
TG-9QVQ87ILL,5
TG-1CW7LJDFW,3
TG-L0U40OSQ3,2
TG-NEG6H3BJH,4
TG-TCUKS2XWI,3
TG-MUG04KUSD,3
TG-76EDWXIP9,3
TG-SZ441479F,4
TG-GIKGMI4M0,3
TG-7286QN0NT,2
TG-PR088DIED,5
TG-N97BLSUB1,2
TG-KJDB2DLUY,4
TG-ZG2WQ7Y7T,4
TG-RCI02DKZX,4
TG-L93417D4W,3
TG-SR9FMGULV,2
TG-OWBI3PW0C,5
TG-MZWR3B8E0,3
TG-RJR1TKSPT,4
TG-M6TR5GD4U,5
TG-AZJ4HI4DW,3
TG-ISWKZOXOS,3
TG-7WG8II1LF,3
TG-OIXANS6NE,2
TG-N7NO8O8K7,4
TG-ZW1N232KF,1
TG-KHRZHTYY4,5
TG-2VT8Y3CD5,3
TG-GP4VK9W7B,4
TG-W9R785GIX,5
TG-D31VMJZVW,3
TG-XZMMHFO34,4
TG-80VNUKRNK,4
TG-MKFYKLO12,2
TG-KSCMBVX0M,3
TG-735Z9KKEK,4
TG-GAETWY9TZ,3
TG-7R35IPHXR,4
TG-CTIQLZ8H8,5
TG-52HXFPA32,4
TG-48YIX355Z,3
TG-S8U8H3JB4,3
TG-AGZVUNRY3,4
TG-X655KKS2G,2
TG-WF8WACRBU,1
TG-HER6EV14E,5
TG-SQFWYI7OF,4
TG-06DV1RGD9,3
TG-ERTC4GHNF,2
TG-6EC7VJDUZ,4
TG-5PEWNRU5M,5
TG-9ZSCTLHIG,2
TG-MD6NSDHWB,3
TG-MJM33WKDT,4
TG-T3N9RG992,3
TG-90TQCQUN3,4
TG-UYQI6K31Q,4
TG-BWB5BUVYJ,4
TG-VF5EAJW3P,4
TG-LJBQ7JARZ,4
TG-KM1FX9GHY,4
TG-1SUIKXRM3,2
TG-LB2W573DR,3
TG-I8ITJA5X8,2
TG-DV6LA0LBV,5
TG-OF0SJM1W3,4
TG-DCI22MQ4W,4
TG-PEXHXT1DU,3
TG-GLEJICMDQ,2
TG-3CC0AXW5W,3
TG-2ZYZLDDIY,2
TG-RD84H9PY1,5
TG-FX2SCHMXW,1
TG-GTQY8XBDH,4
TG-7FIK7ZO8I,3
TG-6B3T5GQDD,3
TG-F7HYBD6VJ,4
TG-Q54DB3YIP,4
TG-2Q74WL928,2
TG-BP8ALY1RA,3
TG-H4Y1CNEZD,4
TG-KU5NRHIWM,4
TG-02X4QX3NV,4
TG-YZ2VI9S7F,3
TG-3DZIPIEVA,5
TG-BJMUO85DY,5
TG-3MUZWV7VA,3
TG-S3R30IEY5,4
TG-CM9DKYAHT,4
TG-N15QE9MHM,3
TG-04123P9J2,2
TG-EF4EWNWFB,3
TG-KVKVA9IPN,5
TG-K415WAOCP,3
TG-NGR6MP92Y,2
TG-V7UOYJCY8,4
TG-MAC2MU6LW,1
TG-8WTTGBF57,5
TG-KGN75W40N,5
TG-G2HXGE2ZL,3
TG-QZC4ZTJ2T,4
TG-D09B70AA0,3
TG-ZCM5MFABP,4
TG-RE8JH9ZX1,4
TG-YO3ALMGKQ,3
TG-E73DI1OJR,4
TG-SYZX88T0H,3
TG-4ZVAPD33H,5
TG-1UINGMHIY,5
TG-J1BTSC0R1,4
TG-37Z5PWXC0,3
TG-O1BQ607ZF,5
TG-4Q29QZCHD,4
TG-1U3LNFNQF,2
TG-27PABAV17,5
TG-K80S4FBC1,3
TG-XV285BC58,4
TG-Z55LFG5YP,3
TG-HLRYNT3NZ,4
TG-BK1ITONG7,3
TG-6KG0V45I2,2
TG-1ZL4WJG98,5
TG-R7HW4BRW5,4
TG-IRH512HQS,3
TG-HAD3ENHG1,5
TG-73TH5YPLX,2
TG-6G1ZFVPYA,4
TG-E3KT86ZY8,3
TG-QROZOX6HR,1
TG-WQ3IAD6WC,3
TG-UJF7DSUFE,4
TG-9H4DHANR2,2
TG-YUR4QI1JS,5
TG-UNOUFRAEM,3
TG-UOLY77ARM,2
TG-E94WBLVMF,3
TG-CLELD0FAB,4
TG-R8JMAIW8T,4
TG-BSV45EOE8,3
TG-CMFBN2HVS,5
TG-1ACZXLZBJ,3
TG-6VGNYF6SV,3
TG-8DO0A3QIV,5
TG-63NLC9GUV,5
TG-IQQFFX3TL,3
TG-6MRTJH3MU,4
TG-QU2VE7GUI,4
TG-Z6NHNIJLQ,3
TG-HXF1140YS,3
TG-YIYIWO7L1,3
TG-H01KWLD0T,3
TG-ZVV6HH56Y,3
TG-IN1WPR5X7,3
TG-GWZEIGE9A,4
TG-B7UD5LMIZ,3
TG-S0D41EJI1,5
TG-P6C2655R3,3
TG-PB61Q4DYH,5
TG-G8N5IL3Z9,2
TG-TCRD3V723,2
TG-KLC0T8RNE,3
TG-396JBZJ0A,4
TG-VM1VPZ570,3
TG-6UH5AQ6R0,5
TG-YUMZ4MQF5,5
TG-KK6PZJN6Y,3
TG-NWM48LH81,4
TG-1AYR8T6K4,4
TG-QZVODV5HS,3
TG-KPQ2ZB8JO,4
TG-91U3ETMPC,4
TG-ENPQ9LKC0,5
TG-440BRUQUI,4
TG-PFKZFJI8N,4
TG-4U8997EIP,3
TG-MJ6IDL4G5,5
TG-EXASKF9GP,3
TG-RK3B4O0YY,3
TG-ZA32CCDOF,4
TG-4W21COYZM,5
TG-K36W9HMON,3
TG-K0A2I5T8I,2
TG-7XRTHWA1W,3
TG-IQ4LZKXSH,3
TG-2K9Z64DI3,3
TG-QA23FK2KQ,4
TG-2KLXOGBOM,2
TG-M6U8OXU82,3
TG-D4L1OXKSS,2
TG-1KX1MOZCE,3
TG-OYKB8543M,5
TG-7DN6MOOH5,3
TG-WHE7CFZP3,4
TG-U6IBCX93U,4
TG-LWQOR72KU,2
TG-6KY9P8TO0,4
TG-UVH0HETWJ,4
TG-H6BGL2GPG,3
TG-EIVQSTFV5,3
TG-UU0PIQK49,3
TG-R0QPTJBVN,5
TG-3JDOX8O29,3
TG-XS77D0QHF,3
TG-BFEM9VI4U,3
TG-QG9M60KFI,1
TG-9SOB3IMSA,2
TG-5NT82RDYO,4
TG-HL4KZM56E,1
TG-V4GFL6BX3,1
TG-56WSDVWII,5
TG-O3V5091AY,3
TG-Y2A8Q9A0Q,3
TG-V6RUFZ8F9,4
TG-R2LSORCL9,5
TG-IBHWC3PDN,2
TG-XFDO31ROQ,4
TG-2BPYPZC5H,3
TG-NSLMC3YHU,1
TG-T0T22BZ8S,4
TG-CZ8XV8KYZ,3
TG-EPS0HHW1E,2
TG-9SU8358JX,3
TG-Z2HT2J9Z2,2
TG-IKO4JRNB8,2
TG-KYV7RG0YS,4
TG-ZCYBBTJGV,3
TG-H8WX686X4,4
TG-1MGQD2CZT,2
TG-UEPD8TMWF,2
TG-XB498UFPN,5
TG-DG8DQMU9H,3
TG-6LVYZECCD,3
TG-46IE3OPQB,1
TG-GS0AIPVAZ,3
TG-RL6A1UOJJ,5
TG-XNP98GOGL,5
TG-E7Q6BS5IW,5
TG-XEOA7K5AY,4
TG-L5LJTLGKW,3
TG-2QNPQOOHD,3
TG-6VERTMW2T,5
TG-P1PD4TG65,2
TG-KOI3TVHLA,4
TG-M6O320R2M,4
TG-ZL5LRZ66A,3
TG-9UOKITSPA,1
TG-YM071BTCR,5
TG-WQXDFXYWP,4
TG-VMFFSD7VE,3
TG-CQ59F2DLS,4
TG-VJCT5SBT1,3
TG-L8O2WSC90,3
TG-7BETNLD0L,2
TG-7PGFV0UWY,3
TG-1L1P09RN6,4
TG-EBLVECZ9T,4
TG-L5H12EZ64,2
TG-TC9QNSAE3,2
TG-7WZXGZSP2,5
TG-TRVIJ3BLR,4
TG-VCSVY4TCP,4
TG-545M39SRF,3
TG-4N13M496K,3
TG-D3P8TUGI6,3
TG-71ASJ8MD8,3
TG-E2AZOMZ23,3
TG-ZX1MDTSKD,4
TG-X7BWEYMAT,3
TG-ZAB8341J9,5
TG-IBARP3JO2,3
TG-LDJTXDGG4,4
TG-SEI4DBTLM,3
TG-PP8ZUJB32,3
TG-32HKI9XTR,4
TG-J526BIWVL,3
TG-24F0FI1U8,5
TG-8JU4JCHM1,3
TG-M1O2UBKTE,5
TG-7ROEB85TZ,3
TG-PSZWEZB1C,3
TG-CVRIRUCML,2
TG-D9OKPF97I,1
TG-1JWWNMES0,3
TG-8KI4CUZ6S,3
TG-HRYH0MK5C,4
TG-LFVGI76IE,3
TG-1QB1NW7MZ,4
TG-MVDLQQGQN,3
TG-I4493W2R2,1
TG-UFD47V4OY,2
TG-LM27HXT9B,5
TG-YOES8PXWD,4
TG-0MBD0BE3O,2
TG-4ETPGYDSY,5
TG-NMH02ESSV,4
TG-P7KA6OEOU,1
TG-VB24M9UY3,4
TG-Z1YYGAZI2,4
TG-41C7D4E65,4
TG-WN01RVSCV,4
TG-1PUVCGBVW,3
TG-5S382PZBS,4
TG-ORO86LA5J,2
TG-FIKY5M2U9,4
TG-SMCJ13IAJ,2
TG-V6EIQO8DV,4
TG-JYK3EFYNZ,3
TG-GWPOC1LW3,4
TG-HQAOZ87TL,4
TG-NNLDNKRE7,4
TG-6AFL4SXMP,4
TG-KOEQBO4HH,5
TG-5XLJXHJOB,2
TG-FI2KW1Y7P,4
TG-HIPEOL4EB,4
TG-CDA3BZLKC,1
TG-AIUOBDY7I,3
TG-5U44BXNHK,1
TG-BZDGY9MD9,4
TG-QN7JWYS3T,3
TG-Z188CSN6S,2
TG-6G3HJ6QGR,4
TG-P0LM4S0M2,5
TG-7Q02HILTV,3
TG-4TZ6K37H0,2
TG-Y8CG43ZAL,4
TG-NXHUI73LL,3
TG-4M3FKH2WL,3
TG-UQ29P9KAY,3
TG-U6QE1O4KY,4
TG-N4Y0ADL1P,4
TG-FJDASAXYT,4
TG-AAL0BWN8C,3
TG-VQRKQUBHS,3
TG-MVA909MR8,1
TG-OANJK83D5,4
TG-42SNLM872,5
TG-U9QNN23XW,2
TG-RDOGLBGVT,3
TG-GXKVVLYNX,5
TG-0CZJI9ZEI,5
TG-GQK01H3RX,3
TG-Q20I2UHOU,3
TG-QYVVDE09J,4
TG-YBSWI4WTI,4
TG-3WUYRQZOD,2
TG-0SASZ94CY,5
TG-WT5U0QY4I,5
TG-DNKJX0R7Z,5
TG-3H3WB3MO8,5
TG-QLT62V1I1,2
TG-Z584PSBHT,4
TG-P2U4ITMMY,3
TG-F97HKA2FB,5
TG-IF7D1L3BC,4
TG-5L3X3SDPS,1
TG-JR6RO1KS0,3
TG-XNEZL0P6Q,5
TG-EVT2H320N,3
TG-X0A067QGK,2
TG-54O5PULSO,1
TG-35CJXTRXX,3
TG-EDERB3RKS,4
TG-J7ZUO3TWB,4
TG-0W5M7S31A,2
TG-M0IMX1FW8,5
TG-X2MKUVDQ9,3
TG-LVT429KMB,5
TG-OPTQYXB1B,4
TG-GAMOA0ABD,5
TG-WL0OPKOWI,2
TG-F7Y7VDM53,5
TG-J3NDRP4QG,3
TG-N7G7K7426,4
TG-O1OJP7UM7,2
TG-J5BAOLZPX,3
TG-1QAJRSNVM,4
TG-3ODMCYM8F,4
TG-X05KR3AK3,3
TG-KT1DE1TQX,4
TG-LFIWMDDWM,3
TG-MXEP4XB84,5
TG-MC7LN0JER,2
TG-3476AQGVS,5
TG-QYR8KO8LQ,4
TG-5LUPWM8B2,5
TG-F7WZXC0FW,2
TG-K4NZZLBQ8,1
TG-8YCBF5ADS,3
TG-VHCCEA04J,5
TG-1XD754IXB,3
TG-C54XAP7BQ,4
TG-M6WZH2F77,4
TG-TBHJK8NII,3
TG-61W6TETJS,5
TG-J86H0HZBR,3
TG-UUAIGIRYN,3
TG-LCD4EHZ6A,5
TG-8ORST122U,3
TG-UL2LZKTL6,5
TG-KBDP8OZNB,2
TG-YS8HWXCJL,4
TG-TP65SG51I,3
TG-SCVB18M0U,2
TG-BC14ZYZ98,3
TG-SC68KLWW8,5
TG-4EZQZ0KOZ,3
TG-4R2KHCB02,4
TG-8VFZ10PU4,4
TG-NCHU2GHSE,4
TG-1IJ1TMUYS,5
TG-VMWO624OZ,4
TG-WLTGAHDZH,5
TG-LVP404VN2,3
TG-LBF7DF2X5,5
TG-VXRL4ZVQF,4
TG-2PBI9PPVH,3
TG-JCG9QKWEA,3
TG-T5EW3EC53,3
TG-Z1P4BOV3H,2
TG-FS90KF2HQ,3
TG-WM4W6ZI8P,3
TG-XJR4B4JNM,5
TG-F9R0AGXKF,4
TG-PY7BBHXDM,3
TG-XK98EH3EL,3
TG-JD65PBCIW,4
TG-5I1C0DILI,3
TG-VAYKNMKHB,4
TG-X77VCHRTU,3
TG-9P6KJ36A2,3
TG-KM6GU7ECE,3
TG-WT3XNGRT8,3
TG-VFCGIPILS,4
TG-KRU2RS4G6,2
TG-LYDAEROMT,4
TG-FOQBPGS78,2
TG-GX85M3T6Z,3
TG-DI9OWAS7D,2
TG-QA79VBV26,3
TG-HZ7DFWAFH,2
TG-Z177ZP3KU,2
TG-7QXPZ0OPY,3
TG-UEPTAY247,4
TG-DUQ4WH3PF,2
TG-FSHWM14E0,3
TG-YSLE7QO4V,3
TG-4C9Z59BR7,5
TG-PN70MP7WM,4
TG-VLGFKPF6Q,3
TG-ETW7019G5,3
TG-FPR9L5A3K,3
TG-KM501000Z,5
TG-JDSDKRZQ3,5
TG-VJGO6MAZ0,1
TG-Q3V3NBE21,3
TG-Y3R3RF4NM,2
TG-KMXLIAHVA,3
TG-G7UG29JKB,5
TG-JY5DCHIKH,3
TG-D1Z2N74JE,5
TG-JXHR7R7YD,4
TG-BI4NRO0OV,3
TG-LHHQS9UIB,2
TG-4MZVS02ZE,5
TG-QUE39OPII,2
TG-D8297U69J,1
TG-CZCDFFG3M,5
TG-GZCS0OFHC,4
TG-2NZXGJ4BN,3
TG-3RS1OIKRS,3
TG-CV95LN564,3
TG-OZT47QBUA,4
TG-54J47PJHU,2
TG-NM69KYCZT,2
TG-SFEENVI41,1
TG-FEGVHRFKW,4
TG-NBJ3YFJ4I,5
TG-Y7CY5DRO6,3
TG-DGVMTWKYO,3
TG-VH34VFDR1,3
TG-NKC1IL86Y,3
TG-PM6H0H9NO,3
TG-S0HVD1A8Q,3
TG-37WVWG6BR,4
TG-B7Z8YVJ0Z,5
TG-CSP5DUEQL,2
TG-U8QAKCCE4,3
TG-7H0LYDGPO,3
TG-21OR5F6IX,3
TG-LFXR9Y905,3
TG-IHCWH5OM4,3
TG-VDMHL7PYA,4
TG-RJOQ6G3FW,5
TG-QQGF1TYJO,4
TG-HH1CXSSJF,4
TG-2RGG4F4J5,3
TG-WZWEUTED9,5
TG-9H8FLQ3MT,3
TG-FETCCB66Q,5
TG-4P029PHGH,5
TG-XY0TTW21A,3
TG-E7SA7V56T,3
TG-K4ROTKF40,4
TG-JQF8HNKJA,4
TG-S0HVHXQ0C,2
TG-HK5ALXH4A,4
TG-BRB76X1OQ,3
TG-S9URZ1SOQ,4
TG-1JT82850Y,5
TG-OP5LEFLKW,4
TG-NHSFUENZV,3
TG-32FZWLGZJ,3
TG-4HKUKHH0E,3
TG-6KBURAR7G,3
TG-T9FRFOKFS,5
TG-F69K86CQJ,2
TG-U1SH6EMKA,4
TG-Y7RVRMCKF,3
TG-HTN84PESZ,4
TG-1Q4T9E1V8,3
TG-SAZGU0CC6,3
TG-3VPF8T56T,3
TG-CAX8ULJ95,5
TG-KPNFP7D69,3
TG-Z05FDFNTA,4
TG-YAUTNB1GH,5
TG-0GO0VX2R9,4
TG-F9MQSWY7N,3
TG-UVLRY3R0V,3
TG-9POAZOXOT,2
TG-SJULXAGR3,3
TG-6PKYCT6XB,3
TG-VYB6W6EWF,3
TG-4BOUIIUG1,5
TG-86O42KXO8,4
TG-TGJZIXARD,3
TG-AWRX18C8N,3
TG-XZDQ21T4Z,2
TG-U3TV2VZM5,2
TG-9GLEC4IH9,5
TG-3L8ZP8QSP,2
TG-GIQS75YNV,3
TG-FMLN26GPH,2
TG-H7QSUSADZ,3
TG-I81QA1V5E,4
TG-H0N8CEEX3,4
TG-AJM1YP4HZ,4
TG-L48YA8UX0,3
TG-EHEMDYH3J,5
TG-C6XLT0QEG,4
TG-X1P9LFMIR,5
TG-LV9J0OHF7,4
TG-3QGH5W9R0,3
TG-C7WZBKWHD,3
TG-P5G2HX18C,4
TG-SAVLLS0Y9,4
TG-GK2F7ODMI,5
TG-WCJ79FMHI,4
TG-BKLYG2KS6,4
TG-Z167DVCJ6,2
TG-O2V3S53AA,2
TG-Y5XKIXBKV,3
TG-P2WVXUZS1,2
TG-AEKPEH84M,2
TG-5M1MZ2PFB,2
TG-SZ7OTYQTL,3
TG-8S17QNBOO,3
TG-3OYIKSJ4A,2
TG-KHNG22650,3
TG-ONPTY5S1S,3
TG-EP0RLG6AR,4
TG-WR23YZ426,2
TG-25LVA6DUP,4
TG-WC39WU62Y,4
TG-X2ZRZNG8V,4
TG-EQB7WNOOK,2
TG-YCLF77HVP,4
TG-Y21IVCNWF,2
TG-T0R96VM90,3
TG-WZBM67KTI,2
TG-M3U2U1UOG,4
TG-W7A6NBWJG,4
TG-AVEIM4UAH,4
TG-LHX03WCNU,3
TG-7NEQ8OXW5,3
TG-XXDB8SKUR,2
TG-TODE7PNBO,3
TG-4PQS4D0FZ,5
TG-A2LVUD9D1,3
TG-9VZGLB4Z3,4
TG-IQCVEFGFK,3
TG-IM65MZYWV,2
TG-ACTN64W82,4
TG-NEXP7NHFT,4
TG-NT6IQYFL7,5
TG-PY04XFEMG,4
TG-HOS9X6VW9,1
TG-AL238LH7G,4
TG-4KB98RGMH,3
TG-H5K8IJ5ZH,4
TG-1192901VD,3
TG-P3R37F4IG,2
TG-BNAXF391M,4
TG-77XKBQFVF,3
TG-9GIINFX95,3
TG-ZAPZGSFY5,4
TG-H8CNTVG99,4
TG-Z5YJJRHW0,5
TG-JLWO8Y06O,5
TG-9VP5Q6236,2
TG-34WPQBKDK,4
TG-KFDRX99C0,3
TG-PCPXTT9NE,4
TG-G5U0BZOWJ,4
TG-NVHSZ4HS7,4
TG-OFYLA4JOO,3
TG-XAQPV3O38,3
TG-ZYY0J1XN6,4
TG-CC9KU7PEC,2
TG-EQPNTJTRN,3
TG-STQTWV65R,4
TG-ACC4RQ4DH,3
TG-KOUO02PBJ,4
TG-N1YTPXJ8Y,4
TG-SDUSQWM23,3
TG-EBJ16YCJY,3
TG-NTZ0Z7WKK,4
TG-E8G8KSK8G,2
TG-M4FFM7MY3,4
TG-QE4IG3KT5,5
TG-3WMUDTR8R,4
TG-YY6M1N9IF,2
TG-95S9PV7UL,3
TG-ZF7SGB3EB,3
TG-RUDY0ET4H,4
TG-G8L39BCJJ,4
TG-VLG8AEHHA,2
TG-YQS4AAFY0,4
TG-TCLN21PAR,2
TG-6B2XZP23D,3
TG-W6X6KMWR9,3
TG-AU2I1E22S,4
TG-TGQRLE63J,3
TG-JSRECU8NO,2
TG-P26GBV2MO,4
TG-32EI80NR5,4
TG-36BMH044U,4
TG-S6J20Y36A,5
TG-OYHGJ1J7B,5
TG-4YNO99G1Q,4
TG-118CJ3GVD,2
TG-X9UU56INK,3
TG-1XPG6NFQ7,3
TG-NX3B3X4YF,4
TG-O19YY611P,4
TG-W5IQS919B,2
TG-WHPBDBSUG,5
TG-XJVMPSZJ0,4
TG-PC7BYMJGP,4
TG-O94PQIOEZ,5
TG-JV053BEX3,2
TG-KL2HL94DV,3
TG-QAGFY8HNQ,2
TG-HWHV94KOZ,4
TG-OS38DM77X,5
TG-BK85LKQKC,3
TG-DAHX1426Y,5
TG-GFPFJ4RNC,4
TG-P60P3BRDI,5
TG-QFC4X55QN,4
TG-TWHMG0P7L,4
TG-ZIXVZSHFL,3
TG-KPNLZZ9G3,5
TG-HEG415774,2
TG-ICPS58ZRU,2
TG-UJ480O4RE,4
TG-UVDL4FDO1,4
TG-0769HLZXJ,5
TG-80RIQ2299,1
TG-G0KCE09SM,5
TG-FHE9R5J3J,1
TG-ABQHYU0GK,1
TG-6RW6TEZJH,5
TG-4BH857QZC,4
TG-7W1ZOUTQV,5
TG-0M0FF0B65,5
TG-1TLRRFWW8,2
TG-ODCN8W0AR,2
TG-V2LHXP1AC,5
TG-7RW3E7BR9,4
TG-9BEMOUQC5,2
TG-6RPV5XGAM,4
TG-ZPX9OL9EY,4
TG-SRA9UGC75,5
TG-TKWPYZES0,2
TG-MIRMF5V96,2
TG-3O2RRF8WY,2
TG-KAIVK86GL,3
TG-6RQHQO7J7,3
TG-L2WURR6EH,4
TG-YCXK1MNJY,4
TG-4BUDWPYHB,4
TG-7PS0O6BSG,4
TG-L6MYZ7NT8,3
TG-JQ3TVFZVF,5
TG-ANJGCREYF,3
TG-H8AH5R4HO,4
TG-XL4LOD2IY,4
TG-W0C6J4IK3,4
TG-UJBTWZOGD,3
TG-CIU0LO26O,2
TG-E1EJG0I7U,1
TG-WNHG564FZ,1
TG-SQV9HX7WA,3
TG-HHRYQ1FDA,4
TG-INI40005B,3
TG-I1OGWXN8W,5
TG-2JGZV6MW0,3
TG-AANZJQ0KL,3
TG-JWDJ25759,2
TG-DEVWQDQZL,4
TG-4ZA3QTPTQ,3
TG-HMQ46S62I,3
TG-6L4C8PC0Z,3
TG-D30RQDR4C,3
TG-ML2EZHX6E,1
TG-EV18EG9KD,5
TG-RXO3K2PMA,3
TG-53C31VBOU,5
TG-JO5BY91CR,4
TG-9GTSXQHEI,3
TG-0XS53GF1Y,3
TG-TZ2ABFX19,3
TG-2H3UQZUTC,2
TG-HX9JV0S83,5
TG-M0FHDED5O,4
TG-452KZRZ0Q,3
TG-D6XDB7I91,2
TG-X3IL0HACL,5
TG-8HXXQ9D75,3
TG-XYW1JYB27,3
TG-SYKSC6Q0O,3
TG-VKKVAM3EC,4
TG-0T375Y7Q6,3
TG-GA5C5TIN2,2
TG-CAIPXP3JC,3
TG-VMS3NBZTQ,4
TG-TPX8HZO7V,5
TG-KU4ETUOBT,4
TG-B4TIBQRHH,2
TG-00SDU2MOS,4
TG-XSFQX4KPH,5
TG-OI1C2IYYF,3
TG-R3OKMYZBR,3
TG-HHUK6IOC5,4
TG-N80F8LLKT,2
TG-O7NH3LPL6,3
TG-QXQ99YSZM,3
TG-JVNHGG45M,5
TG-6B5X3Q57F,5
TG-T53TVM2WI,3
TG-EPX3R845V,4
TG-Q1JX75OP7,3
TG-KOJ8JV9AE,3
TG-Q7GOCOAHX,2
TG-H12WPZKKZ,4
TG-6HD2WFX80,3
TG-QXMS4W6ON,3
TG-27HBJPSEB,3
TG-K1PS6PMIF,3
TG-RX0HSKFJB,3
TG-P66BBU13K,4
TG-CAJ71WFU3,3
TG-CU75VZEX7,2
TG-VYEA9AUSJ,5
TG-NHUDJXA41,3
TG-R60KFGTO9,3
TG-F3SVXH2N1,4
TG-BUWHHNM1B,3
TG-Q5O9J0TOR,3
TG-L7UW8BQRY,4
TG-STPLYBHY5,4
TG-36XK8HE9K,5
TG-LW8GDV45B,3
TG-OF9XUWHVP,3
TG-ZYK7TLJHU,4
TG-F5H0BAJHG,3
TG-COX4XBGPT,4
TG-WA754IP0A,4
TG-6J3LZI3Y4,3
TG-0BD2081DW,3
TG-BEV62090K,4
TG-DSXI91JNX,3
TG-XF702EHTV,4
TG-OG2G446FK,3
TG-49WE4C4NW,4
TG-EU0VO6735,2
TG-7W0SH2PB5,2
TG-JWQ1SDWVC,3
TG-0S45DD3E8,2
TG-3U65KBT2V,5
TG-RBLSHP8RK,1
TG-ZHHIY082D,2
TG-NKZYLV0PG,4
TG-023H05W3P,3
TG-NRDMDSRYE,4
TG-X68QGOB25,2
TG-PY29DKY6I,3
TG-DDJE33DTA,3
TG-3FABLG0NM,3
TG-IO7YXXVFQ,3
TG-3H7EIWUEE,5
TG-SLSTAQMIG,5
TG-BS6CNBDY8,5
TG-SF44FJYRQ,4
TG-BIYU1M6PS,3
TG-GDG9WN9YS,2
TG-87XL0WKIY,3
TG-YTLVX0HXY,3
TG-OMZH7309I,4
TG-4055X0E7Y,4
TG-0T0S4PLJK,3
TG-Z0PIMSAKN,3
TG-KDGWXPTAL,1
TG-B1WIRPQAE,3
TG-G850IRDEB,3
TG-NTMAIQU5J,3
TG-VN8F8H6CZ,4
TG-3SZ574UNG,4
TG-459ZYZ8JR,3
TG-GJVL88HVO,4
TG-ORKV0M51Y,3
TG-FYPFGG7TE,3
TG-A2RAOKDZI,3
TG-C96DHBS88,4
TG-CQ8NFIAV8,4
TG-349KTJ9W1,3
TG-S54WZZQA5,4
TG-NEIMH6HBC,4
TG-X2HF0G253,1
TG-RSUQ2ZC37,4
TG-3H8GDLFUN,4
TG-7NDZG2XXN,2
TG-6DR0LTYMP,5
TG-DOPMZE87W,5
TG-CVJ0XI1I6,3
TG-D5XP1R2JC,5
TG-IO6WR495E,3
TG-3LAPB9YPJ,3
TG-QE1HS7XWE,4
TG-VBIYDG2ZS,3
TG-VXXUWJU98,2
TG-7V7SW88HJ,2
TG-4J6EQBF7O,5
TG-8PEPUIZRX,4
TG-93JBKT7Y2,2
TG-X97G9OMSV,5
TG-B2F7J9VK8,5
TG-DOW4T1ONX,3
TG-JYCPYGFRO,5
TG-M9X7NJ88Z,3
TG-8C3Z1IQAN,2
TG-WCIY5MV2Y,4
TG-3J9VYBJAN,4
TG-3M5ZSASAF,3
TG-B6ST14YIZ,4
TG-ZRVNEMZST,5
TG-NTXVX204E,3
TG-GB2YLBBQQ,3
TG-QMSJ2PI4C,3
TG-ESSX7F9UA,4
TG-UFNSCXPFY,5
TG-4ALERGJHI,4
TG-DM5HQGH5Z,4
TG-M37EOG1GB,4
TG-UY20G99A3,2
TG-Z8DUU1KDY,5
TG-Q0QOVFCJH,5
TG-Q6JQX1T86,4
TG-YVCUD31OT,3
TG-58L60H29Z,4
TG-EX9BED6SQ,4
TG-3EN4YNCE9,4
TG-49CGHECCC,4
TG-ZQG9H1YEW,3
TG-JTU2XHC0F,1
TG-TIU3LXQPO,5
TG-D6Z9PIRGM,3
TG-LZWVAJ2QR,4
TG-KBXUP1UJ3,3
TG-B82B9I5QZ,3
TG-A8X3S81F5,4
TG-FCOGCV3YD,3
TG-XHUJRETJT,3
TG-IW84NMMDY,3
TG-UONBXVCWQ,3
TG-WH0JRCFXR,3
TG-X3E24AN33,2
TG-5GTT493Y2,3
TG-HDNFQGSMO,2
TG-CDWCOFU9E,4
TG-XKSIQIERU,4
TG-X6IO2WBMT,3
TG-V8PPVJHEQ,4
TG-XBI2JA0LY,5
TG-AZAJPDX7U,4
TG-N7709PXU2,4
TG-0K44QINJP,5
TG-WRWGAYIPR,5
TG-PA877J1TG,3
TG-FAHCJJ5CA,3
TG-UZFNCJT3Q,4
TG-LE76C4KUL,3
TG-4JMSHJJS1,3
TG-QT5EUMFE5,3
TG-0MWDJZFJ3,3
TG-XDKQRY35G,3
TG-DEAAM7MBT,3
TG-QR8YPMYS1,3
TG-W6OWI6IQT,3
TG-EKI1ACD6I,4
TG-9ESM6CPOU,4
TG-LZLTX97JM,2
TG-01B7XZ4DL,4
TG-5CFJRKDBF,3
TG-J925YX665,2
TG-2C48QPNTQ,2
TG-DY5KH2CXQ,4
TG-46U04FJUY,5
TG-OTJGZUK74,2
TG-UO9T4ZUYI,4
TG-U3MMQTFQM,2
TG-3FEBQATJJ,4
TG-MPAD1A7QT,4
TG-18UCFL837,4
TG-WWZX09U2S,4
TG-IN2IRGW7T,3
TG-KFFRWQ9U0,2
TG-6CL0DNKR7,4
TG-XZF0RMGVH,3
TG-7TUE49I92,5
TG-I9N26V2H5,2
TG-A3Q0XMYBX,3
TG-HMIMZTXUN,3
TG-94BPZI1HY,4
TG-0BH5L3ATP,3
TG-VUEFUP9J5,1
TG-EYU9UDLJ0,3
TG-DI2LFWNRR,4
TG-NKA2W4SPZ,4
TG-49OYB6EHE,2
TG-CITTN67EJ,4
TG-586LA3GYU,3
TG-EC4QKKT0Q,1
TG-MOV5N9B5Y,3
TG-GY39X0NIH,2
TG-1BE3IRSWF,2
TG-L46QXQZCV,4
TG-KMODUSNF1,3
TG-EGUHJ32SZ,5
TG-PXOB5HUU8,3
TG-8O9HLWJQU,3
TG-4G7N3I288,1
TG-61H1XNCRU,4
TG-9AIBDICNH,4
TG-47UKWUU3Y,5
TG-42ELJOQ18,3
TG-JBK2UQDUE,4
TG-03ZIXG9MB,2
TG-WDZWLCZ28,4
TG-H0N0YNU5G,5
TG-P4RTJRTFO,2
TG-NRV4EV245,2
TG-GMR3R6NPB,2
TG-BDQGVRRN0,3
TG-QUTENAW2E,3
TG-J5KR2KLL4,3
TG-S60ETFBEE,4
TG-MJSJN36DL,2
TG-TK4N4KWTQ,3
TG-JKN8FQOVJ,3
TG-PV1MN60LQ,4
TG-HXBBDYK6R,4
TG-1FT1N2ZZN,1
TG-H3PMQAZPZ,4
TG-9KRG7EO1V,5
TG-LVDJG0527,4
TG-CXKOP2058,4
TG-G4PN2KYWC,3
TG-9CYL47L1Z,4
TG-2YZ5CPZ19,4
TG-1KNTGXDRV,2
TG-WJLJJ1GA5,1
TG-KIZCDP2AT,4
TG-GWIOAFREP,1
TG-QU3HB9QOJ,5
TG-BT6G0BER6,3
TG-PWMNXCHRF,3
TG-LZNVPRPJK,5
TG-K22TMBZDN,3
TG-2MJ7E3XMD,3
TG-OWCVO2296,3
TG-5ZJ7MN0EW,5
TG-D0X2NUPW4,3
TG-MGGA1RDE3,4
TG-OUHYKKVIP,1
TG-Z9DLWIXKP,4
TG-I0EM39RGA,5
TG-Y7PM8QI4X,3
TG-VNBS4BSOS,3
TG-MSN12IUK9,4
TG-ZUXV1Y4O8,5
TG-9L9N4RS5E,3
TG-JLQARHZ3B,2
TG-UCA3OBU6Z,2
TG-K55PJP99Z,3
TG-JGM2N7HD7,4
TG-0IB6BK0W1,2
TG-GQ2BE7SB0,4
TG-MQTKLVAC3,4
TG-U8K8DY8HU,4
TG-BRG4T1T3N,3
TG-O1JO1WAP6,4
TG-IA49NKJNL,5
TG-VTAKFVR3V,5
TG-1EBTIO2ES,5
TG-2NX7Q8GQJ,5
TG-AP8Y19OUB,3
TG-B3QM5TV4U,4
TG-25B7V3HVD,2
TG-VGE5WU2R2,4
TG-BMM7DAF4E,3
TG-EV5I84FCA,5
TG-D4MSQ9FJC,3
TG-W0CSDJ21F,2
TG-76VLB3T95,5
TG-0GRSX1SO2,5
TG-DY0D056IJ,1
TG-1AE9SG1HL,3
TG-BXWHS3F5T,2
TG-6E565GQUL,5
TG-3L7KNDTDN,2
TG-F8HOKY684,2
TG-0ZSP740OB,1
TG-2T44VD806,3
TG-ZHFIPKPSQ,4
TG-EQSM3RBZB,5
TG-FIY1WS3GA,2
TG-EQFUBWXM2,5
TG-Y5MU2CG0R,4
TG-IQO3PLTD3,4
TG-ONSGBUGC6,4
TG-YB261VCMU,3
TG-TR8BP5PLM,2
TG-91GYDOM7H,4
TG-77ZK9UNSY,5
TG-7Z1V01ZLZ,4
TG-ASEV3V7FM,3
TG-3YXSEZL9H,2
TG-XWFNIIMUD,3
TG-XGOVX8PTP,4
TG-RZAGHFON9,1
TG-KIOGA8FDU,3
TG-FJB77ITGP,4
TG-RHICV6OJR,5
TG-IR8CPNHHF,3
TG-QCYFO6C7R,4
TG-LBNW8SCCS,5
TG-AR41IV5UX,1
TG-YL45APKPH,3
TG-T3UF4MXV2,4
TG-STXRVEMNY,4
TG-U7NUQ9OWS,3
TG-2HK8BJCA4,2
TG-G6ETJ607Y,5
TG-0EZOLM7O8,3
TG-GPL9DE9IM,3
TG-SIWFJZTZI,3
TG-FPVJGDL31,3
TG-I29AOH1ST,5
TG-I7NM6610T,5
TG-FQTNUXG31,4
TG-U13W0S5GW,3
TG-2UAO7J1BK,3
TG-TU1J7A2DK,4
TG-ANESFGEU0,3
TG-62NS0ZJ00,5
TG-3BGPOXTYO,3
TG-5E4WTJ9BU,2
TG-GA2T172ME,3
TG-T9EEGO4QY,5
TG-XEV6JE9D7,3
TG-KZL14MMZB,4
TG-TH3Q2MLRL,3
TG-8L88LAU9E,3
TG-T2PHKF7LR,3
TG-HA02451FB,3
TG-Y0VSDSLQM,5
TG-KBA28L4MR,2
TG-4V5E3MMRM,4
TG-S7ZGWUNBY,2
TG-WF83ZV36M,5
TG-KG77BF8XV,5
TG-HNP3FLYLB,3
TG-CPRBJUX34,2
TG-EVM5XCNGF,3
TG-7QJWWM721,3
TG-9SACF9RHJ,3
TG-MHY78XNAH,4
TG-YNRQ6CD07,3
TG-YS76DFWWF,1
TG-5FSPUS1VY,3
TG-YN2I4MKCZ,4
TG-I5EWU521Z,3
TG-CYKES8A0S,2
TG-GKVS9L74H,4
TG-YP30QYHB9,5
TG-X7NQ9N67E,3
TG-63WV2JRHY,3
TG-D0QG1A8C5,1
TG-ARK928636,3
TG-EJJAVTFW9,3
TG-AH3TA3F6D,5
TG-A2RU7UEYK,2
TG-NB9OG5NEH,2
TG-KR14JQL4Q,4
TG-Y2L9X0W71,3
TG-SJ10UGBXY,4
TG-O3WCXHNWJ,5
TG-IR14C490P,3
TG-23D1Y8V9P,3
TG-0MK90NUHH,3
TG-1FIR95BXG,5
TG-O8PML0BQN,3
TG-K3QW9Z60M,4
TG-2A7BW32XX,3
TG-NWH6JYY0E,1
TG-W1VPNT53M,3
TG-A7CXQJIEZ,2
TG-6H7EE4K9S,3
TG-EOBCSOSLO,4
TG-20S3WAWNW,4
TG-PN6TJD8XU,4
TG-ME78OEN3U,4
TG-Z0J5BWOCD,3
TG-LUHHJWO9G,3
TG-5AIIMPGV2,5
TG-J7VXASSVX,3
TG-WCBBU1HBD,2
TG-14UNWYUXK,5
TG-GCWNKDG81,4
TG-0NZDBEPCD,4
TG-3AGQ0QSZJ,4
TG-QECCCQ1LR,3
TG-VIUZP90O0,4
TG-8FWXZZOLW,2
TG-FVOP3EH3V,3
TG-L5IKQZ4GF,5
TG-NRKZ8H4WE,5
TG-FIYNJ2BJG,2
TG-YS3JEYQEB,3
TG-BJNRGIPXL,4
TG-S4CP4FZX7,3
TG-KRCN98SFV,3
TG-ILJBA6XNY,2
TG-2Q3BYKTU2,5
TG-ZKK9PKMMN,3
TG-B3GAJ7O8S,2
TG-WXWPQPW0H,4
TG-DKHR8K87N,4
TG-G7CWWQOGX,5
TG-1YY9FOMXO,2
TG-0UGA6HUA3,3
TG-21UECYFJ7,4
TG-FTC6AFXIC,4
TG-A43Q5KBBS,2
TG-UOIWU7WNU,5
TG-5TXXKTTZ8,3
TG-0G8DFRSFQ,4
TG-QYWLLQ95T,2
TG-95PW78EX7,5
TG-PR78AQA7Z,3
TG-51PRISRBR,4
TG-PCZPNKM60,3
TG-A5I3RMH5R,2
TG-U4F7M51KG,4
TG-HKXDOM1NE,5
TG-X6SA9FBT0,1
TG-DZY2JVLR9,4
TG-I8VS38Y8Y,4
TG-LQUGF3WQ3,3
TG-V138567SC,3
TG-BWLCV7AHA,4
TG-B6RI6W6GN,3
TG-5F72R29IH,3
TG-58WF4NXKQ,4
TG-8VRSA42ZT,4
TG-YCW814SJA,4
TG-RIBZU0HER,4
TG-UEHGDH27D,4
TG-XB0RIV7XN,4
TG-NSIC9EHGE,3
TG-AC7JPL91P,4
TG-UXPYZKRKA,4
TG-MIB6X8FXB,4
TG-Z00027HEJ,3
TG-K8CU3X7HI,4
TG-JJGVE2NEW,2
TG-PX5KLOK96,4
TG-GJB78E7XX,4
TG-E6M682E7L,3
TG-IGP14POOF,4
TG-ZTJ8SZ6V8,5
TG-0VX1XR2IG,4
TG-QQQ5PRXU4,3
TG-L430ASB95,1
TG-KDZR5ZJX0,2
TG-OKWLXIWB2,3
TG-5NFD52LH4,2
TG-ANY30X7VT,5
TG-HRE2Y12YM,2
TG-6DFVACG9Y,4
TG-EMGXPPXZT,2
TG-ZL9S7QLTR,3
TG-GOTZXAZMR,3
TG-MB0B8KD5G,3
TG-HZV1DS3WV,5
TG-A747RXV11,3
TG-4WCFG39YO,3
TG-HIEYN1ANC,3
TG-OVU98KH5E,2
TG-SSHIVIB2S,3
TG-BQ5ZIOCVQ,4
TG-ZH47HEX26,3
TG-ODTOBCOA4,2
TG-V4XSRC0S0,4
TG-H5RJCPAI1,4
TG-LD530Q547,3
TG-TJ3QD7D1K,4
TG-BROS5FR7O,2
TG-EY1GOL3AX,3
TG-OVKXGLEQK,2
TG-2AHES9XL0,5
TG-L2Z9ZVGEJ,3
TG-PPYCRHVIO,5
TG-4PHSB27MS,3
TG-85U1ARCUB,3
TG-7AAHTFQ8Y,3
TG-3VJEOCCJ1,5
TG-WHL2TMM50,3
TG-EV8BHBXIU,3
TG-JV83PYCA4,4
TG-OPVQ7EEQK,3
TG-RSZ30JI6E,3
TG-KKCYUZL7Z,2
TG-TKX6O81YT,2
TG-3Y6Z65LX0,3
TG-4G8ZSOTNM,3
TG-87RXQ4C3I,1
TG-4OIMY4X9X,3
TG-EGMU8SE1U,2
TG-39QK4K12S,3
TG-8MJLTZ3K1,4
TG-4OI8UIPK1,3
TG-RIIC8TZWC,2
TG-JA6GIIK5R,2
TG-2Z4LFANJ7,5
TG-LSDBT7921,3
TG-DX2AF9NN2,4
TG-LHTCPJ3UN,3
TG-3IQTG225S,2
TG-QNZ122JWJ,1
TG-BCICMBJKP,4
TG-8U9PXXBJB,3
TG-PPR5GVPGI,5
TG-O5O6YGW7X,4
TG-MXUWAVH2Z,5
TG-2TIXJEYF4,5
TG-B8F4FYUN3,4
TG-GMH2Y7FU8,4
TG-HS3E1K6N8,3
TG-Y70TT9VBJ,4
TG-2MPAMUG4C,4
TG-RI4CLQIR7,3
TG-3MK08JGVF,2
TG-AOTTJOCS7,4
TG-UAGPDXGOV,2
TG-G4LT0ZRLW,4
TG-DFHFWTWZS,3
TG-YH7Q2N6E9,5
TG-XSPA8UGE4,2
TG-P26EGYCEK,3
TG-WNBQBB750,4
TG-FV9JSOOQP,5
TG-EMBGXV0SN,4
TG-GXOPO9YXE,5
TG-CW450KHWD,3
TG-G4MMNT0D7,4
TG-COFIQ7JWV,1
TG-3G2RA59WK,3
TG-X87JN0TFX,3
TG-PCM7G8EQ8,3
TG-00K6VH3KI,2
TG-1RC29BRXE,5
TG-MNN49QNRT,2
TG-4EKKFA5G6,4
TG-OWNXQSXL4,3
TG-LQRSZHZ45,5
TG-OBWQJ73YA,4
TG-IRZFJVQQJ,3
TG-JS4QDYB5T,2
TG-6HJFTZSDX,5
TG-KZFDWDCUL,5
TG-D7C4JRFF1,3
TG-X580UNZVA,4
TG-CU9MUYZ7G,2
TG-N9TGLYL7Y,3
TG-W70MKBGCK,4
TG-R1412STYH,3
TG-416DP0KYZ,3
TG-B5SK1PD2U,5
TG-74C4EX3S3,4
TG-VGR7G4GW4,3
TG-0ERUHDQMG,3
TG-FW1RO65EI,5
TG-3AZKV6FCJ,2
TG-HU1TE8EIO,4
TG-TUDJLLKH7,3
TG-2TU63OXQR,2
TG-Y2LWMJN3W,4
TG-ZPWPG3VF5,3
TG-EV7U7LS4M,5
TG-5AIN2ATPZ,3
TG-FNGP94DIX,4
TG-G4041UU5I,5
TG-ZER9PBUY9,4
TG-66Q6S1HG0,2
TG-S4II7V3Y1,3
TG-PPO1L6UJ6,4
TG-AB0NY5KQO,3
TG-RMOLO6C1Z,3
TG-AI2M3NHZI,5
TG-0TK1SOI44,4
TG-URP7249XA,3
TG-JWLMUCZ2I,3
TG-FCRF6F7HB,4
TG-GYN9TVOAT,4
TG-S3T97POA2,3
TG-58FB4VD4V,3
TG-01SRZAZSH,3
TG-7WV6GOIS7,3
TG-0ZB4F3PCR,5
TG-0WVPBXPFP,5
TG-TJ1A13F61,4
TG-Y5RU9VS4L,3
TG-XLG7D3KP5,4
TG-YIBFTZKJY,4
TG-W8W0W0HNY,2
TG-FYV3S9EDJ,4
TG-3XRGYKUO9,5
TG-Q8IZB6GEQ,1
TG-SJWJ566E6,2
TG-F2WUJWYZT,5
TG-B1Z7C6P3K,5
TG-6EBEZ0K0J,2
TG-O0J32P6KN,4
TG-XJ70Y96BA,1
TG-39YOYT7T9,4
TG-FG7DQKP1Y,2
TG-7JTJLV9OO,5
TG-66QFYGSJB,3
TG-54ERO74QM,3
TG-6TU2MMOLY,5
TG-F2ONHIG7J,2
TG-569GHZLNP,4
TG-EBIUL9BUW,2
TG-HJKLYUN8E,3
TG-YSFCIXMVE,3
TG-2HA7JXYK3,2
TG-LCRHIVMQC,3
TG-ZAU1Q3WKO,4
TG-24E5SGODP,3
TG-ZDJ6PXWS8,3
TG-HV1CEBGJA,4
TG-EN1DZO8SR,5
TG-HEUQS0YOR,5
TG-T863AEI1W,3
TG-LEYWS7V70,4
TG-Z4WNRJEJD,5
TG-8W597QYCE,3
TG-2U51MVP34,4
TG-M4B5W70EG,3
TG-6JP35MGAU,3
TG-KHIFV8LDW,3
TG-L4SCCY34V,1
TG-FVOA1FM1C,4
TG-7VGO4HMQI,4
TG-91CTSHGFX,3
TG-NL3OZCUTE,1
TG-DDEF84K4V,3
TG-LNCMXE87Z,4
TG-HZRLVPVOT,5
TG-K1RK2CLRZ,3
TG-4AGLXR1XJ,4
TG-1LGYY5XFO,4
TG-Q9HPS65I3,3
TG-T9KPKERDX,4
TG-QCLZ1NSZY,4
TG-26DC79KMW,3
TG-9V4SMDNXU,3
TG-GGFJ5NYLN,3
TG-8NVMRIW12,3
TG-60EG3PNLJ,5
TG-XW6ZXEG2Z,5
TG-8NEALZX6Y,3
TG-S09D8UBP0,2
TG-DXDBTLQ5S,3
TG-JJNKA1CYA,3
TG-A35U4GOKE,4
TG-XN15VCF3L,3
TG-HT00WTIQW,2
TG-OVZJNI6KY,4
TG-KMPLK53PG,3
TG-KLBBNYEFH,3
TG-HBDU86RM8,4
TG-LQT2TQ79J,3
TG-F3X40P9EI,3
TG-MZ2ACK5RW,4
TG-M4J7Z54DP,1
TG-1ELDISOKL,2
TG-U5NM02SOK,2
TG-6K4U0X382,5
TG-XDHOQNHAW,3
TG-HJENAV9KA,3
TG-86ZYM3UBG,3
TG-26B13BZX0,3
TG-9VI7R0UBH,4
TG-V7ZWCCIQ1,5
TG-6ESUNEOVI,5
TG-8GN8CIV7C,3
TG-R3VSIZRA6,2
TG-I9B0LRRQ2,4
TG-IOKT50R7K,5
TG-WEGFPVLD2,5
TG-569JH149E,4
TG-8MNYZ44BL,4
TG-JRYP9GCXD,4
TG-PDG50VONZ,5
TG-J4Z3DU0ND,5
TG-JT0NIKANI,2
TG-X7B3FI929,4
TG-Z0Q54INVR,3
TG-O5ZEL6CFP,2
TG-A6EHIF4O9,2
TG-EW5E6H5UY,4
TG-PUJZYIAWK,4
TG-T5AW94ALI,3
TG-TGXINOGJ6,2
TG-D4HQDMEQY,3
TG-W45K7WMTW,2
TG-8QMM0I986,2
TG-NTER4IGGY,5
TG-1SR2DL6IA,5
TG-38JM1AQQK,5
TG-WS3DS4E8G,5
TG-L4BOTDAL1,3
TG-4YBCSPIE6,2
TG-K8W9GG9A1,1
TG-D1PBEKVDD,5
TG-QIS0V5K2N,4
TG-KRH02340U,4
TG-1NXFRYIEU,2
TG-XHO2RZV3O,5
TG-PL9KSCP51,4
TG-PGWY9ZK17,4
TG-6HB3UENF0,5
TG-WMZARTJVZ,5
TG-HR2MEAPO6,5
TG-X1T9G3UNA,5
TG-9FOCG768L,5
TG-U942MF2JR,3
TG-OB0AD8X9C,3
TG-KPWPNIPBU,2
TG-WZFOHZMFO,4
TG-LC3DJESZX,5
TG-Y4IO73WPT,4
TG-13OU7TZ0F,5
TG-PKC2RB1EC,2
TG-AYNTXBWIP,4
TG-8Y9594DVY,4
TG-KDB1EXSUH,4
TG-0IU9X8C3O,3
TG-P7S1UNDRY,5
TG-6JVVDW6VN,5
TG-SPCOW4A4L,2
TG-6VK0H79OP,5
TG-K9NQ4PVX6,1
TG-VQBXUPV1G,2
TG-TASHCIUIS,3
TG-DXPPFERJT,5
TG-YRGAB1N7Z,4
TG-1FKYT6SKJ,4
TG-PSA5RS8LM,3
TG-KA6FAMCP1,2
TG-A6TB7B8JJ,4
TG-A89NU1W5D,3
TG-B2SE7KZ1L,2
TG-HVBRE358C,3
TG-PVESPGX43,2
TG-EELW2BII2,4
TG-WV3J6GJ3Z,5
TG-I8R86SCXQ,3
TG-BGRFQGYDT,4
TG-8FBOA0GS8,4
TG-58RZ27DDY,5
TG-M2GV25CPS,3
TG-FE462RH20,2
TG-HZPYLGY34,4
TG-VMF60VTZJ,5
TG-WS8EW689E,3
TG-80STIJFUW,5
TG-UDJAW6QES,4
TG-4JFD1J5MR,4
TG-48G1V0K81,3
TG-QQ7KH2MQ4,4
TG-IOHCP4TFN,2
TG-AGLC9LYTJ,3
TG-F03SFQP3O,3
TG-O8PG4ENX8,4
TG-A6LKOYJZ7,3
TG-B3A7YAE4S,4
TG-GHCGZXDIQ,4
TG-2HLW26OM5,5
TG-53KJA1UOL,3
TG-14JKQJ9XO,3
TG-I5QTRBK8E,2
TG-XPLDNT7XO,3
TG-PS89BKXPX,2
TG-052GAJEJL,3
TG-BQZZ8O2EB,4
TG-AI35P26I7,5
TG-C7SO39V90,3
TG-R96K46JG9,5
TG-LTYJC09DL,3
TG-QUUC4UYS2,4
TG-XHSHCNAIA,2
TG-082DCXTWQ,5
TG-8FSQ3GLYU,3
TG-WTQCGDP9E,2
TG-M9FME2WBM,4
TG-U9XNYPYW1,5
TG-SAWHLBPB7,1
TG-A5EF5TH69,4
TG-1I7IEPL4U,4
TG-73TYDPNOS,4
TG-SOVR4Q2ZI,5
TG-2QPHKCK4A,4
TG-FVMLX8STK,4
TG-EH9FJLIPG,4
TG-H3OFZ6ATS,3
TG-SYLW1FSPT,2
TG-DLT1ACHRF,3
TG-A4T65J7VU,2
TG-ZN19MN5TQ,4
TG-9ECJYA8SJ,4
TG-9HH2DH5MX,4
TG-N1XNZS5XS,5
TG-JIQ3CY0HH,4
TG-KUDF8RL0B,4
TG-BMH8VDRCF,4
TG-0BF94M9UD,4
TG-UUFAFQZBJ,5
TG-WQB3ONR0C,4
TG-3Z4BTT2MQ,4
TG-BQPBXTOJE,3
TG-PYKMHRA0Z,3
TG-SUEPFB5N1,3
TG-C8277DN0Z,4
TG-Z9VAE0613,4
TG-NCLYZZ1HD,2
TG-H30MOXYR7,3
TG-UIVBP9AL2,4
TG-4LPUEDTOH,4
TG-27SCHRXTY,4
TG-2DCXTSXOD,3
TG-84JLFLS67,3
TG-2YO535DV9,2
TG-B35E7JHLO,3
TG-5OAP3L6HB,5
TG-4N16OHCLG,5
TG-M1Y1WP2GI,2
TG-SM2Q96DUT,5
TG-8KZJ14FA0,4
TG-2K23NNDK2,5
TG-8JUL4E3JC,3
TG-M9ULLQ2EZ,3
TG-JOETO94R2,4
TG-7L5PCZOV5,4
TG-Q84N6TT6N,1
TG-1D09G11KJ,3
TG-OO5PIW6YU,3
TG-OIKAEY0XB,2
TG-29G8AX1BW,4
TG-1W0F5LHQX,5
TG-FQDEXE70Z,3
TG-RMYD3IZQP,3
TG-21KO6IWWV,2
TG-AGMGLN810,5
TG-ZDHNO5VY3,4
TG-SQBJ7FUJS,2
TG-PAHN0WXVH,3
TG-Q1H5YNKDV,2
TG-0GC8PA3FC,4
TG-7RII5OVLN,3
TG-9RCH2TL1P,3
TG-35C58RPH3,4
TG-YWWN7PCJR,4
TG-KOBF5ZPEI,4
TG-9YF7976V4,4
TG-29ZESUQIW,5
TG-9X1AKX9TD,5
TG-0FZZHYCNK,3
TG-RNC8F0G6V,2
TG-RYYQK3P8N,4
TG-MD4DNSOEE,4
TG-RSW4H0IWE,2
TG-ZTJZ955PT,5
TG-XDCF4YGL6,4
TG-8J84DXWKE,4
TG-VCJBQD2JH,3
TG-83D9V7P1F,2
TG-W2SMNJLVW,5
TG-1TQ3HJFG4,1
TG-40C95W0TS,2
TG-D7XMEC2PW,4
TG-9AEMM8075,5
TG-EKOXV01VG,3
TG-CKEB9MALA,4
TG-JBIEV45A2,4
TG-FXSX25EUT,4
TG-BYTQZG9ZO,3
TG-VYFSTPXAG,4
TG-1T6FY7OCI,2
TG-PEHP1YQAZ,4
TG-0Q89ANTTG,4
TG-P8RE72KZZ,5
TG-SKLPU8E7A,4
TG-R4V7PG9X6,5
TG-JN4KS7DLO,3
TG-7YAZ53VTF,3
TG-A7T7KNS9X,4
TG-P6BEXWNBQ,3
TG-HFPT8R48M,3
TG-9FMN1S6AV,2
TG-ZAL85AD1Z,3
TG-4KPSQLWLN,5
TG-DLAWH5MVJ,3
TG-K09FXMPD0,4
TG-7GKDSAMFD,3
TG-AU4SDLHYW,5
TG-NR9H8U8O9,4
TG-U4LOG0BOS,4
TG-JMWO1J2A1,5
TG-NP2PIQ9CE,2
TG-ZQ4H84MUG,3
TG-F97IJKKTN,3
TG-YIR6BWS8O,3
TG-TEF75LBQZ,4
TG-DZ9FSW57E,5
TG-WET7D4PNK,2
TG-IOK8ZFN4J,3
TG-83S6ZC572,3
TG-0L1M7QOCA,5
TG-PTKQBKGC9,4
TG-VGMIPKL3W,2
TG-DT6FA4D35,4
TG-HKJWVNBZ5,2
TG-Y5593KESR,2
TG-5L6PQ9GA7,3
TG-IELGFPNWH,5
TG-S03FZXH1C,2
TG-WHC439EZG,2
TG-WHRAOVQVH,2
TG-WIPGBK10I,2
TG-B22TKGO97,3
TG-0GBQAYWP6,4
TG-K3LNNJVKH,4
TG-8QE8LUS7C,3
TG-5Z06UCOX7,5
TG-3Q3SFHGJL,2
TG-W0HGWGR13,4
TG-EZJ54IPKB,4
TG-2KNCGTZUD,3
TG-ELIW5DYF8,3
TG-8DBPACPMB,2
TG-2W4N8M0E4,3
TG-93Z614GV8,4
TG-Q8B351C7X,3
TG-PCUSPTRAP,2
TG-JXJ3WVXXG,4
TG-07BMX2CYS,3
TG-OLZZCX2AF,3
TG-0CMM69WRG,3
TG-8YWQJF3IX,1
TG-P9LOW5JWY,3
TG-3RERH61TG,2
TG-EV1ICPPCR,3
TG-0GFY5JYTG,4
TG-LJWA71TWY,5
TG-YMB3X010C,4
TG-K98TEOSO2,3
TG-HNAHNK4IN,5
TG-0YWDTN2UG,4
TG-RDI7DBJWG,3
TG-OI7I1W2BG,3
TG-U76UY5FDF,3
TG-LGDATN8O3,3
TG-EP5732HGC,5
TG-1SSRTYL7H,4
TG-XN4BZL7PL,2
TG-5CYOR1EC2,2
TG-IA8MI4LE5,3
TG-NCSE2SOP0,1
TG-6MENMPGIL,2
TG-8YN8MWKV7,3
TG-QRYATNPRO,4
TG-CLC1MXI4K,5
TG-LO2MEPZBW,5
TG-2OW2F9HFM,3
TG-KXCB9MMUN,3
TG-J5XG35TB2,3
TG-8GCXSAPEK,4
TG-RF14OX8RM,2
TG-ZJ3PF5I4E,3
TG-1BGPYQGUR,4
TG-D38CYMDGI,4
TG-MSIE214X5,5
TG-2FS1XKS6J,4
TG-RDRI7QXAE,2
TG-LU7QLDCP0,3
TG-MC8W29HR0,3
TG-OSF3X5JLW,4
TG-8WJXJ7HBC,5
TG-AFUDUTF3I,3
TG-NB1RFQQT7,3
TG-0U2FSDU1Q,4
TG-NRV8R3V09,4
TG-6ORLTLFJR,4
TG-F4LYLN2YE,4
TG-BUD412X69,3
TG-H1EQ26Y9S,5
TG-SKJZQKN4P,3
TG-ZEKJ2HVQ3,2
TG-5OS1H1RK8,5
TG-972SHZZT0,4
TG-ER1KJWK5M,3
TG-KLVM6PT3S,3
TG-HS4KQU88M,3
TG-3VJZ2I7QH,3
TG-3OVTVI5AS,3
TG-D24GE7M9G,2
TG-YSJTMTX3N,3
TG-5AW2Y2JMT,4
TG-Z73UFA8SM,3
TG-4CIZL4D1W,4
TG-O2J913286,3
TG-RQPV6EW8N,3
TG-K3U7L6TD0,2
TG-GNVYAVPZN,3
TG-QFCRN249F,4
TG-GE3E4C82Q,3
TG-TWYNRNLVB,4
TG-M8HUV9AL7,3
TG-3YAACU4EE,3
TG-FZWTOF21H,2
TG-Q3NUFYBJ3,4
TG-RYXRTUYKJ,4
TG-W85LAQDBM,3
TG-3BZQU9DDY,4
TG-VEH390GLH,5
TG-DBOBVSTIO,2
TG-5Z407ICGW,3
TG-3R1EAKAHS,4
TG-HCAZNTYQA,2
TG-F31JCLC4S,2
TG-E29I3SHWO,3
TG-YQPPWMA7O,4
TG-GILYMTZKC,4
TG-4VMBZZ5RD,3
TG-X2GEUSH7D,3
TG-TMS59HVTP,5
TG-3RYMVEH11,5
TG-G8CBYTEFW,3
TG-USD5RWQFW,5
TG-SANFLN54V,4
TG-49XNM0D5N,3
TG-5MQYJV9U2,3
TG-462Y2B7CD,2
TG-4RJJ85G34,3
TG-YGE1FG171,5
TG-WTK83VE2X,4
TG-MN5JL2VO8,4
TG-YJQ0ZRE5C,4
TG-MVZ2Q2C3Y,2
TG-DEUF21UQ4,3
TG-E1I3D57VU,4
TG-7AV0KV98E,4
TG-Q9KTG0J64,4
TG-LIUH33B88,2
TG-ZNE6ZG3HK,5
TG-G0TMQOCBG,3
TG-UFVX26UJY,4
TG-4DM0ULWFK,5
TG-AZQO4XSY0,3
TG-HEV82SNP0,3
TG-CU54TTI8I,3
TG-PKT2ZGU3F,5
TG-2QG4O1AEH,4
TG-6WCR0U09Q,4
TG-YYDDCA4IO,3
TG-6AGFBCJE8,4
TG-A5BFWR7O7,4
TG-VUR9R17A0,2
TG-8E78E2RA1,4
TG-7M2C3UVIW,1
TG-QH3V131DJ,3
TG-2G4ENCY07,4
TG-WNNMEB814,4
TG-HEHZUQQVK,4
TG-FFROMMCA6,4
TG-KJXMTG6DK,2
TG-AOSSPM1GQ,3
TG-RSRZQN7AC,4
TG-ZKTG3Y3VK,2
TG-YJN14W3BB,3
TG-V20NKH39E,3
TG-54T39AFB8,5
TG-7LC4GUZL6,4
TG-GBRTJ1XEW,5
TG-KR28N58H2,4
TG-3JGW8SXE5,3
TG-GKOAV9IBK,2
TG-RYXWXTIWF,3
TG-WU64VJAW4,2
TG-AEHZQDIJM,5
TG-PXWG3V3NS,4
TG-IPPN5JEUM,4
TG-WC03OKDHE,1
TG-1840PG1SV,4
TG-XJDGJCIIQ,3
TG-CDGPCINDW,3
TG-NP644PACB,5
TG-EU6Y2QBYY,4
TG-H6UP56YKJ,2
TG-17SYHG1A5,2
TG-WLBOQ9KS3,5
TG-7RHH4NKLD,3
TG-K0LHMR9AM,2
TG-SS2A1NZ73,3
TG-N6R913RQ9,3
TG-IHQLKPPXA,2
TG-WYYVQ7BBK,5
TG-T2H4EBR3M,2
TG-VJ1XOJSZP,5
TG-4KOE9WMSN,4
TG-9ZHLQH4J3,5
TG-RM47NLAAR,2
TG-35K8T08LF,2
TG-VJG8GH9VL,5
TG-HAQH28NBA,3
TG-WAGNOTUSN,5
TG-G5CPHZBV1,3
TG-C2LLWDP76,4
TG-FE2WKZUMN,4
TG-N6XMCIT1S,3
TG-HLLZJZV8Q,3
TG-DOGTCC1YE,4
TG-WYTHE8XZ8,3
TG-6ZHLVNPAP,3
TG-21EGW2R8W,3
TG-KETACWRBM,4
TG-7FMPYNT73,4
TG-3LD1554L0,5
TG-SDM1V50SY,3
TG-0BYKOJYR8,4
TG-TMEYSD8WJ,4
TG-E12XSFBT2,3
TG-CYMUFN2EJ,2
TG-NBLK0S38O,4
TG-Q8VSKI286,2
TG-FKNHGZD26,4
TG-LRMS3HYMQ,2
TG-334ZVGL5H,3
TG-UBM8WG02L,3
TG-ARA5CZQW5,3
TG-SWAZ0H5PL,4
TG-KKGJMKIHV,5
TG-SGA5QA61X,4
TG-OHSR6X993,3
TG-VT55U55EX,5
TG-645MJ42RL,3
TG-5RZOMB2OY,3
TG-V4LFX51HF,4
TG-2UF1VOJ4R,3
TG-55C369DSW,4
TG-1GDI85DK1,5
TG-JVCBWVIKU,3
TG-VMCM5LQE9,5
TG-I72Z2G24N,4
TG-8W05SH6RS,2
TG-DW4UFGDLJ,3
TG-P6H1C330X,3
TG-DB4CYJR1M,3
TG-KDWPFW983,4
TG-B9MXH48GO,3
TG-YRJ0LCDN2,4
TG-7LW5EOL6H,4
TG-7NCU296XA,5
TG-G8LVP2QGP,4
TG-DUPN3TNYO,3
TG-XRJ4IYFN3,4
TG-W449P5J5P,4
TG-I0FAIW37P,3
TG-9EN7A4F44,2
TG-53EK0ZAHY,4
TG-KNCKV8FRI,1
TG-XB2VJO3YA,5
TG-GRLG233GF,5
TG-22J3FGYTW,4
TG-HX8K856SX,4
TG-ZBZ7PSLLO,3
TG-ERV181AQV,4
TG-FEIJF8DN9,2
TG-HETPAD97A,1
TG-C7D9NIHPK,2
TG-5J5X4SY0J,2
TG-LYMMJK11G,4
TG-BL5ZWR08H,1
TG-P0OWPHWTX,3
TG-N2POLF0EA,3
TG-2BVJCA1AP,2
TG-E0MW6WLT7,4
TG-FTDUL8DJ8,3
TG-ZGOAMFKQ9,3
TG-0W8O4G001,4
TG-9L51PB5M4,4
TG-XIOYDDTYK,4
TG-E36CT99NB,4
TG-U8E6B4JRV,4
TG-JD5GZ93A9,3
TG-YJK3BOJTM,5
TG-RIYFJ5I8Y,4
TG-V03RUKOHY,3
TG-0BPPRENE5,3
TG-XVXYT8M5A,5
TG-T7UVNLTTM,3
TG-E1OFLGF3Y,3
TG-QF24NZON1,3
TG-PIYOGGWI7,2
TG-C1MVEX33Z,5
TG-KK0C32ZQ2,3
TG-KK2TV8LO4,3
TG-AHR7UR10U,4
TG-HN6CUZXS6,2
TG-55XB2EFJA,5
TG-XVL0PPPSD,3
TG-PFFIHXLD5,5
TG-LL5DMO9XY,3
TG-MCV4CT00R,4
TG-CH9XU74IM,4
TG-501O2EHJ5,5
TG-WG2YA5V6M,4
TG-LGJK20S0C,4
TG-GEFS48K23,2
TG-2FWMSQW43,1
TG-TRJ5Z3X6D,4
TG-KM33JY4TU,3
TG-WQDSH9JA7,2
TG-UWCGRM2LQ,4
TG-C8SAEVFIY,4
TG-DJLFKZ1IP,4
TG-UA4S223HA,5
TG-XJEJ5GG3M,2
TG-FX3JTQL6R,3
TG-NVENABBKQ,4
TG-Y5W5KR4RU,2
TG-WB4HKMC1U,4
TG-0A1UCBCYC,1
TG-A4GLQB8S5,5
TG-KNVTCBME9,1
TG-Y6XGJDX24,3
TG-VXGOARTH2,1
TG-87GA73T2Y,2
TG-MPV8W0XLV,4
TG-QMS6SZ85H,4
TG-5SG24XZF6,4
TG-DCFJ0TG77,4
TG-XUSQQWEV5,4
TG-OGA2C2ZLL,4
TG-0XLEOB6H5,3
TG-91NNUCRHI,3
TG-QTVTVLL6L,5
TG-7ZL776NEE,2
TG-OPOU6VCC2,3
TG-VFJSQH8WP,2
TG-CB5HONMBD,3
TG-BG5JMRN55,5
TG-UR2NRXL87,2
TG-BVWDQH3QU,3
TG-TUL4KO51W,4
TG-WVOJHQJDM,1
TG-1V9NS5551,3
TG-W4CSKQTF8,3
TG-M9Z29Y8TH,3
TG-OA8YBD0AS,3
TG-5ON1D3X7O,3
TG-SMIVYJFAF,4
TG-IXCSITRI2,3
TG-SL7HD81Z1,2
TG-9Q07J1MK2,4
TG-FX5S7ILI3,4
TG-3G457IQHI,2
TG-0Y41W9UDT,4
TG-BA6OEML55,5
TG-24RN6MR8Q,4
TG-G0ZK85945,4
TG-780TU13B6,2
TG-5U17G4OQY,4
TG-DVYQQMFY9,3
TG-JQRUQRTRY,3
TG-73I0LFOSO,5
TG-3ICJWLVGD,4
TG-A65N1AGKR,4
TG-0EDBBVV4M,3
TG-CR7E6B803,3
TG-HIXLL1H96,5
TG-BO8XG70BI,4
TG-38IO4KN7Y,3
TG-U1CRNR86M,3
TG-L351JYFE9,5
TG-3MIKQ9IU6,3
TG-R6DVI9JM0,2
TG-53ZYHR8O7,3
TG-RQJHTQXMR,4
TG-KXNS5DPPP,5
TG-BUU8CMJJ1,3
TG-2E6TE3OP6,3
TG-UXJL632RR,3
TG-ZEZBQGHHZ,4
TG-QAB7ZTFM5,5
TG-JWEIUBJU9,2
TG-Z6CEDGS5F,3
TG-UCR46I6Y5,1
TG-FQZ568W0J,1
TG-AN7Y4E44O,3
TG-B3QAUNB7P,3
TG-04399VEPC,5
TG-RHF56L2WK,4
TG-XTWEX5YVZ,5
TG-HT1BYV7HP,4
TG-D9MLE47VK,2
TG-BL3QV2UUC,4
TG-0W4ZYIUPD,5
TG-J0D93ZI4B,5
TG-C7NZ3OA66,4
TG-FTS8ZE1ZZ,4
TG-Q4K9DL521,3
TG-6Z8BZPPHH,3
TG-92R5HR9AD,5
TG-4221WZY0C,2
TG-YCXDMPBXS,3
TG-IAZLE7FQL,3
TG-19OLY333Y,3
TG-9SMYC1I95,3
TG-Z27TVDUFV,3
TG-VUW6RVJE1,2
TG-7M566NRR0,2
TG-Z6HW83XC3,2
TG-8YW8M2WB4,4
TG-RMX6JFBH5,3
TG-RFCKIODD7,4
TG-T20S0HT45,5
TG-CX7SWRMF9,3
TG-OALXIMGGV,3
TG-TSU3A2G2T,2
TG-RUEZIXWCU,5
TG-8OH43DUQ1,5
TG-1HS6RMWYO,4
TG-YDXBZPK5C,4
TG-DWW6CBD9F,3
TG-2E0IHTZLD,3
TG-HEGRKHEAR,3
TG-MWY8CE0F7,5
TG-8SAO0TVHD,3
TG-4YID3K3XG,2
TG-6RTQJ9BE4,3
TG-3K33PLISD,5
TG-QSRY0DQ0D,5
TG-BD3UVB2KT,3
TG-I6R6KG8AK,1
TG-K6ZDOCRST,3
TG-4PWVBYAGN,2
TG-0DYD7WMN6,3
TG-K2G5DP1NI,3
TG-XTB3ZOWRB,3
TG-A0I45I8KO,3
TG-5GQDDPKVL,5
TG-2FOPR3J29,3
TG-0XOUYL148,5
TG-BPWLHAORT,3
TG-QU8Z2HNDH,5
TG-0Q2E97ZIO,3
TG-7FTHA3KMG,4
TG-5ANV63GOD,5
TG-S4Z2MH0J4,4
TG-ZN5YU4LH1,4
TG-DOURHRLD9,3
TG-90SBZTU7G,2
TG-QMHKOFEEY,3
TG-0YBQRVEOW,4
TG-ICISKQ8L7,5
TG-JJAMELRPZ,3
TG-6QNMPYIBG,3
TG-8BRALJ75R,4
TG-EU5PTE0VO,3
TG-30H1EUI6I,3
TG-D8YN96PEF,3
TG-NK7Y3AEQB,4
TG-CZLC3BMGG,2
TG-SE2LLLUNZ,4
TG-18T0ONMI8,2
TG-UP4RVOEYG,4
TG-174CM88OR,2
TG-JEM17IS4A,5
TG-6GRMFWOKJ,2
TG-SEKUHO6Y2,3
TG-06KKVSSGM,5
TG-NQ9Z2O3D7,4
TG-XMD0MZYHK,4
TG-I0VTT0YQM,4
TG-6PK5MJDHJ,3
TG-ZX3FYML39,4
TG-4L8TGV106,4
TG-UVM8KQ0SH,3
TG-XW8VPL4GX,5
TG-O2GL2UXWE,3
TG-SQRFEVHPB,2
TG-MCXDS13TY,3
TG-VEH3HSOYR,2
TG-QSXI1Q0RB,2
TG-6PRWIRZLL,3
TG-D0XRGO9OS,4
TG-XET4LCEEG,5
TG-Z549BLWP1,2
TG-4C0CG4ANQ,2
TG-B919K6PEQ,3
TG-0H7JSDS8E,4
TG-VCWCY6RH6,3
TG-S02WLNQIS,1
TG-E41VXCGFS,4
TG-E62RKMIV9,3
TG-TKMUMZM1F,4
TG-ENQE8N02W,5
TG-J5OV7L6ES,2
TG-PB89Y8EAH,5
TG-ZUQC6G6DR,3
TG-3NQ6JMYDA,2
TG-GNJD0G4H0,3
TG-L6UV606PT,2
TG-U7NNO82OT,3
TG-FRRAYKL75,2
TG-C4GKZLZHO,3
TG-E4H4S8OLU,4
TG-85PA8VZ2V,3
TG-F6NSJGSUG,3
TG-VZE2OTR2O,4
TG-B2K46P1GY,3
TG-UJ32B968F,2
TG-8CAQIC9F0,3
TG-YNBGYYVGU,2
TG-V6EJMX5PJ,4
TG-WOLO77Z7U,3
TG-XI99B9YZZ,3
TG-KHKK54A0I,2
TG-TGVHGZYWL,2
TG-5STAVOFA7,3
TG-N7RBHDTPP,3
TG-FNWI6KUGD,3
TG-BLP592AEQ,5
TG-9CFDNI05W,2
TG-EAG8IF8X5,2
TG-1798WNL9F,4
TG-QUO68EI1X,2
TG-EDYCY3KM8,4
TG-6QTQKC92G,4
TG-F8NLKEPIP,3
TG-P0889QR1G,4
TG-7I204IBFW,2
TG-T20QBNC15,2
TG-JVULARHP3,4
TG-MOKSJ76RJ,2
TG-CSUBFAR6J,3
TG-H82S9TT35,5
TG-5S7XU46JW,3
TG-C2RIKW2RN,4
TG-CJ6YJ6NTL,5
TG-HAQS7ZEXW,3
TG-L9K1DZB75,3
TG-ZH52PZXQ8,4
TG-0Q4FONOL4,4
TG-O3XDSYMBA,3
TG-SOLT401OJ,2
TG-WEVWBXN9G,3
TG-JLA21GPZN,4
TG-8SXA2ZPUT,4
TG-G45Y9205R,5
TG-89GHBY9HT,4
TG-F92TDP9NL,3
TG-B6IMG67TN,4
TG-YPY1UPBM3,3
TG-M23Z7CSWM,3
TG-919L81SGG,2
TG-FI5B8Z65F,4
TG-QDFLHP8JD,2
TG-54GFYPAJI,1
TG-XWKSAILS4,4
TG-6WQD24HHB,5
TG-1CX690R32,3
TG-BGPUOSIIE,2
TG-O7BTB27DE,3
TG-DSL33OBQU,3
TG-U464KJVOO,3
TG-T0M47B7PE,3
TG-RUACS26KU,1
TG-27EO8JDQ9,3
TG-74KDBVPNP,5
TG-LXANALFHR,4
TG-R39IFIHNZ,3
TG-O4MHXDPUP,2
TG-H5OBRWQZX,4
TG-9EPEMB92M,2
TG-LVFG3M7JZ,2
TG-6ZCOLY2WA,4
TG-8H0G2NMOV,5
TG-81VAQ0T8E,3
TG-HO8SX3X1A,2
TG-12MCSL6XJ,3
TG-W6CNEQFVW,5
TG-MTVAZFOJT,3
TG-S9M1TBG1S,5
TG-Q2X0VKQIO,1
TG-SPCV9UXQ1,4
TG-F9ARTH68L,3
TG-IEZKCLCGG,3
TG-YE386VD0F,3
TG-CAESOA4ME,4
TG-B9HUUBCOX,5
TG-CWKBJ9FZ2,4
TG-GAFREAIJH,3
TG-761VKEZOM,3
TG-2TPLMK7Q6,3
TG-9KNUE99SS,2
TG-JC0JCDMKZ,4
TG-NQFG9HI7I,3
TG-HK9QNOMDB,3
TG-FJXERN3ZZ,3
TG-5P4JTCFG8,3
TG-MYAXSUYEV,2
TG-T0OW9667N,2
TG-80YXNP43Q,5
TG-FEEGL34CM,3
TG-ZYG8ZPWGQ,4
TG-UTTZ3A1WF,3
TG-W93YPEKMF,4
TG-CW02HUX23,4
TG-UDENTE6YD,3
TG-0GZ6WPWIK,4
TG-02DOP7KSI,2
TG-V29TC10N5,3
TG-29ZG3KFL9,4
TG-O0G0RYTM2,3
TG-MKKBF5GFZ,4
TG-6DBHCR96X,5
TG-RD90XMSVM,2
TG-ECER01VNO,3
TG-SS2JKVQXE,2
TG-JGR1KYZWM,2
TG-9FD50R6SD,3
TG-MP3SJ3YK6,4
TG-6WNR1ACQ9,4
TG-MBHHN2UHQ,4
TG-R4WN6I8G2,4
TG-YS0VZZP5X,4
TG-TKDVDZ2NW,3
TG-CLFR5V6BV,3
TG-UI2IJJUS3,5
TG-0CGS8G1LZ,2
TG-IXKE7TQSI,5
TG-TZTKD87C5,3
TG-25I6YAUW5,3
TG-TQAADXLQ0,2
TG-FF5M957DY,2
TG-A1TPB3308,2
TG-BEKEPRHIL,3
TG-D1DMU75FT,3
TG-DH0LMN9KK,3
TG-ES5EET5GG,1
TG-SEQ35CJCO,3
TG-Q9RONUTD8,3
TG-JGQ25PE22,4
TG-E2UAECQM1,3
TG-ZFIAYQKV2,4
TG-OGR9VOJFY,2
TG-HMUFUVKRP,2
TG-PYDHQ6EG9,4
TG-NYSGVSYQA,2
TG-9RA6FTXJM,2
TG-KU0K58BEM,4
TG-V53TTWD05,5
TG-QUN279FSQ,4
TG-FL4WJH939,3
TG-HZM6B4DH1,4
TG-9K3EU37XI,4
TG-VPX3B1WNX,2
TG-KOC3QN9UM,3
TG-OVGYZKA5Z,3
TG-W6D0YCZV4,4
TG-JVGX2GJPR,4
TG-XH7RL8T6U,2
TG-9ROZQYG9O,4
TG-FZ1S0028K,2
TG-FCX08OHZT,3
TG-KQ3WNQI78,3
TG-ITL9ZYA66,3
TG-IPTED4FTQ,3
TG-YHK8GBZU8,4
TG-Z4BPZODQJ,2
TG-ZBVGCOBXY,1
TG-ZDJG2K7KO,4
TG-BBJQGU695,2
TG-QGSATF6FH,5
TG-AZE73MRGC,4
TG-72GOUN6CE,4
TG-07XHGBIS8,3
TG-OZFUQ5LV5,4
TG-8RIY911T5,3
TG-6UHWIRD49,5
TG-M58N887LK,4
TG-S90QBSYCU,5
TG-86J8I5YSL,5
TG-UKTLHHYK6,2
TG-CUZVHDUSS,3
TG-UPBG3OKVB,4
TG-07W3XHCAE,5
TG-PT0KXJOE5,3
TG-A4R3UHWNE,2
TG-I8LOU2OQG,3
TG-I31HN1FO2,4
TG-28OCNQI5P,2
TG-AJNOOCRVF,4
TG-JWS4DQXW0,2
TG-AG6UQRH1Z,2
TG-R6VFDOQOC,3
TG-HETJZXX8Y,2
TG-EF4CIT5ZO,3
TG-0Q2IDWSXP,3
TG-NOSXPKFQ8,4
TG-H3JUZEL73,3
TG-P6JWE6G16,4
TG-94VNQAO79,3
TG-MUAMSUK5I,5
TG-LBEL51DWY,4
TG-OX13U5NZS,2
TG-WETMKXRVN,4
TG-GJ42JQ8X8,3
TG-U83LLXRES,4
TG-R9I7Z4Z8N,2
TG-0XIFWS90M,4
TG-VRGL88U0Z,3
TG-99S2125BF,4
TG-BIQ8JZYXK,3
TG-SGFXU4UNN,4
TG-9SRZ5N5JY,3
TG-IDVD688L6,3
TG-BGD4ABZXD,4
TG-LFACXR6MK,4
TG-JWOT41VHK,2
TG-1FDS0VBLE,4
TG-RZHRQ3FEX,3
TG-9DUFP2DTZ,3
TG-DHLG60VMV,5
TG-GRVZ2QT2Q,4
TG-8M7BY61ZG,3
TG-N53KZSQO5,4
TG-ILFA10N1U,4
TG-R4SUSE970,2
TG-QQ063ZAX0,4
TG-C3S2YDXMQ,3
TG-R3B3F244B,3
TG-A8HUWEWGG,2
TG-WJO18ZTE5,4
TG-NNLOEXQOM,5
TG-0LPZY8M1A,5
TG-JHMGAEAPU,3
TG-JV70HKZCU,5
TG-N45T57AR4,3
TG-YKALI9QHY,3
TG-N2Y2KK5KR,3
TG-VFHNXW55M,5
TG-HVKAHR5NN,4
TG-T30W6ZM9F,4
TG-9B1EIUENL,4
TG-SPV2Z378P,4
TG-Y3ICT6OCE,2
TG-MP24NWPDT,5
TG-UW762T9WB,3
TG-P56OFT62B,3
TG-POXGBYU5P,4
TG-W2K9QEQIT,3
TG-MNKAV9YIR,4
TG-M0C52SIOT,2
TG-RR28ARWWQ,5
TG-CF598BM3H,3
TG-OCTO2YIKY,3
TG-W7PHXJFF7,3
TG-VTPHXEHOF,3
TG-Y2PKOMQLG,3
TG-SVD6UBTPK,2
TG-R307MT417,4
TG-F73F6HLCE,2
TG-E6D08PS7A,4
TG-1AQT1LA5W,5
TG-QK3ZQBVVS,3
TG-CNZ7KHJ29,4
TG-J9QNI6W99,3
TG-M1XVDYWTB,4
TG-GWWFIHWY8,2
TG-6C4KHEAX4,2
TG-8FJJ3A5MK,4
TG-O0MHWXSVM,2
TG-ZBGQXY8AH,3
TG-59LS4KXE9,4
TG-U6BQZLSM3,2
TG-U75KAJZ5R,2
TG-EWUBRCDFA,5
TG-7I4CPF7GM,5
TG-NLKM6SEGZ,3
TG-NCKUGUDH8,2
TG-K4ND49LHA,4
TG-TALY2OPKV,1
TG-PN6Y6NW9H,2
TG-M3218IKBF,3
TG-1G6ERYPSI,4
TG-2VK0N55PT,5
TG-S8L62WH5X,1
TG-G1IW522TT,5
TG-7NC2F9U2F,2
TG-D5MUNFEEE,3
TG-HVN8I8IUQ,3
TG-7SXF7QZM1,5
TG-5FXH7NMYK,4
TG-C89NO09OZ,5
TG-CBUVKXIG8,3
TG-DPJ07SASO,5
TG-IHA58CO7Q,4
TG-42GCD2BR6,3
TG-RQHKRCBQR,2
TG-J0K9TW3WI,4
TG-ICCITFF3R,1
TG-33XJI0EPM,3
TG-IAC0OCAWM,5
TG-LDLCW1AYQ,4
TG-BWDASZET9,2
TG-GAAXCZREL,3
TG-R835PBGI7,4
TG-GJFMAG3FU,4
TG-ASCU0BZ83,2
TG-GWTQYVVLP,4
TG-9WF4KW457,3
TG-TTBFVEK2C,4
TG-MM953N46E,2
TG-BS2FYAOYC,2
TG-TEOJE4G4Z,3
TG-HHDLXJ3S2,3
TG-279YY23FR,3
TG-FMT3DPNA6,2
TG-V6NK8AV0I,2
TG-MUW1GGMOE,4
TG-KRM5IEAUE,3
TG-CZPJXW3PD,4
TG-72S8FATGR,1
TG-989UEDVYH,4
TG-ZDF7UNXJR,2
TG-EBF0QTXX9,4
TG-9D7R7U7YA,3
TG-47OBGEFEF,4
TG-56VJS40MK,3
TG-ZNFBE303Z,3
TG-VJ1V3AISH,3
TG-K1M9242T3,2
TG-LCEE2MXHP,3
TG-0YJPCEEOY,1
TG-FSAXY2BM1,2
TG-UWUU9LK3X,3
TG-Z2XR1QZYJ,4
TG-SCHLAI4GR,4
TG-GBYLX8F3O,3
TG-6LF8J173G,2
TG-IVEN0K24E,3
TG-OEJRF8324,3
TG-GZF3JX8TL,4
TG-BI6E2GV1J,4
TG-KOW78C7UL,2
TG-UB6LQOCWY,3
TG-NME889GE2,2
TG-EWUJV1V3L,4
TG-JYHY0XI0C,4
TG-0YBBP6UZ1,3
TG-NYO1YRYKA,5
TG-HE5B4E5G8,3
TG-M06QGLZ06,3
TG-BUHC1K32R,4
TG-GVZQJI2BN,5
TG-ZV36ENORM,2
TG-ATH56Y7Q7,4
TG-O2VLCROKT,3
TG-5DHKYEQ4M,5
TG-MB9TWFQEV,2
TG-P2AC01J3P,4
TG-TRXDP4W4K,3
TG-ZCYAZ0JX2,4
TG-LGI05SC07,5
TG-K1ZUGKYZM,4
TG-HC4114MMK,4
TG-FF05776PL,3
TG-WRVQT7L54,3
TG-B7GMHPSQ0,5
TG-VS8Y2RP7V,4
TG-WACP8H5M1,3
TG-CZ4ITPOL7,1
TG-EEABO6BM1,4
TG-LROY1X828,4
TG-VYVRHTDGJ,5
TG-A36A59689,2
TG-ECNUHXMG2,3
TG-B9F2VQGS8,3
TG-WCHDCVETO,4
TG-G81K7ML10,4
TG-YIHI3HHPJ,5
TG-2H43G86C1,5
TG-79H81Q4TL,3
TG-5ZA2DHSYP,3
TG-4PWCU022M,5
TG-44WLOREN5,5
TG-FZ88IRHI4,3
TG-68VRJEKPW,3
TG-84Y7649YL,5
TG-NOLLAXF82,3
TG-M4WFVOKXN,2
TG-35PMPH2U6,5
TG-9224R2LND,4
TG-8DXGABG7M,3
TG-HQIM36CWN,3
TG-YKTWLBGM7,3
TG-2I90YEJMK,5
TG-1NUQASTSE,3
TG-AQ95XUFUK,4
TG-PFHHVBZOP,4
TG-HOZD03LSB,2
TG-KPZ6OLFQC,1
TG-WFAOE80Q8,4
TG-JZS75JE3Z,4
TG-1BAJM3BFI,4
TG-35PKEN2SX,3
TG-CEC7EF7KP,3
TG-XBMI87BSI,2
TG-673KUTNCU,1
TG-UHUJ48FU2,4
TG-R0M95GS3N,2
TG-7UG82I03A,3
TG-UENO2AE7V,2
TG-XYZ7WCARI,3
TG-QU0R7N62M,2
TG-05GM7V78Y,5
TG-LSE3LO4XH,5
TG-QI95HYI8I,4
TG-45P9S5D9S,5
TG-XPW7C0U2C,5
TG-XZWVAX2I1,5
TG-2CY7OWS5E,5
TG-CFBXP2JDB,3
TG-AUE22A8BV,4
TG-HKPBXC1ZT,5
TG-57KJMNYBB,4
TG-6VTCM9YZ1,5
TG-0S27G7CL5,4
TG-XTZ0H09K2,3
TG-DHWBF5CDL,4
TG-SLNBS2Z96,1
TG-WL2EHCPZW,4
TG-VOTA4L1UY,2
TG-0GDHKU3QI,4
TG-JA7V50494,3
TG-QHS0KA526,2
TG-HBSSCK9TD,3
TG-0W6BYBEAS,2
TG-1XE83AUB7,3
TG-AM2QPQR6F,5
TG-30H1MA1BO,4
TG-WAYIF4C6M,4
TG-O3K0C9OZ3,4
TG-QNTPBVGC6,4
TG-93FF6ME7X,5
TG-HB20UVZAP,3
TG-714U7COA1,2
TG-ZVUP23U2I,4
TG-P8CIQU11N,3
TG-O9DNV4NLW,2
TG-DCEZN2VE1,4
TG-P6SNIU6XU,2
TG-SAD7HHMNO,5
TG-4JNIJ5CFK,3
TG-J9VVVH4OR,3
TG-45QON0G6Y,3
TG-QO8857I2C,3
TG-8ZT7VRY5M,3
TG-OXI3KMS6Q,5
TG-IXGSJWAOY,5
TG-CTIL8D5ZR,4
TG-LFNGIOKWC,4
TG-YL0NCAMCG,2
TG-BWCL413I4,4
TG-5TQ63EYSD,4
TG-96UJYDW1V,3
TG-S9AKZHIVL,4
TG-PUNF0DE6C,4
TG-2OF6321VR,2
TG-05FY1ZEDI,4
TG-WQ59EYQU5,4
TG-EVJB0XJDZ,2
TG-YGH0ZE7SB,2
TG-45Q65VQR2,3
TG-TUODQN33P,4
TG-FG791OSEJ,3
TG-J5NA1CJQ7,5
TG-P8CK521TT,2
TG-LGUOE30GL,4
TG-E5DPT01OE,2
TG-E59F3TW14,4
TG-XKD2CH3UK,3
TG-C0TZD1AKK,3
TG-7FODGA0W1,5
TG-D0DKEYDD3,5
TG-D73Q7SBAX,4
TG-XKXZ9ZLW5,2
TG-71OLQ0OQ9,3
TG-O8PQ0MMET,5
TG-MNQK9N4RN,4
TG-F887GABMU,4
TG-NWL3V0HHO,2
TG-X9RK6RSXR,5
TG-B70T6DAP9,4
TG-W7G8EZB2K,2
TG-JDN3ISA9E,3
TG-BWU1QPZW6,4
TG-X2VR7S11R,4
TG-ZV540HMTR,2
TG-O6P2D8RWW,3
TG-NQQL94LUQ,5
TG-V4RE8J1IG,2
TG-434DKO1HF,5
TG-B1I1S8CAR,3
TG-4K6V9YMVX,3
TG-8KB5FYX14,3
TG-8NJ4PWF8U,2
TG-I1RP4B01J,4
TG-NNNGP0Y7O,3
TG-QZJXIF3C4,4
TG-HS5EWJ01O,3
TG-MSPYDPY5T,2
TG-CQ25R1XJ6,3
TG-PQSO0YUCH,5
TG-X9B9HLLTE,3
TG-L0AO7DI6H,4
TG-QAC3A4ZTF,3
TG-5RYU68SIY,2
TG-UDEU3VKMZ,3
TG-DEGXMYI6A,5
TG-UKQDPNET7,5
TG-1IW59RXDV,4
TG-XIVQB563U,3
TG-B73LH9HVP,5
TG-UX48J0YHM,2
TG-3F3XHQMZZ,1
TG-V6QR5UW21,3
TG-M46PZJ1AC,3
TG-WNZWUY56R,3
TG-EEGQ4RLHV,3
TG-OCFEV1EAZ,2
TG-19224GN6Q,3
TG-4QYZYBM6X,3
TG-Q2QW2HA0F,4
TG-XN0VXMMEN,3
TG-HBJRD9TCQ,3
TG-81IYSW8U0,5
TG-LO7ME9JTG,3
TG-86W23VBI0,2
TG-5JGTCQX57,3
TG-EAQKF4E7Q,3
TG-G4IO80NX9,3
TG-1AJWPEFJS,3
TG-CE5NTCOFS,2
TG-KIPJOKTE6,5
TG-04DSIEX1S,4
TG-JA13XURKV,3
TG-FEMPZ47BI,3
TG-L8I8VR56H,2
TG-5VMOS5T0F,5
TG-FO42WNETA,3
TG-4LG3KG91G,4
TG-BSE1VUA34,4
TG-VD7R4BD28,5
TG-FC4OP9OE3,2
TG-UVW3M0JJB,4
TG-XEB7ZNL9J,1
TG-30WSB9CYQ,3
TG-LCF30HL8V,5
TG-SIN14QWVU,4
TG-RU90IEL38,4
TG-QSJTHGZKO,5
TG-5GB3LVWRB,4
TG-KDFUJ5LCJ,2
TG-KCZZTGFWE,3
TG-01JFJU41R,3
TG-W4AYBR7ZZ,3
TG-AZUNGEKVY,3
TG-7SMP5YT6H,2
TG-8X8TUTYGY,3
TG-9WI6ZIZ2M,3
TG-V8L8C1GH0,2
TG-UH9AHMMX1,3
TG-FUI3N75FC,3
TG-7ZSM9T4UU,4
TG-BCP8729LJ,4
TG-RXP07I1NP,5
TG-5H37BPIQD,2
TG-D4QV13T49,3
TG-TNF9YR2PK,3
TG-CSQRQ65PB,3
TG-S5S9D2I1N,3
TG-U32NI5MMP,5
TG-YIAG04HPH,4
TG-FG13H9YN9,4
TG-EVGUC9K6R,5
TG-II6GM70IZ,4
TG-HG53TJ7A5,2
TG-EQHBCG6PR,5
TG-E0QB3MV7O,4
TG-A1NRFJDDI,4
TG-J3R4FJH16,2
TG-7IMMKOF49,4
TG-W0M341H56,5
TG-C5HQWTTKZ,5
TG-R3GMBGLDK,2
TG-ZZ3LGIVQU,3
TG-74SXJ0KH6,3
TG-Q2RIL83OS,4
TG-WWNX0HF9L,3
TG-92DT56CZQ,3
TG-Z8OVT7SO4,3
TG-LFKXYWD8J,1
TG-3C5XP47DD,3
TG-NAHGWQHXC,4
TG-1WZLB4QQ3,2
TG-2G1I4UD4C,3
TG-402YRCH1F,4
TG-S01A5GUPT,4
TG-9TSKJGP4H,3
TG-OQSSVBWL5,5
TG-MPZM6WKJ9,4
TG-4SVXJXKA2,4
TG-DUCFZBQ73,4
TG-DBRJEWWTS,4
TG-WYBNBBZL0,4
TG-04743ORM8,4
TG-NO0DWGRR1,4
TG-CL0VCJJDR,3
TG-XELHP7H23,3
TG-3EULWKPTZ,2
TG-QYH9KWB77,3
TG-UHRVSMOQY,3
TG-Y9EGSZ116,3
TG-O29UBHI9G,1
TG-0DVAVQPRY,4
TG-UQH7LSFYC,3
TG-C3ODXP1JR,3
TG-CH8ZI48CT,5
TG-3UR2DV315,2
TG-89K0RNK1S,5
TG-8CQ5XW7EK,2
TG-HVVBXXD5Z,5
TG-I83FT2BV4,4
TG-FA2U5NHIA,4
TG-DP1JXPE9I,2
TG-7FLX4GSXE,2
TG-8VESJUBH4,4
TG-RAEZQ6FK2,3
TG-WBLVEAFGB,5
TG-SW4J9E4HH,3
TG-19CWB38ND,3
TG-Q326IEM5E,3
TG-N1QTWK2X4,5
TG-AGAK2UUHY,2
TG-5W9C63DDW,5
TG-SYEBJWOOJ,3
TG-L3R79DNST,2
TG-MFF29SOCJ,3
TG-ZRSCQVWPM,4
TG-0NOHRZ6FB,3
TG-M6JUCMZ51,5
TG-0S1G7NB42,4
TG-2PMHEV0RH,1
TG-2C2NVSBVF,3
TG-7WZ62PGWP,4
TG-KXZDZN2I1,3
TG-9WOSTZGCE,4
TG-P0DRMC2CF,5
TG-HPOXWWFMH,4
TG-BASZ80IZI,3
TG-HRON3Q6IP,5
TG-PWTO24TKU,4
TG-QGQF9CNKJ,2
TG-HR7GXMDV1,4
TG-C6DBQ1894,5
TG-Y6U2RQ6Q9,2
TG-TB76QOGEZ,4
TG-5DUQ7BQVM,4
TG-OT0SQCSD0,3
TG-8R3V3A1UZ,4
TG-0TDTPFWMQ,3
TG-KC82FHAAL,5
TG-UMQ3OSDVV,3
TG-1H8T8TGZX,3
TG-ZCVESWCSX,3
TG-WQW5SE5OU,2
TG-3NDZ68ZOI,4
TG-KD9POURZ6,4
TG-HU3PBA5E9,5
TG-CCI769RVN,3
TG-YSNG6KBSQ,5
TG-PHZTD8J6S,3
TG-80QW81UOZ,3
TG-MUX4CMUF1,2
TG-XCOOC1VX1,2
TG-8Q4NE5YKB,1
TG-MRK8L3LVX,5
TG-OD95CVRN5,3
TG-X3ZN0OETT,3
TG-9D0KABPWI,4
TG-V045VRTFR,3
TG-Y7R7E2Y7K,5
TG-LOD0VMMT1,3
TG-II6CZGIZ7,3
TG-U8FAV6VF3,3
TG-RAC6R3H8Z,5
TG-HBKMI9Y92,4
TG-YRG1WFQXP,2
TG-9JF772KHG,1
TG-P03J81I1H,1
TG-XO21UBK30,3
TG-JN25BWUGU,4
TG-NRJEZYPXA,4
TG-BYCNZYBIN,4
TG-QEJIHGTAW,4
TG-M1RT4KM0F,2
TG-6PMKNNRAS,3
TG-T8HDJSHZQ,5
TG-LXF2QM52C,3
TG-T8LLZ547Z,3
TG-6VUFIRR87,3
TG-0LR1AVWZM,3
TG-162IGUCGC,4
TG-6EBM8KTW6,3
TG-P4ZTLLOXN,4
TG-SQKPKRRJS,1
TG-IEGT6TB2U,4
TG-LPAJN56ON,3
TG-U3GGB0SB6,3
TG-R40SUUW2O,3
TG-IBX8HHN55,4
TG-DLQ2PVLSC,2
TG-JOYWOIWYZ,3
TG-RAGURHDL6,4
TG-YPNU7GR5K,3
TG-0Q0DPI6IH,3
TG-L7V653H0N,4
TG-AY4FHS9CK,3
TG-PNXYQC2B9,3
TG-WZY0ATDDI,4
TG-ZW6DFLLIK,5
TG-ZWJ5DZ496,5
TG-PWF4R7HQH,3
TG-0BWR41V56,3
TG-KX8YKZGNH,5
TG-MTD72JL6Y,4
TG-0PL89CIMU,3
TG-BULEH15UB,5
TG-EFHIZE7VF,5
TG-R13AR79UA,5
TG-SGDGK8R3D,4
TG-5GUBML4K8,3
TG-K1AVMTJZL,4
TG-EOK79RVDG,3
TG-2GXRYL3QX,3
TG-9M5K6UECC,2
TG-5PG3U02NV,3
TG-K3V8Q3ZB7,4
TG-DCN0E1Q1M,3
TG-0TYLD1N0J,2
TG-G6GJMI5PY,4
TG-WUFK8UVQU,4
TG-L5QM2XUDB,2
TG-C69M3OCN3,3
TG-JIIQ4B8RN,3
TG-MROWHJSBW,4
TG-LOD0O7GKP,4
TG-OUOTX9NDW,5
TG-V82U0SYOE,3
TG-ZUTP22B6V,5
TG-BSP43TQB5,1
TG-1UAI7HZSZ,3
TG-0XLIO5N6N,3
TG-HTPGBTMFG,1
TG-HWHQOM0K7,4
TG-YD8PCK67L,4
TG-0W101TB59,2
TG-438PI4PXF,5
TG-VH9SDVXPD,3
TG-I947JKG35,4
TG-F4FMQRMC6,3
TG-TQTRB9JW2,3
TG-QMWCLL3EK,1
TG-33594F1J4,3
TG-6T6YI9MY3,5
TG-O17GYCTUW,2
TG-2SJPUMT7A,3
TG-36F2V8GNC,4
TG-DYVZ1I5BA,3
TG-IWDAOI3N7,2
TG-UNIB01GJI,4
TG-USNMOG60I,2
TG-HFPPEMSVP,3
TG-APL9S0LAS,3
TG-X6AUC8P8J,4
TG-MJBZ79L8N,3
TG-5Q1QNT5TE,5
TG-VE0KKUL0F,4
TG-V7K0PS08F,4
TG-P2PE82ZF5,3
TG-JGKWBTB6Q,4
TG-J1KGH2C85,3
TG-AUF6MVWX9,4
TG-W2R5UAZR1,3
TG-SN0RM45LS,2
TG-IUS5X6W9Z,4
TG-IKTO3W8P4,2
TG-03Q3Y8JOZ,3
TG-ICM1FX5SQ,3
TG-XFJQH67ZH,4
TG-DZ2JC0R6G,2
TG-YXSLTDVK5,5
TG-2HTOT4G5Y,5
TG-A841ELVXX,3
TG-8ZVIV1JDJ,4
TG-0I9FISZ2C,3
TG-OSU3WHE6U,4
TG-DO6K4YWY6,4
TG-J0EKSVRM5,3
TG-10N5I0L9F,3
TG-JYE4VSYCU,2
TG-VATOSZP8E,2
TG-ERZQQIS7T,4
TG-AP3MYN1IY,2
TG-K6OPA1FHZ,3
TG-IACTYDJSW,4
TG-IEQFOVQP1,4
TG-6VNT2RUF9,3
TG-DY47BWQP1,3
TG-9JEHV6L6M,1
TG-CEZ6P4AY6,4
TG-WLFZLER8P,5
TG-9EF3NGL8W,5
TG-ZLKOVD0SE,4
TG-82PO4V4SH,4
TG-TX82QFAX1,3
TG-52OGGXGG8,3
TG-GR7TCUEAG,5
TG-XM76TA0CW,3
TG-NB9WA4L0V,4
TG-M9D5ZPJJJ,5
TG-XQA7GWZW8,3
TG-3OXKALR93,3
TG-MNT6CR19S,3
TG-F6F50ZTNT,5
TG-V5XHBGDEZ,3
TG-SKQYK2YEQ,4
TG-73Y7SH6PC,3
TG-2KRZCBFA1,4
TG-6OLK6QFXF,3
TG-EDW2MEIL1,4
TG-L8UUJOMB0,2
TG-2P8TKCZES,2
TG-RZ0LNRZP3,3
TG-FC9KK4XMP,3
TG-8DZXV5M1I,3
TG-VUXMO9VQY,4
TG-ENIT5WNCS,4
TG-4BF2P682U,3
TG-C8LSYXFL8,3
TG-VWWJJGOZ6,4
TG-4DPFTEF5J,3
TG-R6EQJ9YY0,4
TG-IISLAKJ03,1
TG-WWAQNVHL0,3
TG-RSK14ISXV,4
TG-Q92O240KW,2
TG-646SL9X3W,2
TG-H0Z727VZE,4
TG-Y3BWTZE5K,3
TG-UIYLB59JX,4
TG-UCA8OBCJ3,2
TG-BPCOQW6PL,3
TG-JE0P5329R,3
TG-UMWTIRJ7D,2
TG-C4BL55PZQ,3
TG-RKAB99I0L,4
TG-VL944SOG1,4
TG-XUFO49GG1,3
TG-MJ5O5HMBZ,3
TG-R5CCUXWWA,4
TG-QXHUHYHDV,2
TG-T3M7BCF25,2
TG-4F6VYMGMT,2
TG-H9QDBDDO5,4
TG-LWML8YLQ1,4
TG-J27EDDFRV,4
TG-VU6OHEIFE,3
TG-LIP9IHGEJ,5
TG-RTX0I4NG5,5
TG-J1M0AF9FQ,2
TG-JY3XZKNLP,2
TG-WGF3XAKR6,3
TG-AK7S76B35,3
TG-MS67UKPRW,2
TG-8GR1SJEIP,3
TG-JPQ4ME19W,3
TG-N7T8G2PZE,3
TG-6XBEVLCDX,3
TG-5W5NJWO1R,4
TG-ESGETT2PM,2
TG-D8DU8QAIB,3
TG-A9VNGDWF7,3
TG-NO95YBIPE,3
TG-X67KIUBEM,2
TG-XO8OO3F04,4
TG-PSLK3HOZL,5
TG-4UL2P9CRW,4
TG-98Z27ENX4,1
TG-1A071D3YI,3
TG-2M2TDPXPG,4
TG-MYMEIP7OA,3
TG-34IEWJJP3,5
TG-CFA7XJ1TB,3
TG-1J77E1TGA,5
TG-DBNNRRWWN,4
TG-WREI9OHZE,3
TG-DGKOG1J9G,2
TG-EH374QGH4,2
TG-4YQAFX41T,2
TG-SAVAB2LPS,3
TG-6BBA0JBES,3
TG-MF5FD20HL,4
TG-ZQKVNRLR5,4
TG-DHDSCR3DP,3
TG-VDQDZ95Q6,2
TG-OECLKYOIS,2
TG-QNK3WKZTM,5
TG-ZZN7REHFS,4
TG-M5V5GCYU6,1
TG-GLZBC9ZCQ,4
TG-1L340K63Q,5
TG-JR4OFV5J9,3
TG-OHYDFTUY8,3
TG-6LET1SI9Q,5
TG-GGLRR2EWG,2
TG-YZ3VEOUVG,5
TG-8JGTE3F5M,4
TG-8ZSU3B1H5,3
TG-5OPCBWNT0,4
TG-K603YIBPN,4
TG-HE23297KP,5
TG-W63VXJR2F,4
TG-8L78YJSTQ,5
TG-9A1XQYNOL,3
TG-EEETKV51I,4
TG-YUQWLQ43G,4
TG-VKY1OCMMZ,5
TG-6DPAL13UE,3
TG-XYXXXK92Q,2
TG-RYPJ0OSPD,3
TG-XMQ4YSGR2,2
TG-PPLM4TLHT,3
TG-A8HGH8Y1U,3
TG-DLKRBERTQ,3
TG-WAURF1J7F,3
TG-682YGBDVM,4
TG-95S2H8WUM,5
TG-57IOYB2DI,4
TG-6AUC6YTI1,5
TG-F9VSIHYX0,3
TG-11WJ7II7C,3
TG-HJBT4IAXT,3
TG-C36SFTVEB,3
TG-2ENNWO36C,5
TG-O4YLFRTUE,2
TG-LNI5UJY7W,4
TG-ZVOEDDKXK,3
TG-J2MOTDV2B,3
TG-ZALL0MMJ4,3
TG-XEYV40OFU,3
TG-NHGT15TWN,5
TG-IF86VWIFP,4
TG-W40MA8V74,3
TG-CC5MWJEK0,3
TG-74Z40WRCV,2
TG-C7OPRGHND,3
TG-0LM0Z4ZBP,2
TG-JHUB2Y4QE,3
TG-RZOA5OXVM,5
TG-W9Y229IR7,5
TG-5124R96QR,3
TG-KVAI1Z81X,4
TG-HQ792CF2K,4
TG-HWHAHL4J5,2
TG-5JGXDCN4U,4
TG-EOVJ1SP3N,4
TG-AJZEP7EJ7,2
TG-IS144RE97,4
TG-IA0FN3JRL,3
TG-EASV3ZO3U,4
TG-IEK0XS68L,5
TG-DSP1I9Y5X,4
TG-40KEUVZU7,4
TG-EUO4VFG49,3
TG-O1R82UGT2,3
TG-KTD59FLWH,4
TG-87MTMQD5A,3
TG-3TFX0JMJE,2
TG-9JWDMRY3F,4
TG-7FV0DPXU1,2
TG-KNSIDGK5W,2
TG-K5VNGRHZV,5
TG-DNYXZ7ZDJ,2
TG-98KN17H8Q,2
TG-QE5GVHO6S,5
TG-XCKJDW3XY,4
TG-BL4PY5N8R,5
TG-DK3YP32LN,5
TG-WBWSROW6S,4
TG-64ENST1UQ,4
TG-2X9LVST2Q,3
TG-X8PRPSID8,3
TG-946GUXD9D,3
TG-1F0S6USEK,4
TG-16EN0NF7Z,2
TG-UZVREHRVA,3
TG-FSF5GQDIT,2
TG-GZMJRT073,5
TG-UBEC5IP7O,3
TG-BUIXIA5Y5,3
TG-C35KK9YI8,2
TG-U7L15CB4C,4
TG-925PR3JCQ,2
TG-PN803RYYT,3
TG-IJ1MNT7AH,5
TG-YT4ITDFUV,5
TG-XR1299KZ5,4
TG-CB84H246Y,3
TG-D04W75T0Z,4
TG-GV1UFPZJT,4
TG-0BO2WP574,3
TG-LZ0WUBCIO,4
TG-DOXYYBRAQ,3
TG-6D4UDUMMU,4
TG-Q8PM4ITMU,2
TG-CNAXFOJSO,4
TG-WUH3DV5DZ,4
TG-5S8OEWBAP,5
TG-E9069R4NY,2
TG-73TY7CRJ2,3
TG-O0EVYZ6ZH,3
TG-0I8OHTZNO,5
TG-MO2AHJC3K,3
TG-5WOHMX19T,3
TG-IKAZSU9TJ,4
TG-WZABHIZDR,1
TG-SHEDXMX40,4
TG-I18IKEUWY,1
TG-59R2C30QQ,3
TG-HM2J532BB,1
TG-9X2A2BNEU,4
TG-OGTAMF7MK,5
TG-2AVMQM3BP,1
TG-C9HL7XH6H,3
TG-WO7HC2EZN,2
TG-S2EE69GTE,3
TG-DOYFS5LXQ,4
TG-V43NJ42KD,4
TG-EN18D8UTQ,4
TG-TNTFNE2UD,5
TG-CYP6FJBYX,4
TG-PH2J3AUUF,2
TG-20T9SCF8P,2
TG-4JP2GOHI0,2
TG-PLOEBD2B6,4
TG-6ZUBTDGM7,4
TG-XGEI0XEAP,4
TG-L9A35CH9N,4
TG-OASB30J8Q,5
TG-EDEKEU4I7,4
TG-28C0QWYEL,4
TG-SXWVV07HR,4
TG-GJ2J2DZAW,3
TG-VR7C7XIJ6,3
TG-SOUG3C93U,4
TG-SY2MOYGYQ,4
TG-4YERHZV64,5
TG-BRS4MGAME,3
TG-0LVEEH36L,5
TG-5MKHVJCTP,4
TG-TFZQ6X8R4,5
TG-5HYWFQQXZ,4
TG-HVWQ4S9QU,3
TG-8CUK53B7N,2
TG-6LB8FW5OL,2
TG-9RQG4XJSY,4
TG-A0R3NTC1H,3
TG-UCSRZ3BPH,3
TG-TGC7JPXEJ,2
TG-OTJG8BP4F,3
TG-P9DTGJVX9,3
TG-H9QYCOR62,3
TG-J0FM5JRCH,2
TG-71SZ3YLJN,4
TG-SUOGTV8HN,3
TG-6QYB86HKR,3
TG-I41Z1OVRU,3
TG-Z1C01DRY2,4
TG-ZDGLSCC77,4
TG-AYKLMCJZV,5
TG-ZK0DZCAPJ,4
TG-22462RYNI,1
TG-Z5JTGWNTI,3
TG-KXVCWSN62,3
TG-L8G6A09IX,4
TG-CNLT0TZU2,3
TG-4M7P9JHD7,4
TG-7VW34FMO1,4
TG-KICP8EQFF,3
TG-7346EBN74,3
TG-EXF9NRFDF,5
TG-O9BA96SP5,1
TG-1HHXM9JGS,4
TG-SVQOQLXP3,4
TG-A5X8J9FOT,3
TG-FT77CMK8X,4
TG-MLOL0T6Y5,3
TG-9CSXCQC0L,3
TG-UDZFF54YV,3
TG-QTOCYVB9Y,2
TG-2PG2FQHTT,1
TG-L8PRYTBJ7,5
TG-A4EGCVH7S,2
TG-CWAL3H2MO,3
TG-U4Q3YEU4Z,3
TG-0B4S9UX79,3
TG-Q2AWLHK86,4
TG-GZCMPWSAP,1
TG-1QE2QO9TH,4
TG-MW9EHYM1I,1
TG-K3U6IF6VJ,4
TG-6TW12XUVW,5
TG-OZC4WK5M1,1
TG-V5KXANVC1,4
TG-TZZ5F2YB1,3
TG-3IYC8SUU8,3
TG-PXOFD0QBX,3
TG-3U9HCP0M1,5
TG-VW4RP7SF9,5
TG-3R302VINB,3
TG-G5VZ373XL,2
TG-229W1EWCN,4
TG-NHH6IR818,3
TG-YCZS110AV,2
TG-1HARTEYDZ,2
TG-P0ST7ENFL,2
TG-X6OZVH4HX,4
TG-3UNULVQNO,4
TG-8EHCYPHOB,3
TG-45WE1COXF,2
TG-ERWGZUKYQ,2
TG-H26F4MS4P,5
TG-NNPNJITBQ,4
TG-F30G6RXD4,1
TG-HCO559ZY9,3
TG-273FD60XX,5
TG-IJ2Y5QPYJ,5
TG-5WDDSJCBR,5
TG-REYHD0TBF,3
TG-1MT53Y8S3,1
TG-W4BBMRUYJ,4
TG-YV4KG7XKZ,5
TG-0WBE5P2YQ,3
TG-EO5IHU0SD,3
TG-26F2EJ9SY,3
TG-AFLUL1V4S,3
TG-4AZRXLNAV,3
TG-8RYKUNQXW,2
TG-8D0FWOVSI,4
TG-ZFFGRKR25,4
TG-EG2UV8WBE,3
TG-9VD34Z9GH,3
TG-HJENHT1I0,3
TG-TWD8G1MNK,3
TG-5AACKMLRI,5
TG-QWLEQFX3F,3
TG-XNW7JXGKP,4
TG-7DRGEN9C0,3
TG-Y07JFI85B,5
TG-F34IFHM4Z,4
TG-J3TH9KWCS,5
TG-GCOE75LQL,4
TG-GJZRLCV4O,4
TG-GPDGWGX0B,3
TG-JJ31EKYZR,4
TG-37X1LPIDU,5
TG-XGW3CAF54,5
TG-03JT6C9CJ,3
TG-D25U2B9Y7,4
TG-4DREP4GAJ,3
TG-QHCKJ2CUW,5
TG-VGZUBQVF1,4
TG-0TSZ1M3L6,2
TG-0XW49BSCE,3
TG-6S731F1N7,4
TG-CPNR4G2MY,1
TG-PKJ9QOEY7,5
TG-1P10UMJKY,3
TG-NGJ8G2NCA,3
TG-8A8O8JPMG,4
TG-Y5XMT57MG,4
TG-N62P9IQCS,4
TG-U8AJ47VE0,2
TG-KENDAO8HM,2
TG-PV7Y5EIIB,2
TG-34A8C96CP,5
TG-6Y1KMKBQ7,4
TG-PY14UV67S,3
TG-3ADSU9HTZ,3
TG-33MOM0AJI,3
TG-GR0N3JDIO,4
TG-9P4FCDZE4,3
TG-RH746X9OO,3
TG-D4TIQ4ET4,3
TG-QP8H9L7YZ,2
TG-AK6WCGH2H,2
TG-VYZ8D6YJ0,4
TG-KF63A37CE,5
TG-9DJS40OIQ,5
TG-EPY7FI1AX,2
TG-3MDDLHTCM,5
TG-AY2TSG7U9,3
TG-5WQIJVLSQ,4
TG-8S38B6N82,5
TG-90UILKGL4,3
TG-TX0HEGW4D,4
TG-07KOLO0EN,3
TG-Q44Q41W22,4
TG-YQ2HB5JFW,2
TG-ZN1MVV5PZ,3
TG-GUZCPJS76,4
TG-OC6PKCMSP,2
TG-2JQCATZVZ,2
TG-PM3ESZKTY,4
TG-2SY9Z0RUL,3
TG-2X87WMGK7,4
TG-A2F7FJUDA,3
TG-9OTD9CABL,2
TG-1BL1R7H40,3
TG-8R8ZGR7CR,5
TG-JVC1756KN,3
TG-R8SQI544R,4
TG-4Q0GS2Q6J,2
TG-LEFSS7BE7,2
TG-XVGU393W8,4
TG-C4GNCZZX8,4
TG-CLIOTMDXW,3
TG-R8NQMZ3OU,2
TG-CITL9HOI4,3
TG-W4MFSZ4OG,5
TG-X0PKMNHR9,4
TG-WU2PGVHCG,3
TG-Z4Y7F4V49,5
TG-U8QIDREAK,4
TG-PO8IY0SZG,3
TG-B644P3S6U,4
TG-91MM3OD7P,4
TG-FXU1D0X4N,2
TG-DK25SONUB,3
TG-IQMVU299Q,4
TG-CJBTJL59B,5
TG-D0TN7KHJG,5
TG-QPAV8V42A,4
TG-BJ5SMUQHL,5
TG-6AXZOKJBB,2
TG-DKP15DQN8,1
TG-2PQU7YYRA,3
TG-TMSKHJV1T,3
TG-DO87ZU2K4,4
TG-F19AGHNHO,4
TG-4ULMSLYH1,3
TG-G95O0ZOG4,4
TG-9E9ZRMZNL,2
TG-RJ5M7MKTW,3
TG-T0RM1S5LL,3
TG-OD9QQN5CY,2
TG-GZYNM10DW,5
TG-0D9OBP123,4
TG-GB727TVYZ,2
TG-29EQE11JZ,3
TG-V52HOTP20,3
TG-BBIUCV1M1,2
TG-CH4COUEIP,4
TG-O1FWIA4CE,3
TG-O28F6TQ0P,2
TG-XIHEUC5RK,5
TG-R6172WNW6,4
TG-H5W5EKTH8,5
TG-E9GMA2OY5,4
TG-BA4JJ409I,5
TG-JOJ5R05ZV,1
TG-NX6FD4GAJ,1
TG-E7CDOTHTE,4
TG-IW8CUKSAV,2
TG-7I34PFS0K,2
TG-VOKLZ7PEP,4
TG-LCSSM9ULT,3
TG-D9H0MVPXR,2
TG-F7J3GDT8D,3
TG-VMXTFVBZ3,5
TG-ENRKZ3KES,2
TG-9HTX2BEIJ,2
TG-1GHNIW9FS,4
TG-DIYXH1I3I,3
TG-SKJSMLKFC,4
TG-POGSJE6QB,4
TG-53T03XT0A,4
TG-XBDAWIJIT,2
TG-IX3UJUM70,3
TG-T09LKJ9JS,4
TG-5CKVSKXHS,5
TG-C64LLSPAQ,4
TG-0UU9NE0LW,4
TG-R9QP8C6U5,2
TG-O0SFAOC25,2
TG-PMKMKNP77,2
TG-U1B0P99AL,4
TG-QLFPBJ6EX,4
TG-117DUCRFW,4
TG-D2WHTPWXN,3
TG-2DG05PQ1L,5
TG-XBBF4ZK24,3
TG-K1ZLXPM01,4
TG-WUBDLOQR6,3
TG-DQYIWHAVZ,3
TG-0C5X6TP8Z,3
TG-UKF3KGWVB,2
TG-4QZ6SE0JT,2
TG-VPTU18BRX,3
TG-RFCNA64PV,4
TG-ATMF6ZY61,5
TG-JKO5HLK0H,4
TG-2N8E323XT,4
TG-I459Q05ZZ,3
TG-4C8JNAJ1H,3
TG-5V978P36F,5
TG-0UCM7QD3E,4
TG-W0LLAU5GE,3
TG-BUL2GYY0B,4
TG-BEPB2EMP2,4
TG-P0SM9HLG1,3
TG-EG76U83BX,3
TG-R1ZE9VTS5,3
TG-KWW00R994,5
TG-OZNINJVQY,4
TG-TUJGLU47R,3
TG-2CN2VASD2,4
TG-N00L7T2WK,5
TG-JBXTABKY8,4
TG-IC79151LC,5
TG-PKN2X0C20,3
TG-GJSNL2E9K,2
TG-6628IGYZH,2
TG-R8JBRHQRS,1
TG-ZOVGXBN0X,3
TG-4PBKS5KWF,4
TG-J598SW6E2,4
TG-3LX18EHHF,3
TG-JWXTUG2HR,3
TG-BDOBN6QXP,5
TG-4FTAFJDMH,3
TG-HTE24XMDN,4
TG-M7V6HT4R4,3
TG-TBTQZTM84,3
TG-2UWHP0BUY,5
TG-E4LQOH60P,1
TG-8T49E7SDV,3
TG-XHDBPIRSI,2
TG-DF7BCG55A,3
TG-AD9VGCJU3,3
TG-SOBPS8UDN,5
TG-UGZE9JBFC,5
TG-6526823E6,2
TG-ZKBNENVJ7,3
TG-KTC7D46GN,2
TG-JUKOEZP39,4
TG-N2TW4G4XP,4
TG-FVYM3B8VX,3
TG-VT7W79UYF,2
TG-MD0A269YA,4
TG-UL3TPY2DM,4
TG-PJKSFNGYM,4
TG-L721DPP0G,4
TG-GB5YHLF6U,4
TG-HMMUFSNU4,3
TG-GV485DOZC,5
TG-7AM66GV3L,3
TG-FMS06LD0O,3
TG-OXORB3Q32,3
TG-YJUCVF8V2,4
TG-CGOK0JTY9,5
TG-7BKHUW8ON,3
TG-40D9UEJ8C,5
TG-HSD23ZT2J,4
TG-IUXORD46B,5
TG-OBWUJLSMM,4
TG-BS5KYJX62,4
TG-GREFB717O,3
TG-4MW5JMCJ1,3
TG-8XEONKNEO,4
TG-KM2VOQQRA,3
TG-ZN48QQFXB,3
TG-G5QC02RAO,2
TG-1JIGRV8RM,4
TG-TJQVCVH2R,2
TG-ES3KNKZHE,2
TG-2CT85OP1P,4
TG-16BB33WTK,2
TG-AV50O1275,2
TG-UVYADMQCN,4
TG-E7RGVTXCR,4
TG-AYYLE5AYG,3
TG-4KBXZXKL4,3
TG-MSUSNX0ZM,3
TG-IZNOZO760,3
TG-21QCOE3CY,3
TG-UX5NFHO3F,3
TG-957N395DN,1
TG-OP8U4XMAX,1
TG-A5ROZTV7T,4
TG-05YUJFRU2,2
TG-XBP0J7D0F,5
TG-8E1B9934Z,2
TG-NKYD5HRWJ,4
TG-GZ9USEYE3,2
TG-PO65S5D8Z,1
TG-JJCA2SKBB,1
TG-A579I2P3E,3
TG-JUXYIK403,5
TG-QL1JRUAM4,2
TG-6KSSGETB5,4
TG-U2ZG7QZBF,1
TG-263BRUMBA,2
TG-XOCC4HFPG,3
TG-0O7O6HURE,5
TG-NJ5DIZC5Z,3
TG-040E4U68B,3
TG-2LFEVB1YK,3
TG-H791R8XE7,4
TG-S5CLPY8T7,3
TG-X3YX79MAV,5
TG-DBS3S327C,4
TG-Q7WZM2YV1,2
TG-NPMASZUG4,5
TG-FDXDLAQ2F,3
TG-4XB13BPYW,5
TG-MOKW9NDDE,3
TG-5O8VF3UPQ,4
TG-V7DTI9Q17,4
TG-RFYS73P6J,3
TG-ZH8807PQ1,5
TG-WJGS125KG,5
TG-MD43IVJVF,4
TG-HW0WTN549,5
TG-UN6BUPKDT,2
TG-U2AK2N9B7,4
TG-KKRGIGU40,5
TG-9P0KIUCBM,2
TG-74AFVOD0Y,5
TG-QX6HABWIB,2
TG-ANXZTY18N,5
TG-YTR7YLUVP,5
TG-I2VDZPGRN,2
TG-VOYSMZBLH,3
TG-4UY4P5XFP,5
TG-5GRVXLXZ6,4
TG-HZU2BGQCI,4
TG-2FGUMQDNB,3
TG-NDG360LSD,2
TG-EPUWHE65I,3
TG-IILZR85JF,5
TG-B8QCIDA3L,3
TG-XAHQTVIC8,4
TG-9KXADX7QC,3
TG-76K8XEO3Z,3
TG-BH2X24U9F,4
TG-HIL43OTWM,3
TG-BI5LJCUG2,3
TG-YON986GKR,3
TG-7TXTCPQ9Q,4
TG-4TC4CK9CB,4
TG-H0SOGM3LI,4
TG-KVBJP5MEU,4
TG-NQ1CI34CO,4
TG-CR0MXAE9M,3
TG-SB8BZ3DH6,3
TG-DUCVDXPSV,5
TG-BPH5MMM0W,4
TG-2G4KYES48,4
TG-FFC8NJ2EU,4
TG-3MTDPD6LN,2
TG-IJOYPFJ2O,4
TG-82APAD05Y,2
TG-ZKVM3D8SA,4
TG-TG8H56V72,5
TG-F1RWVI8PU,3
TG-UUHGVKBG8,4
TG-KM40ZOEHH,2
TG-HYG1W9MEL,3
TG-3KGE9K4L5,3
TG-LIE7EF3AE,2
TG-R5T4M3I1L,3
TG-6IBPL1CVX,1
TG-NGLBCHQE0,3
TG-FOPIYEC4V,5
TG-CP3HE779S,5
TG-T3FYPWYFW,2
TG-6QW1AFPDY,3
TG-4MMBRQAZ8,5
TG-8ZHTE48FG,2
TG-YP4891X3U,4
TG-TAI3O9094,4
TG-SYNJZD4BF,2
TG-XX7QFU6S2,3
TG-STB36K471,4
TG-7SII1FEG5,3
TG-LALDWLTR2,3
TG-WRQC1VWY0,4
TG-BVHGHNKUU,5
TG-ZCK6OBZCR,3
TG-312367DST,4
TG-S43ICYK30,3
TG-GO321FCL6,5
TG-DKTBGW94P,5
TG-LDBX3BLDB,3
TG-KOX9YX9BU,3
TG-QURHPOJOF,3
TG-4EVNS1WXV,3
TG-XAELBVDV3,4
TG-6JE9PXJ0X,4
TG-GUAGTD9ZC,3
TG-Z2W9IX4QV,5
TG-AX21AKJ0C,2
TG-VPGGVYQQR,2
TG-52CDNWYTV,5
TG-UG7EBW0PO,5
TG-9C7W3YYJE,3
TG-ILN26DU0A,5
TG-GCI7LXVDE,5
TG-I5KDFV1D0,3
TG-NWV114XKS,4
TG-8UZ8XD13U,2
TG-GPLJEBIE1,2
TG-2JQMAMFGE,5
TG-MV7QQGZ23,4
TG-SFLE5FNYM,2
TG-KUB52V3HD,3
TG-VTAWLYQGI,5
TG-Q47QIWHD4,5
TG-GB6GIY2W9,4
TG-N7YGNH1LO,4
TG-6JEKZT8JW,4
TG-EZVOIOFZC,2
TG-GH1NM2NGW,4
TG-1VIYYN8MW,4
TG-R24AQL9A4,3
TG-0JBFKBAOA,1
TG-RAKFKURHZ,3
TG-IH4FJ6OW2,4
TG-Z8BY7RS2G,3
TG-ZOH5P40YU,5
TG-XKFKCKG40,3
TG-0R325HOK9,3
TG-OFDM6STS1,1
TG-UIHSE691D,4
TG-0D0B5H153,5
TG-0Z6CEKQD9,3
TG-Q8F5Y9J0G,3
TG-A928ZRE80,3
TG-PR3JY27MT,2
TG-3DO233N41,4
TG-SQ0U9EZKJ,3
TG-6PEERM2DW,4
TG-GDFYTD9NA,5
TG-773BXE6WU,4
TG-DXZL2V1BT,4
TG-GMWD40UQC,3
TG-BXNLEDT43,1
TG-0M09HEB9R,2
TG-W4TNK3UBH,4
TG-GVBA99DO0,3
TG-0IQBO8H77,3
TG-WW5CE8S5V,3
TG-E17OBYJ9Y,5
TG-J9DLLNMR3,4
TG-VFU14BOMN,3
TG-EUQLLPJA6,2
TG-TAUOR87CZ,5
TG-KLVGNWRAH,4
TG-059BYGMWV,4
TG-54VK75JED,4
TG-6PXUG0MN9,3
TG-TVUJLO8VO,3
TG-D7605UNEH,4
TG-F21R3NNGK,4
TG-2MCPOIQFE,2
TG-OQAM529LI,4
TG-OROZL4LUM,2
TG-29VXPZO7B,3
TG-1JGH7VZHD,3
TG-8TZIQT9X4,3
TG-981FFIK2A,3
TG-DB6RITPF5,4
TG-XWFU32W6C,3
TG-J9WZ704J9,5
TG-PCG4G5D0X,4
TG-8LM8PTUG8,3
TG-S1HJTLTZR,3
TG-7IXLMLJJZ,5
TG-3Q2GEYCZU,3
TG-HSN0MLEQF,5
TG-4URSVKPLP,4
TG-JESPJAYC1,2
TG-C8TDQ9S1H,3
TG-9SI97LECN,2
TG-HCD3ECJCV,4
TG-ZSTIV51BE,4
TG-Z5TWQO943,3
TG-OQTTA7QX3,3
TG-YVSDGJ0LS,4
TG-7H3B0HETY,5
TG-2W4WULDGB,3
TG-6HZ1R7JE0,3
TG-QASO610V8,5
TG-B2JEONE30,2
TG-KX8B981UC,3
TG-QJD0RFLID,3
TG-IJMRYJIP0,3
TG-M8VHH9PWZ,2
TG-4SGQ0DYNY,4
TG-VLHOO9I1V,4
TG-A7JKOAAT7,3
TG-HEMEMXMO1,3
TG-6ORU7K1B2,3
TG-YTCXVMJ3H,5
TG-DY0K2P6HB,4
TG-PSZ5ZQXQE,3
TG-IP9W056WU,5
TG-NKRR05G9T,1
TG-XVUK823TB,2
TG-BXE5812B6,3
TG-5EF0JFMKY,3
TG-CHCRHQ19Y,3
TG-A8LEJ0FAS,3
TG-HGR40VQZZ,5
TG-75PK2NXB2,4
TG-GZ6R4FG4O,2
TG-A132C05IQ,4
TG-TTNS7CVNP,2
TG-RA824TCB7,3
TG-QAHO103FI,3
TG-LLGNZROIP,5
TG-JY3KX35EI,4
TG-BMLL3UVAB,3
TG-97EPAZ7DI,4
TG-EWLF9JUMV,2
TG-0FO2EA0YE,4
TG-CH0TBK7G0,3
TG-UYYVTYMXY,2
TG-NG13YQPHG,4
TG-CAVLVY92K,5
TG-Q7KBBD0CM,2
TG-X6METTDLA,3
TG-8Q2UAT21W,4
TG-MH7U3SSJJ,3
TG-YB2X0ECQF,4
TG-OWR93PY9S,4
TG-0PM2LA3NO,5
TG-YHICVRXIJ,4
TG-LDTJGS0I8,5
TG-95MFIJMS2,4
TG-G1KLALEV8,2
TG-1K8CC1Z90,3
TG-25SHTXIOE,4
TG-33YVON0K9,4
TG-ZCLRNHGBY,3
TG-9ZZO6BTNI,5
TG-X1AM5HW5M,3
TG-X6ISE0ULB,4
TG-DYE6AZHL9,1
TG-C91Q2VG24,5
TG-2F3GOGE2P,4
TG-82LX80MP0,3
TG-L1XYMEZRV,3
TG-6FXFGHKD8,3
TG-MCGQYW27G,3
TG-WELXU83AY,4
TG-9BGMW1110,4
TG-4T9ZSIISR,3
TG-FXVAQYC9P,5
TG-1XVNVPKO8,3
TG-UZQJ6T3AM,4
TG-OTXP1JINJ,4
TG-LUBS33H90,5
TG-HJ4JO7PL0,3
TG-P313FJ1ZG,1
TG-JP3J5VC0J,3
TG-ZQSKMN00F,3
TG-GRRIIS9UR,4
TG-5G3V7OVMN,2
TG-WEV59D2Q6,5
TG-CZK6VUMG7,4
TG-PNLP9J6W3,2
TG-TYGLEP36V,2
TG-Q5F3K0V02,4
TG-M9VRJK7WE,2
TG-QQM0W4IOR,3
TG-7L7PF8L75,2
TG-3Y9A7C39S,2
TG-HUZDQDW8R,2
TG-NYQQZ1MWC,2
TG-7PK96EZTQ,3
TG-GNLRFT2MQ,5
TG-JPVQVUE4P,2
TG-WXBK2MBKN,4
TG-HGSHEQ71N,5
TG-KCER2FWKT,4
TG-PQSJG66S9,4
TG-COZLT8BYZ,4
TG-IALX4DTWF,4
TG-TIFVGKAWF,3
TG-I308N5FHK,5
TG-SYEAWLWIM,4
TG-5F80K2MN5,3
TG-OVOHSFWDI,4
TG-G63HXM7CW,3
TG-ISCJFAFBW,3
TG-DUZT8ZH2U,2
TG-OB1RV7VWU,3
TG-NBDJ26JQQ,3
TG-XEMFWBDOB,4
TG-N1SV7HQI6,4
TG-NV6GVT3ED,3
TG-EQX44MVLV,3
TG-T147W2LBR,3
TG-6XH2YSB63,1
TG-UF580IMTT,4
TG-H15KNPN5H,1
TG-PF25RWSIU,4
TG-N4QEGJS68,3
TG-FTKGV5MDR,3
TG-TZND11TPY,2
TG-G08SD1VHK,3
TG-ISXWGN9SW,5
TG-V2IEB86GS,4
TG-9TEWKV8UV,5
TG-MFLOWNY2D,5
TG-2QVGYQ2B5,4
TG-1WTIVZM33,5
TG-BERJ1DHDZ,2
TG-MQH216CB8,3
TG-J87YMFZ0C,4
TG-JS1OJ04SB,4
TG-BHW1VPKBK,3
TG-VVO60IIVC,3
TG-CI4E6U1Z8,3
TG-89S86T3VB,2
TG-JKCSMS48A,4
TG-PRKTKOR0Y,2
TG-PBY5ALSU3,3
TG-0G5M9DXBS,5
TG-KTX434UCD,5
TG-21SYJHB78,4
TG-VTKGO9FE1,2
TG-D47QUC5P2,3
TG-P4KU5ZZ0V,3
TG-B8ZW4A2DT,4
TG-P6KW592L1,4
TG-YFCWY91WM,3
TG-IGRNIBZL9,3
TG-9CZRUOB2B,4
TG-1OGA34J39,4
TG-JH631U7EE,4
TG-773DE0JZJ,4
TG-OFF44C8LR,4
TG-CB57VXMDY,4
TG-2PL6KRKIB,3
TG-TP23PFN2Y,4
TG-OYADOAUA3,3
TG-Z66X9OGY3,3
TG-B9CLTE5T3,3
TG-4Y4B5SA15,3
TG-ZZC0BA39Q,5
TG-WM5VE4ZR9,3
TG-9518D1OK2,2
TG-I7UAYO4YB,3
TG-VZMWAZE6M,3
TG-A4G116FL4,2
TG-TK3L9MURD,2
TG-AB6HRX4Q5,5
TG-251UE6640,3
TG-TZBKL9XRV,5
TG-MEZ8V0F3Z,4
TG-1IJJPEXNJ,2
TG-T010C9P8V,3
TG-KJQPOGQM4,3
TG-I6BCNBUN0,3
TG-EM37PPAXA,3
TG-9J848PKWT,2
TG-G0GFV6CC4,1
TG-HPTJFE81G,3
TG-D51QQX8PR,3
TG-X4RCIU89O,3
TG-G2I5OTNZK,3
TG-LZMSIK0MX,2
TG-OGMV9MKES,3
TG-M4YGJXKER,3
TG-WXH1ECBBA,3
TG-8XC2E85AU,2
TG-0IRYFVP0V,5
TG-D3W33G3S6,5
TG-PSHVIN6TM,2
TG-OA7XRWWSE,2
TG-AQ40UQRBF,5
TG-6XUROBIVI,5
TG-CYYNB5A4Y,1
TG-GKSEYCFVF,2
TG-KUA32H8JR,4
TG-BBX4UIGGZ,3
TG-JOH5P34VG,4
TG-DTB1X19DT,5
TG-ZXZVM574G,4
TG-RVK4MEO09,4
TG-R642OXAIG,3
TG-6AHR2ACGW,2
TG-DMVKN3V4W,3
TG-LPIELHK9S,2
TG-ATMNB7GFU,5
TG-637ZKVZR3,3
TG-BEWLKS4N5,2
TG-MQK7YABAW,3
TG-EKU662GDO,3
TG-CDB11355Q,3
TG-50C38ATI3,2
TG-GYZI7G2AH,4
TG-1RLKYGXW3,3
TG-SGJ9KZXMB,4
TG-FRE1O418Y,2
TG-LRFR9QP85,2
TG-WH8AVS3NE,5
TG-KKXRDPD16,4
TG-0EFZV9SYS,3
TG-WJRT8N552,3
TG-91ISKSLG7,2
TG-87RI37V0X,5
TG-GI9ANWOUU,2
TG-T49SV9O1J,4
TG-WOUEK26KB,4
TG-7SIYW4LSV,4
TG-DH1PHO8DZ,3
TG-8MGK6WKNU,3
TG-REDU1CVPY,3
TG-RJOPEFQ94,2
TG-PPH864T9H,2
TG-CRBNFX0G8,2
TG-CPN3TWO3A,3
TG-QSHF0OKPC,3
TG-DI5XGABTA,4
TG-YVS6A080F,5
TG-CS336NFSN,4
TG-W3XIAL0O0,3
TG-JMSG2C3AW,4
TG-2DJTNFBE9,3
TG-7G40L4YKQ,3
TG-ZAEMYQXJZ,3
TG-EUTLEZIQ9,2
TG-3TE6F1XCS,5
TG-DPUDEW32D,5
TG-886EWNUSS,3
TG-5P7GTYDKC,4
TG-YL90EHN8F,5
TG-55V1NVM3N,2
TG-XWEYCRPRH,4
TG-QQKFWPOR1,4
TG-PVUNKBNWV,5
TG-ZPZ0VV5DP,4
TG-LHR6MQ8Q9,3
TG-41BWSUHFY,2
TG-4OLTN0E85,2
TG-JBA48L4S9,3
TG-16G0L0AU6,3
TG-WH2Z39ZIX,3
TG-X51KM78K1,4
TG-PC7EM05QZ,2
TG-QR1YDRHD3,4
TG-05CX40X4Q,5
TG-OXR182I90,3
TG-ZWNIU3X0G,3
TG-PDGNC3N78,5
TG-R585FUASB,3
TG-KKRXPKSLM,3
TG-ZNW5LFL0X,4
TG-QDYPROUX5,4
TG-TU10UMS26,1
TG-XVOAKOEJA,3
TG-PHHMCGH1T,3
TG-KJLKMP26W,2
TG-NJ6PWDWZN,5
TG-SBC0ZRNF6,4
TG-VZCLVLFF5,4
TG-FCTHZHGLD,3
TG-5CGYYOH8D,2
TG-QWAOAQ1FA,3
TG-VEIS2JJC9,5
TG-9LJAV525F,4
TG-Q13ZELKP3,4
TG-7DV4UBK19,3
TG-2IZYRUV72,4
TG-UOSKT35B3,4
TG-84MGYETPE,3
TG-Z9MMSK7E7,4
TG-7KY9EX25B,5
TG-OBV9I133U,2
TG-CSI8S5RS2,4
TG-Q4R5XSR0O,5
TG-VU40R78Y2,5
TG-UQ09RK291,3
TG-LUZ1RPZ7G,3
TG-QSTGFNWKQ,3
TG-IFO062BSE,3
TG-8ZQXBR00Y,3
TG-TWVM0WHGQ,3
TG-L5VX3BOKR,3
TG-2K0RC87IM,3
TG-OFFUV0VXN,3
TG-N0OMYFWF6,4
TG-HIQ6KMOOK,2
TG-CYI3BN2BO,3
TG-0WH6743BL,3
TG-8UCSTJP2V,4
TG-KA3Z6C75X,3
TG-JKSPTHSPG,3
TG-U85J3E3OA,1
TG-RGYQKX3D0,4
TG-NARY41E27,4
TG-1RO8R8ILY,4
TG-8NLU1IY2W,5
TG-HDHDB8SIA,3
TG-A590J51FO,2
TG-ITE2EMTGP,3
TG-UV6048ZE1,4
TG-SMACW7P64,3
TG-X69FQYYAL,3
TG-BV7285FBN,5
TG-2Y615DSQK,3
TG-SMEEZCYUJ,2
TG-HFXXMGI70,4
TG-HGBM0U8B2,3
TG-96BP8QAQO,5
TG-5AJ9IZMWO,5
TG-NC8BX1OU2,3
TG-LMAJGU5XF,2
TG-UX72AN065,4
TG-W9IYHWJSA,2
TG-O9TRPSAMV,4
TG-L2QG5CURT,4
TG-WM07AVDXA,1
TG-NLXRMHHQ9,3
TG-9WYA75X7D,4
TG-6Q3BAQ09A,1
TG-UR5IF5J3V,4
TG-ATX6W2JSJ,2
TG-0FMPIBU5W,4
TG-KODWO6KNC,2
TG-03FWCKVO2,5
TG-BDY51KG00,3
TG-OAFZ9Z9T1,5
TG-FBSTRWKZ9,4
TG-O6OT3VUOF,4
TG-DXGJMAHYJ,2
TG-RYA9HUKQW,3
TG-L91EZM6P7,4
TG-72ZR0LDJK,2
TG-84XOZVDB0,4
TG-53KEVPQQO,5
TG-8DL2071O2,2
TG-QTBKYPD09,3
TG-DXQAAG4HL,1
TG-VY4NGI2U2,4
TG-4EADYXZVO,3
TG-FOFTODG8G,5
TG-SQUGSDRGT,1
TG-C7Q3R7C8E,2
TG-NDNGS9FW1,5
TG-0WBBHBMM1,4
TG-JMOQANPH7,1
TG-IHVPLRGFF,3
TG-Y9RPAET2Z,3
TG-GA0L0C43Y,3
TG-W1P2XO4Q0,3
TG-84X6DFCS4,1
TG-O9JROXRXS,4
TG-LY4D9SUON,4
TG-BGGU8M7CS,4
TG-TAZ9HO5FQ,4
TG-OV3A2LBBD,5
TG-Q1C9J2XZM,4
TG-QLMHLYPTJ,3
TG-P3WIVBPPO,4
TG-48P2UTAEP,3
TG-I86G6BMFP,3
TG-9AV8WIWA6,1
TG-AU252KH9C,3
TG-T294V576G,4
TG-KE74G8ZFP,3
TG-XE5KUXN5R,3
TG-RARNRQ0WO,2
TG-ZNIZVEQ37,3
TG-KWTS42UEN,3
TG-7QKH9R9YW,2
TG-4EBMWU3VG,3
TG-6M6IBXNET,4
TG-L4H9DPQ2D,4
TG-DR5CF380S,4
TG-MN120L44H,3
TG-NU3S2UF35,4
TG-CVC9CBU67,4
TG-X1TC8A5CF,3
TG-4QXSIDQTO,3
TG-UE79I0YB7,4
TG-DJTSC9QVK,4
TG-P0Q6YTWYC,4
TG-Q12D3TPGP,3
TG-LVCS1W6O9,3
TG-800I5DZDU,4
TG-WHE1CA0EE,3
TG-DEFNK9YXL,1
TG-X6NS3YP86,2
TG-K7S2SMC5T,5
TG-TKT6MQKC3,3
TG-W8MYQMTKJ,2
TG-DW0UX6P5X,4
TG-9GC5EJMV2,2
TG-9FW3XLYOX,5
TG-E8JF03W1I,3
TG-Y8MBXK8FL,3
TG-DJQU5MON8,4
TG-CR4232FSJ,3
TG-HIQB54W5W,3
TG-UDERS0J42,2
TG-40YEWS09C,2
TG-7XO7V2F15,4
TG-7HUNVG0EI,4
TG-HMKWTCHDY,3
TG-QTSFK7LEG,5
TG-AWF6U4NK3,2
TG-N30U0XVCI,4
TG-XQMOFX1BB,3
TG-P09YLE0MT,3
